
     Program BANDS v.7.4.1 starts on 22Jul2026 at  0:42:50 

     This program is part of the open-source Quantum ESPRESSO suite
     for quantum simulation of materials; please cite
         "P. Giannozzi et al., J. Phys.:Condens. Matter 21 395502 (2009);
         "P. Giannozzi et al., J. Phys.:Condens. Matter 29 465901 (2017);
         "P. Giannozzi et al., J. Chem. Phys. 152 154105 (2020);
          URL http://www.quantum-espresso.org", 
     in publications or presentations arising from this work. More details at
     http://www.quantum-espresso.org/quote

     Parallel version (MPI), running on    12 processors

     MPI processes distributed on     1 nodes
     R & G space division:  proc/nbgrp/npool/nimage =      12
     20517 MiB available memory on the printing compute node when the environment starts


     Reading xml data from directory:

     ./out/Bulk-ZnSe-Wurtzite-PBESOL.save/
     file Zn.pbe-dnl-rrkjus_psl.1.0.0.UPF: wavefunction(s)  3D renormalized

     IMPORTANT: XC functional enforced from input :
     Exchange-correlation= PBESOL
                           (   1   4  10   8   0   0   0)
     Any further DFT definition will be discarded
     Please, verify this is what you really want


     Parallelization info
     --------------------
     sticks:   dense  smooth     PW     G-vecs:    dense   smooth      PW
     Min         191      63     16                12211     2360     304
     Max         192      65     17                12216     2363     309
     Sum        2299     769    199               146573    28327    3693

     Using Slab Decomposition

     Reading collected, re-writing distributed wavefunctions
     high-symmetry point: -0.1155-0.0000 0.0000   x coordinate   0.0000
     high-symmetry point:  0.0000 0.0000 0.0000   x coordinate   0.1155
     high-symmetry point:  0.1155 0.0000 0.0000   x coordinate   0.2309

     Plottable bands (eV) written to file ./dat/Bulk-ZnSe-Wurtzite-PBESOL-Bands.dat.gnu
     Bands written to file ./dat/Bulk-ZnSe-Wurtzite-PBESOL-Bands.dat

 **************************************************************************

                    xk=(  -0.11547,  -0.00000,   0.00000  )

     point group C_s (m)    
     there are  2 classes
     the character table:

       E     s    
A'     1.00  1.00
A''    1.00 -1.00

     the symmetry operations in each class and the name of the first element:

     E        1
                                                                 
     s        2
                                                                 

     Band symmetry, C_s (m)     point group:

     e(  1 -  2) =    -39.37251  eV     2   --> A'             
     e(  1 -  2) =    -39.37251  eV     2   --> A''            
     e(  3 -  4) =    -39.37100  eV     2   --> A'             
     e(  3 -  4) =    -39.37100  eV     2   --> A''            
     e(  5 -  5) =    -39.37068  eV     1   -->   ?
     e(  6 -  6) =    -39.37049  eV     1   --> A''            
     e(  7 -  7) =    -39.36536  eV     1   --> A'             
     e(  8 -  8) =    -39.36516  eV     1   --> A''            
     e(  9 -  9) =    -39.36464  eV     1   --> A''            
     e( 10 - 10) =    -39.36446  eV     1   --> A'             
     e( 11 - 11) =    -24.13814  eV     1   --> A''            
     e( 12 - 12) =    -24.13367  eV     1   --> A'             
     e( 13 - 13) =    -24.12448  eV     1   --> A''            
     e( 14 - 14) =    -24.07678  eV     1   --> A''            
     e( 15 - 15) =    -24.07369  eV     1   --> A'             
     e( 16 - 16) =    -24.05902  eV     1   --> A'             
     e( 17 - 17) =    -24.05848  eV     1   --> A''            
     e( 18 - 18) =    -24.05485  eV     1   --> A'             
     e( 19 - 19) =    -24.04103  eV     1   --> A'             
     e( 20 - 20) =    -24.03455  eV     1   --> A''            
     e( 21 - 21) =     -6.36503  eV     1   --> A'             
     e( 22 - 22) =     -5.22693  eV     1   --> A''            
     e( 23 - 23) =      1.15084  eV     1   --> A''            
     e( 24 - 24) =      4.67647  eV     1   --> A''            
     e( 25 - 25) =      5.02016  eV     1   --> A'             
     e( 26 - 26) =      5.38364  eV     1   --> A'             
     e( 27 - 27) =      5.86697  eV     1   --> A'             
     e( 28 - 28) =      5.92570  eV     1   --> A''            
     e( 29 - 29) =      9.07652  eV     1   --> A'             
     e( 30 - 30) =      9.85332  eV     1   --> A''            
     e( 31 - 31) =     12.29566  eV     1   --> A'             
     e( 32 - 32) =     12.83051  eV     1   --> A''            
     e( 33 - 33) =     13.12952  eV     1   --> A'             
     e( 34 - 34) =     13.86601  eV     1   --> A''            
     e( 35 - 35) =     14.40130  eV     1   --> A'             
     e( 36 - 36) =     15.49369  eV     1   --> A''            
     e( 37 - 37) =     15.68453  eV     1   --> A'             
     e( 38 - 38) =     16.43049  eV     1   --> A''            
     e( 39 - 39) =     17.46746  eV     1   --> A'             
     e( 40 - 40) =     18.38987  eV     1   --> A'             
     e( 41 - 41) =     19.00506  eV     1   --> A''            
     e( 42 - 42) =     19.42601  eV     1   --> A'             
     e( 43 - 43) =     19.65778  eV     1   --> A''            
     e( 44 - 44) =     21.32909  eV     1   --> A''            
     e( 45 - 45) =     22.86156  eV     1   --> A''            

 **************************************************************************

 **************************************************************************

                    xk=(  -0.11432,  -0.00000,   0.00000  )

     Band symmetry, C_s (m)     point group:

     e(  1 -  2) =    -39.37251  eV     2   --> A'             
     e(  1 -  2) =    -39.37251  eV     2   --> A''            
     e(  3 -  4) =    -39.37100  eV     2   --> A'             
     e(  3 -  4) =    -39.37100  eV     2   --> A''            
     e(  5 -  5) =    -39.37068  eV     1   -->   ?
     e(  6 -  6) =    -39.37048  eV     1   --> A''            
     e(  7 -  7) =    -39.36536  eV     1   --> A'             
     e(  8 -  8) =    -39.36516  eV     1   --> A''            
     e(  9 -  9) =    -39.36464  eV     1   --> A''            
     e( 10 - 10) =    -39.36446  eV     1   --> A'             
     e( 11 - 11) =    -24.13817  eV     1   --> A''            
     e( 12 - 12) =    -24.13351  eV     1   --> A'             
     e( 13 - 13) =    -24.12450  eV     1   --> A''            
     e( 14 - 14) =    -24.07680  eV     1   --> A''            
     e( 15 - 15) =    -24.07376  eV     1   --> A'             
     e( 16 - 16) =    -24.05893  eV     1   --> A'             
     e( 17 - 17) =    -24.05840  eV     1   --> A''            
     e( 18 - 18) =    -24.05494  eV     1   --> A'             
     e( 19 - 19) =    -24.04097  eV     1   --> A'             
     e( 20 - 20) =    -24.03459  eV     1   --> A''            
     e( 21 - 21) =     -6.36654  eV     1   --> A'             
     e( 22 - 22) =     -5.22785  eV     1   --> A''            
     e( 23 - 23) =      1.14927  eV     1   --> A''            
     e( 24 - 24) =      4.68555  eV     1   --> A''            
     e( 25 - 25) =      5.02512  eV     1   --> A'             
     e( 26 - 26) =      5.39245  eV     1   --> A'             
     e( 27 - 27) =      5.86858  eV     1   --> A'             
     e( 28 - 28) =      5.92764  eV     1   --> A''            
     e( 29 - 29) =      9.06715  eV     1   --> A'             
     e( 30 - 30) =      9.84446  eV     1   --> A''            
     e( 31 - 31) =     12.30085  eV     1   --> A'             
     e( 32 - 32) =     12.82754  eV     1   --> A''            
     e( 33 - 33) =     13.12616  eV     1   --> A'             
     e( 34 - 34) =     13.86889  eV     1   --> A''            
     e( 35 - 35) =     14.39501  eV     1   --> A'             
     e( 36 - 36) =     15.50214  eV     1   --> A''            
     e( 37 - 37) =     15.69362  eV     1   --> A'             
     e( 38 - 38) =     16.43104  eV     1   --> A''            
     e( 39 - 39) =     17.45408  eV     1   --> A'             
     e( 40 - 40) =     18.38436  eV     1   --> A'             
     e( 41 - 41) =     18.99886  eV     1   --> A''            
     e( 42 - 42) =     19.40972  eV     1   --> A'             
     e( 43 - 43) =     19.64464  eV     1   --> A''            
     e( 44 - 44) =     21.33170  eV     1   --> A''            
     e( 45 - 45) =     22.87425  eV     1   --> A''            

 **************************************************************************

 **************************************************************************

                    xk=(  -0.11316,  -0.00000,   0.00000  )

     Band symmetry, C_s (m)     point group:

     e(  1 -  2) =    -39.37251  eV     2   --> A'             
     e(  1 -  2) =    -39.37251  eV     2   --> A''            
     e(  3 -  4) =    -39.37100  eV     2   --> A'             
     e(  3 -  4) =    -39.37100  eV     2   --> A''            
     e(  5 -  5) =    -39.37068  eV     1   -->   ?
     e(  6 -  6) =    -39.37048  eV     1   --> A''            
     e(  7 -  7) =    -39.36536  eV     1   --> A'             
     e(  8 -  8) =    -39.36516  eV     1   --> A''            
     e(  9 -  9) =    -39.36463  eV     1   --> A''            
     e( 10 - 10) =    -39.36446  eV     1   --> A'             
     e( 11 - 11) =    -24.13821  eV     1   --> A''            
     e( 12 - 12) =    -24.13336  eV     1   --> A'             
     e( 13 - 13) =    -24.12452  eV     1   --> A''            
     e( 14 - 14) =    -24.07682  eV     1   --> A''            
     e( 15 - 15) =    -24.07383  eV     1   --> A'             
     e( 16 - 16) =    -24.05885  eV     1   --> A'             
     e( 17 - 17) =    -24.05833  eV     1   --> A''            
     e( 18 - 18) =    -24.05502  eV     1   --> A'             
     e( 19 - 19) =    -24.04091  eV     1   --> A'             
     e( 20 - 20) =    -24.03463  eV     1   --> A''            
     e( 21 - 21) =     -6.36805  eV     1   --> A'             
     e( 22 - 22) =     -5.22876  eV     1   --> A''            
     e( 23 - 23) =      1.14772  eV     1   --> A''            
     e( 24 - 24) =      4.69459  eV     1   --> A''            
     e( 25 - 25) =      5.02998  eV     1   --> A'             
     e( 26 - 26) =      5.40130  eV     1   --> A'             
     e( 27 - 27) =      5.87016  eV     1   --> A'             
     e( 28 - 28) =      5.92956  eV     1   --> A''            
     e( 29 - 29) =      9.05780  eV     1   --> A'             
     e( 30 - 30) =      9.83562  eV     1   --> A''            
     e( 31 - 31) =     12.30604  eV     1   --> A'             
     e( 32 - 32) =     12.82456  eV     1   --> A''            
     e( 33 - 33) =     13.12282  eV     1   --> A'             
     e( 34 - 34) =     13.87179  eV     1   --> A''            
     e( 35 - 35) =     14.38877  eV     1   --> A'             
     e( 36 - 36) =     15.51060  eV     1   --> A''            
     e( 37 - 37) =     15.70276  eV     1   --> A'             
     e( 38 - 38) =     16.43161  eV     1   --> A''            
     e( 39 - 39) =     17.44073  eV     1   --> A'             
     e( 40 - 40) =     18.37887  eV     1   --> A'             
     e( 41 - 41) =     18.99262  eV     1   --> A''            
     e( 42 - 42) =     19.39352  eV     1   --> A'             
     e( 43 - 43) =     19.63155  eV     1   --> A''            
     e( 44 - 44) =     21.33437  eV     1   --> A''            
     e( 45 - 45) =     22.88699  eV     1   --> A''            

 **************************************************************************

 **************************************************************************

                    xk=(  -0.11201,  -0.00000,   0.00000  )

     Band symmetry, C_s (m)     point group:

     e(  1 -  2) =    -39.37251  eV     2   --> A'             
     e(  1 -  2) =    -39.37251  eV     2   --> A''            
     e(  3 -  4) =    -39.37100  eV     2   --> A'             
     e(  3 -  4) =    -39.37100  eV     2   --> A''            
     e(  5 -  5) =    -39.37068  eV     1   -->   ?
     e(  6 -  6) =    -39.37048  eV     1   --> A''            
     e(  7 -  7) =    -39.36536  eV     1   --> A'             
     e(  8 -  8) =    -39.36516  eV     1   --> A''            
     e(  9 -  9) =    -39.36463  eV     1   --> A''            
     e( 10 - 10) =    -39.36446  eV     1   --> A'             
     e( 11 - 11) =    -24.13825  eV     1   --> A''            
     e( 12 - 12) =    -24.13320  eV     1   --> A'             
     e( 13 - 13) =    -24.12454  eV     1   --> A''            
     e( 14 - 14) =    -24.07684  eV     1   --> A''            
     e( 15 - 15) =    -24.07390  eV     1   --> A'             
     e( 16 - 16) =    -24.05877  eV     1   --> A'             
     e( 17 - 17) =    -24.05825  eV     1   --> A''            
     e( 18 - 18) =    -24.05510  eV     1   --> A'             
     e( 19 - 19) =    -24.04086  eV     1   --> A'             
     e( 20 - 20) =    -24.03467  eV     1   --> A''            
     e( 21 - 21) =     -6.36953  eV     1   --> A'             
     e( 22 - 22) =     -5.22967  eV     1   --> A''            
     e( 23 - 23) =      1.14619  eV     1   --> A''            
     e( 24 - 24) =      4.70358  eV     1   --> A''            
     e( 25 - 25) =      5.03473  eV     1   --> A'             
     e( 26 - 26) =      5.41019  eV     1   --> A'             
     e( 27 - 27) =      5.87174  eV     1   --> A'             
     e( 28 - 28) =      5.93146  eV     1   --> A''            
     e( 29 - 29) =      9.04847  eV     1   --> A'             
     e( 30 - 30) =      9.82682  eV     1   --> A''            
     e( 31 - 31) =     12.31123  eV     1   --> A'             
     e( 32 - 32) =     12.82158  eV     1   --> A''            
     e( 33 - 33) =     13.11950  eV     1   --> A'             
     e( 34 - 34) =     13.87470  eV     1   --> A''            
     e( 35 - 35) =     14.38259  eV     1   --> A'             
     e( 36 - 36) =     15.51907  eV     1   --> A''            
     e( 37 - 37) =     15.71195  eV     1   --> A'             
     e( 38 - 38) =     16.43219  eV     1   --> A''            
     e( 39 - 39) =     17.42744  eV     1   --> A'             
     e( 40 - 40) =     18.37342  eV     1   --> A'             
     e( 41 - 41) =     18.98633  eV     1   --> A''            
     e( 42 - 42) =     19.37743  eV     1   --> A'             
     e( 43 - 43) =     19.61852  eV     1   --> A''            
     e( 44 - 44) =     21.33711  eV     1   --> A''            
     e( 45 - 45) =     22.89975  eV     1   --> A''            

 **************************************************************************

 **************************************************************************

                    xk=(  -0.11085,  -0.00000,   0.00000  )

     Band symmetry, C_s (m)     point group:

     e(  1 -  1) =    -39.37250  eV     1   -->   ?
     e(  2 -  2) =    -39.37240  eV     1   -->   ?
     e(  3 -  4) =    -39.37100  eV     2   --> A'             
     e(  3 -  4) =    -39.37100  eV     2   --> A''            
     e(  5 -  5) =    -39.37068  eV     1   -->   ?
     e(  6 -  6) =    -39.37048  eV     1   --> A''            
     e(  7 -  7) =    -39.36536  eV     1   --> A'             
     e(  8 -  8) =    -39.36516  eV     1   --> A''            
     e(  9 -  9) =    -39.36463  eV     1   --> A''            
     e( 10 - 10) =    -39.36446  eV     1   --> A'             
     e( 11 - 11) =    -24.13828  eV     1   --> A''            
     e( 12 - 12) =    -24.13304  eV     1   --> A'             
     e( 13 - 13) =    -24.12455  eV     1   --> A''            
     e( 14 - 14) =    -24.07686  eV     1   --> A''            
     e( 15 - 15) =    -24.07397  eV     1   --> A'             
     e( 16 - 16) =    -24.05869  eV     1   --> A'             
     e( 17 - 17) =    -24.05818  eV     1   --> A''            
     e( 18 - 18) =    -24.05517  eV     1   --> A'             
     e( 19 - 19) =    -24.04080  eV     1   --> A'             
     e( 20 - 20) =    -24.03471  eV     1   --> A''            
     e( 21 - 21) =     -6.37100  eV     1   --> A'             
     e( 22 - 22) =     -5.23056  eV     1   --> A''            
     e( 23 - 23) =      1.14466  eV     1   --> A''            
     e( 24 - 24) =      4.71254  eV     1   --> A''            
     e( 25 - 25) =      5.03939  eV     1   --> A'             
     e( 26 - 26) =      5.41910  eV     1   --> A'             
     e( 27 - 27) =      5.87329  eV     1   --> A'             
     e( 28 - 28) =      5.93333  eV     1   --> A''            
     e( 29 - 29) =      9.03916  eV     1   --> A'             
     e( 30 - 30) =      9.81805  eV     1   --> A''            
     e( 31 - 31) =     12.31643  eV     1   --> A'             
     e( 32 - 32) =     12.81860  eV     1   --> A''            
     e( 33 - 33) =     13.11619  eV     1   --> A'             
     e( 34 - 34) =     13.87763  eV     1   --> A''            
     e( 35 - 35) =     14.37646  eV     1   --> A'             
     e( 36 - 36) =     15.52754  eV     1   --> A''            
     e( 37 - 37) =     15.72118  eV     1   --> A'             
     e( 38 - 38) =     16.43279  eV     1   --> A''            
     e( 39 - 39) =     17.41420  eV     1   --> A'             
     e( 40 - 40) =     18.36800  eV     1   --> A'             
     e( 41 - 41) =     18.98001  eV     1   --> A''            
     e( 42 - 42) =     19.36143  eV     1   --> A'             
     e( 43 - 43) =     19.60555  eV     1   --> A''            
     e( 44 - 44) =     21.33991  eV     1   --> A''            
     e( 45 - 45) =     22.91255  eV     1   --> A''            

 **************************************************************************

 **************************************************************************

                    xk=(  -0.10970,  -0.00000,   0.00000  )

     Band symmetry, C_s (m)     point group:

     e(  1 -  1) =    -39.37250  eV     1   -->   ?
     e(  2 -  2) =    -39.37240  eV     1   -->   ?
     e(  3 -  4) =    -39.37100  eV     2   --> A'             
     e(  3 -  4) =    -39.37100  eV     2   --> A''            
     e(  5 -  5) =    -39.37067  eV     1   -->   ?
     e(  6 -  6) =    -39.37048  eV     1   --> A''            
     e(  7 -  7) =    -39.36536  eV     1   --> A'             
     e(  8 -  8) =    -39.36516  eV     1   --> A''            
     e(  9 -  9) =    -39.36463  eV     1   --> A''            
     e( 10 - 10) =    -39.36446  eV     1   --> A'             
     e( 11 - 11) =    -24.13832  eV     1   --> A''            
     e( 12 - 12) =    -24.13289  eV     1   --> A'             
     e( 13 - 13) =    -24.12457  eV     1   --> A''            
     e( 14 - 14) =    -24.07688  eV     1   --> A''            
     e( 15 - 15) =    -24.07404  eV     1   --> A'             
     e( 16 - 16) =    -24.05862  eV     1   --> A'             
     e( 17 - 17) =    -24.05810  eV     1   --> A''            
     e( 18 - 18) =    -24.05525  eV     1   --> A'             
     e( 19 - 19) =    -24.04074  eV     1   --> A'             
     e( 20 - 20) =    -24.03475  eV     1   --> A''            
     e( 21 - 21) =     -6.37246  eV     1   --> A'             
     e( 22 - 22) =     -5.23145  eV     1   --> A''            
     e( 23 - 23) =      1.14316  eV     1   --> A''            
     e( 24 - 24) =      4.72146  eV     1   --> A''            
     e( 25 - 25) =      5.04394  eV     1   --> A'             
     e( 26 - 26) =      5.42805  eV     1   --> A'             
     e( 27 - 27) =      5.87483  eV     1   --> A'             
     e( 28 - 28) =      5.93518  eV     1   --> A''            
     e( 29 - 29) =      9.02987  eV     1   --> A'             
     e( 30 - 30) =      9.80931  eV     1   --> A''            
     e( 31 - 31) =     12.32162  eV     1   --> A'             
     e( 32 - 32) =     12.81562  eV     1   --> A''            
     e( 33 - 33) =     13.11290  eV     1   --> A'             
     e( 34 - 34) =     13.88057  eV     1   --> A''            
     e( 35 - 35) =     14.37039  eV     1   --> A'             
     e( 36 - 36) =     15.53601  eV     1   --> A''            
     e( 37 - 37) =     15.73046  eV     1   --> A'             
     e( 38 - 38) =     16.43339  eV     1   --> A''            
     e( 39 - 39) =     17.40101  eV     1   --> A'             
     e( 40 - 40) =     18.36260  eV     1   --> A'             
     e( 41 - 41) =     18.97366  eV     1   --> A''            
     e( 42 - 42) =     19.34553  eV     1   --> A'             
     e( 43 - 43) =     19.59263  eV     1   --> A''            
     e( 44 - 44) =     21.34278  eV     1   --> A''            
     e( 45 - 45) =     22.92538  eV     1   --> A''            

 **************************************************************************

 **************************************************************************

                    xk=(  -0.10854,  -0.00000,   0.00000  )

     Band symmetry, C_s (m)     point group:

     e(  1 -  1) =    -39.37250  eV     1   -->   ?
     e(  2 -  2) =    -39.37240  eV     1   -->   ?
     e(  3 -  4) =    -39.37100  eV     2   --> A'             
     e(  3 -  4) =    -39.37100  eV     2   --> A''            
     e(  5 -  5) =    -39.37067  eV     1   -->   ?
     e(  6 -  6) =    -39.37048  eV     1   --> A''            
     e(  7 -  7) =    -39.36535  eV     1   --> A'             
     e(  8 -  8) =    -39.36516  eV     1   --> A''            
     e(  9 -  9) =    -39.36463  eV     1   --> A''            
     e( 10 - 10) =    -39.36446  eV     1   --> A'             
     e( 11 - 11) =    -24.13836  eV     1   --> A''            
     e( 12 - 12) =    -24.13273  eV     1   --> A'             
     e( 13 - 13) =    -24.12458  eV     1   --> A''            
     e( 14 - 14) =    -24.07690  eV     1   --> A''            
     e( 15 - 15) =    -24.07411  eV     1   --> A'             
     e( 16 - 16) =    -24.05855  eV     1   --> A'             
     e( 17 - 17) =    -24.05803  eV     1   --> A''            
     e( 18 - 18) =    -24.05532  eV     1   --> A'             
     e( 19 - 19) =    -24.04068  eV     1   --> A'             
     e( 20 - 20) =    -24.03479  eV     1   --> A''            
     e( 21 - 21) =     -6.37390  eV     1   --> A'             
     e( 22 - 22) =     -5.23233  eV     1   --> A''            
     e( 23 - 23) =      1.14166  eV     1   --> A''            
     e( 24 - 24) =      4.73034  eV     1   --> A''            
     e( 25 - 25) =      5.04841  eV     1   --> A'             
     e( 26 - 26) =      5.43703  eV     1   --> A'             
     e( 27 - 27) =      5.87635  eV     1   --> A'             
     e( 28 - 28) =      5.93701  eV     1   --> A''            
     e( 29 - 29) =      9.02061  eV     1   --> A'             
     e( 30 - 30) =      9.80060  eV     1   --> A''            
     e( 31 - 31) =     12.32681  eV     1   --> A'             
     e( 32 - 32) =     12.81264  eV     1   --> A''            
     e( 33 - 33) =     13.10963  eV     1   --> A'             
     e( 34 - 34) =     13.88352  eV     1   --> A''            
     e( 35 - 35) =     14.36437  eV     1   --> A'             
     e( 36 - 36) =     15.54448  eV     1   --> A''            
     e( 37 - 37) =     15.73979  eV     1   --> A'             
     e( 38 - 38) =     16.43402  eV     1   --> A''            
     e( 39 - 39) =     17.38787  eV     1   --> A'             
     e( 40 - 40) =     18.35722  eV     1   --> A'             
     e( 41 - 41) =     18.96728  eV     1   --> A''            
     e( 42 - 42) =     19.32974  eV     1   --> A'             
     e( 43 - 43) =     19.57978  eV     1   --> A''            
     e( 44 - 44) =     21.34570  eV     1   --> A''            
     e( 45 - 45) =     22.93823  eV     1   --> A''            

 **************************************************************************

 **************************************************************************

                    xk=(  -0.10739,  -0.00000,   0.00000  )

     Band symmetry, C_s (m)     point group:

     e(  1 -  1) =    -39.37250  eV     1   -->   ?
     e(  2 -  2) =    -39.37240  eV     1   -->   ?
     e(  3 -  4) =    -39.37100  eV     2   --> A'             
     e(  3 -  4) =    -39.37100  eV     2   --> A''            
     e(  5 -  5) =    -39.37067  eV     1   -->   ?
     e(  6 -  6) =    -39.37048  eV     1   --> A''            
     e(  7 -  7) =    -39.36535  eV     1   --> A'             
     e(  8 -  8) =    -39.36516  eV     1   --> A''            
     e(  9 -  9) =    -39.36463  eV     1   --> A''            
     e( 10 - 10) =    -39.36446  eV     1   --> A'             
     e( 11 - 11) =    -24.13840  eV     1   --> A''            
     e( 12 - 12) =    -24.13258  eV     1   --> A'             
     e( 13 - 13) =    -24.12460  eV     1   --> A''            
     e( 14 - 14) =    -24.07692  eV     1   --> A''            
     e( 15 - 15) =    -24.07418  eV     1   --> A'             
     e( 16 - 16) =    -24.05849  eV     1   --> A'             
     e( 17 - 17) =    -24.05795  eV     1   --> A''            
     e( 18 - 18) =    -24.05539  eV     1   --> A'             
     e( 19 - 19) =    -24.04062  eV     1   --> A'             
     e( 20 - 20) =    -24.03483  eV     1   --> A''            
     e( 21 - 21) =     -6.37533  eV     1   --> A'             
     e( 22 - 22) =     -5.23320  eV     1   --> A''            
     e( 23 - 23) =      1.14018  eV     1   --> A''            
     e( 24 - 24) =      4.73918  eV     1   --> A''            
     e( 25 - 25) =      5.05278  eV     1   --> A'             
     e( 26 - 26) =      5.44603  eV     1   --> A'             
     e( 27 - 27) =      5.87786  eV     1   --> A'             
     e( 28 - 28) =      5.93882  eV     1   --> A''            
     e( 29 - 29) =      9.01137  eV     1   --> A'             
     e( 30 - 30) =      9.79194  eV     1   --> A''            
     e( 31 - 31) =     12.33200  eV     1   --> A'             
     e( 32 - 32) =     12.80967  eV     1   --> A''            
     e( 33 - 33) =     13.10637  eV     1   --> A'             
     e( 34 - 34) =     13.88648  eV     1   --> A''            
     e( 35 - 35) =     14.35841  eV     1   --> A'             
     e( 36 - 36) =     15.55295  eV     1   --> A''            
     e( 37 - 37) =     15.74915  eV     1   --> A'             
     e( 38 - 38) =     16.43465  eV     1   --> A''            
     e( 39 - 39) =     17.37480  eV     1   --> A'             
     e( 40 - 40) =     18.35186  eV     1   --> A'             
     e( 41 - 41) =     18.96087  eV     1   --> A''            
     e( 42 - 42) =     19.31406  eV     1   --> A'             
     e( 43 - 43) =     19.56697  eV     1   --> A''            
     e( 44 - 44) =     21.34869  eV     1   --> A''            
     e( 45 - 45) =     22.95111  eV     1   --> A''            

 **************************************************************************

 **************************************************************************

                    xk=(  -0.10623,  -0.00000,   0.00000  )

     Band symmetry, C_s (m)     point group:

     e(  1 -  1) =    -39.37250  eV     1   -->   ?
     e(  2 -  2) =    -39.37239  eV     1   -->   ?
     e(  3 -  4) =    -39.37100  eV     2   --> A'             
     e(  3 -  4) =    -39.37100  eV     2   --> A''            
     e(  5 -  5) =    -39.37067  eV     1   -->   ?
     e(  6 -  6) =    -39.37047  eV     1   --> A''            
     e(  7 -  7) =    -39.36535  eV     1   --> A'             
     e(  8 -  8) =    -39.36516  eV     1   --> A''            
     e(  9 -  9) =    -39.36463  eV     1   --> A''            
     e( 10 - 10) =    -39.36446  eV     1   --> A'             
     e( 11 - 11) =    -24.13844  eV     1   --> A''            
     e( 12 - 12) =    -24.13243  eV     1   --> A'             
     e( 13 - 13) =    -24.12461  eV     1   --> A''            
     e( 14 - 14) =    -24.07694  eV     1   --> A''            
     e( 15 - 15) =    -24.07425  eV     1   --> A'             
     e( 16 - 16) =    -24.05843  eV     1   --> A'             
     e( 17 - 17) =    -24.05788  eV     1   --> A''            
     e( 18 - 18) =    -24.05545  eV     1   --> A'             
     e( 19 - 19) =    -24.04057  eV     1   --> A'             
     e( 20 - 20) =    -24.03487  eV     1   --> A''            
     e( 21 - 21) =     -6.37675  eV     1   --> A'             
     e( 22 - 22) =     -5.23406  eV     1   --> A''            
     e( 23 - 23) =      1.13872  eV     1   --> A''            
     e( 24 - 24) =      4.74797  eV     1   --> A''            
     e( 25 - 25) =      5.05706  eV     1   --> A'             
     e( 26 - 26) =      5.45505  eV     1   --> A'             
     e( 27 - 27) =      5.87935  eV     1   --> A'             
     e( 28 - 28) =      5.94060  eV     1   --> A''            
     e( 29 - 29) =      9.00216  eV     1   --> A'             
     e( 30 - 30) =      9.78331  eV     1   --> A''            
     e( 31 - 31) =     12.33719  eV     1   --> A'             
     e( 32 - 32) =     12.80671  eV     1   --> A''            
     e( 33 - 33) =     13.10313  eV     1   --> A'             
     e( 34 - 34) =     13.88945  eV     1   --> A''            
     e( 35 - 35) =     14.35250  eV     1   --> A'             
     e( 36 - 36) =     15.56140  eV     1   --> A''            
     e( 37 - 37) =     15.75856  eV     1   --> A'             
     e( 38 - 38) =     16.43531  eV     1   --> A''            
     e( 39 - 39) =     17.36178  eV     1   --> A'             
     e( 40 - 40) =     18.34651  eV     1   --> A'             
     e( 41 - 41) =     18.95443  eV     1   --> A''            
     e( 42 - 42) =     19.29848  eV     1   --> A'             
     e( 43 - 43) =     19.55423  eV     1   --> A''            
     e( 44 - 44) =     21.35173  eV     1   --> A''            
     e( 45 - 45) =     22.96400  eV     1   --> A''            

 **************************************************************************

 **************************************************************************

                    xk=(  -0.10508,  -0.00000,   0.00000  )

     Band symmetry, C_s (m)     point group:

     e(  1 -  1) =    -39.37250  eV     1   -->   ?
     e(  2 -  2) =    -39.37239  eV     1   -->   ?
     e(  3 -  4) =    -39.37100  eV     2   --> A'             
     e(  3 -  4) =    -39.37100  eV     2   --> A''            
     e(  5 -  5) =    -39.37066  eV     1   -->   ?
     e(  6 -  6) =    -39.37047  eV     1   --> A''            
     e(  7 -  7) =    -39.36535  eV     1   --> A'             
     e(  8 -  8) =    -39.36516  eV     1   --> A''            
     e(  9 -  9) =    -39.36463  eV     1   --> A''            
     e( 10 - 10) =    -39.36446  eV     1   --> A'             
     e( 11 - 11) =    -24.13848  eV     1   --> A''            
     e( 12 - 12) =    -24.13227  eV     1   --> A'             
     e( 13 - 13) =    -24.12462  eV     1   --> A''            
     e( 14 - 14) =    -24.07696  eV     1   --> A''            
     e( 15 - 15) =    -24.07432  eV     1   --> A'             
     e( 16 - 16) =    -24.05837  eV     1   --> A'             
     e( 17 - 17) =    -24.05781  eV     1   --> A''            
     e( 18 - 18) =    -24.05551  eV     1   --> A'             
     e( 19 - 19) =    -24.04051  eV     1   --> A'             
     e( 20 - 20) =    -24.03491  eV     1   --> A''            
     e( 21 - 21) =     -6.37814  eV     1   --> A'             
     e( 22 - 22) =     -5.23491  eV     1   --> A''            
     e( 23 - 23) =      1.13727  eV     1   --> A''            
     e( 24 - 24) =      4.75672  eV     1   --> A''            
     e( 25 - 25) =      5.06125  eV     1   --> A'             
     e( 26 - 26) =      5.46409  eV     1   --> A'             
     e( 27 - 27) =      5.88083  eV     1   --> A'             
     e( 28 - 28) =      5.94236  eV     1   --> A''            
     e( 29 - 29) =      8.99298  eV     1   --> A'             
     e( 30 - 30) =      9.77471  eV     1   --> A''            
     e( 31 - 31) =     12.34237  eV     1   --> A'             
     e( 32 - 32) =     12.80375  eV     1   --> A''            
     e( 33 - 33) =     13.09991  eV     1   --> A'             
     e( 34 - 34) =     13.89243  eV     1   --> A''            
     e( 35 - 35) =     14.34666  eV     1   --> A'             
     e( 36 - 36) =     15.56985  eV     1   --> A''            
     e( 37 - 37) =     15.76801  eV     1   --> A'             
     e( 38 - 38) =     16.43597  eV     1   --> A''            
     e( 39 - 39) =     17.34883  eV     1   --> A'             
     e( 40 - 40) =     18.34118  eV     1   --> A'             
     e( 41 - 41) =     18.94798  eV     1   --> A''            
     e( 42 - 42) =     19.28302  eV     1   --> A'             
     e( 43 - 43) =     19.54155  eV     1   --> A''            
     e( 44 - 44) =     21.35484  eV     1   --> A''            
     e( 45 - 45) =     22.97691  eV     1   --> A''            

 **************************************************************************

 **************************************************************************

                    xk=(  -0.10392,  -0.00000,   0.00000  )

     Band symmetry, C_s (m)     point group:

     e(  1 -  1) =    -39.37249  eV     1   -->   ?
     e(  2 -  2) =    -39.37239  eV     1   -->   ?
     e(  3 -  4) =    -39.37100  eV     2   --> A'             
     e(  3 -  4) =    -39.37100  eV     2   --> A''            
     e(  5 -  5) =    -39.37066  eV     1   -->   ?
     e(  6 -  6) =    -39.37047  eV     1   --> A''            
     e(  7 -  7) =    -39.36535  eV     1   --> A'             
     e(  8 -  8) =    -39.36516  eV     1   --> A''            
     e(  9 -  9) =    -39.36462  eV     1   --> A''            
     e( 10 - 10) =    -39.36446  eV     1   --> A'             
     e( 11 - 11) =    -24.13852  eV     1   --> A''            
     e( 12 - 12) =    -24.13212  eV     1   --> A'             
     e( 13 - 13) =    -24.12463  eV     1   --> A''            
     e( 14 - 14) =    -24.07698  eV     1   --> A''            
     e( 15 - 15) =    -24.07439  eV     1   --> A'             
     e( 16 - 16) =    -24.05832  eV     1   --> A'             
     e( 17 - 17) =    -24.05773  eV     1   --> A''            
     e( 18 - 18) =    -24.05557  eV     1   --> A'             
     e( 19 - 19) =    -24.04045  eV     1   --> A'             
     e( 20 - 20) =    -24.03495  eV     1   --> A''            
     e( 21 - 21) =     -6.37953  eV     1   --> A'             
     e( 22 - 22) =     -5.23575  eV     1   --> A''            
     e( 23 - 23) =      1.13583  eV     1   --> A''            
     e( 24 - 24) =      4.76543  eV     1   --> A''            
     e( 25 - 25) =      5.06536  eV     1   --> A'             
     e( 26 - 26) =      5.47314  eV     1   --> A'             
     e( 27 - 27) =      5.88228  eV     1   --> A'             
     e( 28 - 28) =      5.94409  eV     1   --> A''            
     e( 29 - 29) =      8.98382  eV     1   --> A'             
     e( 30 - 30) =      9.76616  eV     1   --> A''            
     e( 31 - 31) =     12.34755  eV     1   --> A'             
     e( 32 - 32) =     12.80080  eV     1   --> A''            
     e( 33 - 33) =     13.09671  eV     1   --> A'             
     e( 34 - 34) =     13.89542  eV     1   --> A''            
     e( 35 - 35) =     14.34087  eV     1   --> A'             
     e( 36 - 36) =     15.57828  eV     1   --> A''            
     e( 37 - 37) =     15.77749  eV     1   --> A'             
     e( 38 - 38) =     16.43666  eV     1   --> A''            
     e( 39 - 39) =     17.33595  eV     1   --> A'             
     e( 40 - 40) =     18.33586  eV     1   --> A'             
     e( 41 - 41) =     18.94151  eV     1   --> A''            
     e( 42 - 42) =     19.26767  eV     1   --> A'             
     e( 43 - 43) =     19.52892  eV     1   --> A''            
     e( 44 - 44) =     21.35800  eV     1   --> A''            
     e( 45 - 45) =     22.98983  eV     1   --> A''            

 **************************************************************************

 **************************************************************************

                    xk=(  -0.10277,  -0.00000,   0.00000  )

     Band symmetry, C_s (m)     point group:

     e(  1 -  1) =    -39.37249  eV     1   -->   ?
     e(  2 -  2) =    -39.37239  eV     1   -->   ?
     e(  3 -  4) =    -39.37100  eV     2   --> A'             
     e(  3 -  4) =    -39.37100  eV     2   --> A''            
     e(  5 -  5) =    -39.37066  eV     1   -->   ?
     e(  6 -  6) =    -39.37047  eV     1   --> A''            
     e(  7 -  7) =    -39.36535  eV     1   --> A'             
     e(  8 -  8) =    -39.36516  eV     1   --> A''            
     e(  9 -  9) =    -39.36462  eV     1   --> A''            
     e( 10 - 10) =    -39.36446  eV     1   --> A'             
     e( 11 - 11) =    -24.13857  eV     1   --> A''            
     e( 12 - 12) =    -24.13197  eV     1   --> A'             
     e( 13 - 13) =    -24.12464  eV     1   --> A''            
     e( 14 - 14) =    -24.07700  eV     1   --> A''            
     e( 15 - 15) =    -24.07446  eV     1   --> A'             
     e( 16 - 16) =    -24.05827  eV     1   --> A'             
     e( 17 - 17) =    -24.05766  eV     1   --> A''            
     e( 18 - 18) =    -24.05562  eV     1   --> A'             
     e( 19 - 19) =    -24.04039  eV     1   --> A'             
     e( 20 - 20) =    -24.03499  eV     1   --> A''            
     e( 21 - 21) =     -6.38089  eV     1   --> A'             
     e( 22 - 22) =     -5.23659  eV     1   --> A''            
     e( 23 - 23) =      1.13441  eV     1   --> A''            
     e( 24 - 24) =      4.77408  eV     1   --> A''            
     e( 25 - 25) =      5.06938  eV     1   --> A'             
     e( 26 - 26) =      5.48221  eV     1   --> A'             
     e( 27 - 27) =      5.88373  eV     1   --> A'             
     e( 28 - 28) =      5.94581  eV     1   --> A''            
     e( 29 - 29) =      8.97469  eV     1   --> A'             
     e( 30 - 30) =      9.75765  eV     1   --> A''            
     e( 31 - 31) =     12.35272  eV     1   --> A'             
     e( 32 - 32) =     12.79785  eV     1   --> A''            
     e( 33 - 33) =     13.09352  eV     1   --> A'             
     e( 34 - 34) =     13.89841  eV     1   --> A''            
     e( 35 - 35) =     14.33513  eV     1   --> A'             
     e( 36 - 36) =     15.58670  eV     1   --> A''            
     e( 37 - 37) =     15.78701  eV     1   --> A'             
     e( 38 - 38) =     16.43735  eV     1   --> A''            
     e( 39 - 39) =     17.32313  eV     1   --> A'             
     e( 40 - 40) =     18.33054  eV     1   --> A'             
     e( 41 - 41) =     18.93503  eV     1   --> A''            
     e( 42 - 42) =     19.25244  eV     1   --> A'             
     e( 43 - 43) =     19.51635  eV     1   --> A''            
     e( 44 - 44) =     21.36121  eV     1   --> A''            
     e( 45 - 45) =     23.00276  eV     1   --> A''            

 **************************************************************************

 **************************************************************************

                    xk=(  -0.10161,  -0.00000,   0.00000  )

     Band symmetry, C_s (m)     point group:

     e(  1 -  1) =    -39.37249  eV     1   -->   ?
     e(  2 -  2) =    -39.37238  eV     1   -->   ?
     e(  3 -  4) =    -39.37095  eV     2   --> A'             
     e(  3 -  4) =    -39.37095  eV     2   --> A''            
     e(  5 -  5) =    -39.37056  eV     1   -->   ?
     e(  6 -  6) =    -39.37044  eV     1   --> A''            
     e(  7 -  7) =    -39.36524  eV     1   --> A'             
     e(  8 -  8) =    -39.36512  eV     1   --> A''            
     e(  9 -  9) =    -39.36457  eV     1   --> A''            
     e( 10 - 10) =    -39.36444  eV     1   --> A'             
     e( 11 - 11) =    -24.13861  eV     1   --> A''            
     e( 12 - 12) =    -24.13177  eV     1   --> A'             
     e( 13 - 13) =    -24.12462  eV     1   --> A''            
     e( 14 - 14) =    -24.07699  eV     1   --> A''            
     e( 15 - 15) =    -24.07451  eV     1   --> A'             
     e( 16 - 16) =    -24.05821  eV     1   --> A'             
     e( 17 - 17) =    -24.05756  eV     1   --> A''            
     e( 18 - 18) =    -24.05566  eV     1   --> A'             
     e( 19 - 19) =    -24.04029  eV     1   --> A'             
     e( 20 - 20) =    -24.03501  eV     1   --> A''            
     e( 21 - 21) =     -6.38224  eV     1   --> A'             
     e( 22 - 22) =     -5.23742  eV     1   --> A''            
     e( 23 - 23) =      1.13301  eV     1   --> A''            
     e( 24 - 24) =      4.78269  eV     1   --> A''            
     e( 25 - 25) =      5.07332  eV     1   --> A'             
     e( 26 - 26) =      5.49128  eV     1   --> A'             
     e( 27 - 27) =      5.88515  eV     1   --> A'             
     e( 28 - 28) =      5.94750  eV     1   --> A''            
     e( 29 - 29) =      8.96559  eV     1   --> A'             
     e( 30 - 30) =      9.74918  eV     1   --> A''            
     e( 31 - 31) =     12.35788  eV     1   --> A'             
     e( 32 - 32) =     12.79492  eV     1   --> A''            
     e( 33 - 33) =     13.09036  eV     1   --> A'             
     e( 34 - 34) =     13.90142  eV     1   --> A''            
     e( 35 - 35) =     14.32946  eV     1   --> A'             
     e( 36 - 36) =     15.59511  eV     1   --> A''            
     e( 37 - 37) =     15.79657  eV     1   --> A'             
     e( 38 - 38) =     16.43807  eV     1   --> A''            
     e( 39 - 39) =     17.31038  eV     1   --> A'             
     e( 40 - 40) =     18.32523  eV     1   --> A'             
     e( 41 - 41) =     18.92853  eV     1   --> A''            
     e( 42 - 42) =     19.23733  eV     1   --> A'             
     e( 43 - 43) =     19.50384  eV     1   --> A''            
     e( 44 - 44) =     21.36449  eV     1   --> A''            
     e( 45 - 45) =     23.01569  eV     1   --> A''            

 **************************************************************************

 **************************************************************************

                    xk=(  -0.10046,  -0.00000,   0.00000  )

     Band symmetry, C_s (m)     point group:

     e(  1 -  1) =    -39.37249  eV     1   -->   ?
     e(  2 -  2) =    -39.37238  eV     1   -->   ?
     e(  3 -  4) =    -39.37095  eV     2   --> A'             
     e(  3 -  4) =    -39.37095  eV     2   --> A''            
     e(  5 -  5) =    -39.37056  eV     1   -->   ?
     e(  6 -  6) =    -39.37043  eV     1   --> A''            
     e(  7 -  7) =    -39.36524  eV     1   --> A'             
     e(  8 -  8) =    -39.36512  eV     1   --> A''            
     e(  9 -  9) =    -39.36457  eV     1   --> A''            
     e( 10 - 10) =    -39.36444  eV     1   --> A'             
     e( 11 - 11) =    -24.13865  eV     1   --> A''            
     e( 12 - 12) =    -24.13162  eV     1   --> A'             
     e( 13 - 13) =    -24.12463  eV     1   --> A''            
     e( 14 - 14) =    -24.07701  eV     1   --> A''            
     e( 15 - 15) =    -24.07458  eV     1   --> A'             
     e( 16 - 16) =    -24.05817  eV     1   --> A'             
     e( 17 - 17) =    -24.05749  eV     1   --> A''            
     e( 18 - 18) =    -24.05570  eV     1   --> A'             
     e( 19 - 19) =    -24.04023  eV     1   --> A'             
     e( 20 - 20) =    -24.03505  eV     1   --> A''            
     e( 21 - 21) =     -6.38358  eV     1   --> A'             
     e( 22 - 22) =     -5.23824  eV     1   --> A''            
     e( 23 - 23) =      1.13161  eV     1   --> A''            
     e( 24 - 24) =      4.79125  eV     1   --> A''            
     e( 25 - 25) =      5.07718  eV     1   --> A'             
     e( 26 - 26) =      5.50035  eV     1   --> A'             
     e( 27 - 27) =      5.88656  eV     1   --> A'             
     e( 28 - 28) =      5.94916  eV     1   --> A''            
     e( 29 - 29) =      8.95653  eV     1   --> A'             
     e( 30 - 30) =      9.74075  eV     1   --> A''            
     e( 31 - 31) =     12.36304  eV     1   --> A'             
     e( 32 - 32) =     12.79200  eV     1   --> A''            
     e( 33 - 33) =     13.08722  eV     1   --> A'             
     e( 34 - 34) =     13.90442  eV     1   --> A''            
     e( 35 - 35) =     14.32385  eV     1   --> A'             
     e( 36 - 36) =     15.60349  eV     1   --> A''            
     e( 37 - 37) =     15.80616  eV     1   --> A'             
     e( 38 - 38) =     16.43880  eV     1   --> A''            
     e( 39 - 39) =     17.29770  eV     1   --> A'             
     e( 40 - 40) =     18.31992  eV     1   --> A'             
     e( 41 - 41) =     18.92203  eV     1   --> A''            
     e( 42 - 42) =     19.22234  eV     1   --> A'             
     e( 43 - 43) =     19.49139  eV     1   --> A''            
     e( 44 - 44) =     21.36781  eV     1   --> A''            
     e( 45 - 45) =     23.02863  eV     1   --> A''            

 **************************************************************************

 **************************************************************************

                    xk=(  -0.09930,  -0.00000,   0.00000  )

     Band symmetry, C_s (m)     point group:

     e(  1 -  1) =    -39.37249  eV     1   -->   ?
     e(  2 -  2) =    -39.37238  eV     1   -->   ?
     e(  3 -  4) =    -39.37095  eV     2   --> A'             
     e(  3 -  4) =    -39.37095  eV     2   --> A''            
     e(  5 -  5) =    -39.37056  eV     1   -->   ?
     e(  6 -  6) =    -39.37043  eV     1   --> A''            
     e(  7 -  7) =    -39.36524  eV     1   --> A'             
     e(  8 -  8) =    -39.36511  eV     1   --> A''            
     e(  9 -  9) =    -39.36457  eV     1   --> A''            
     e( 10 - 10) =    -39.36444  eV     1   --> A'             
     e( 11 - 11) =    -24.13869  eV     1   --> A''            
     e( 12 - 12) =    -24.13147  eV     1   --> A'             
     e( 13 - 13) =    -24.12463  eV     1   --> A''            
     e( 14 - 14) =    -24.07703  eV     1   --> A''            
     e( 15 - 15) =    -24.07465  eV     1   --> A'             
     e( 16 - 16) =    -24.05814  eV     1   --> A'             
     e( 17 - 17) =    -24.05741  eV     1   --> A''            
     e( 18 - 18) =    -24.05574  eV     1   --> A'             
     e( 19 - 19) =    -24.04017  eV     1   --> A'             
     e( 20 - 20) =    -24.03509  eV     1   --> A''            
     e( 21 - 21) =     -6.38490  eV     1   --> A'             
     e( 22 - 22) =     -5.23905  eV     1   --> A''            
     e( 23 - 23) =      1.13024  eV     1   --> A''            
     e( 24 - 24) =      4.79976  eV     1   --> A''            
     e( 25 - 25) =      5.08096  eV     1   --> A'             
     e( 26 - 26) =      5.50943  eV     1   --> A'             
     e( 27 - 27) =      5.88796  eV     1   --> A'             
     e( 28 - 28) =      5.95081  eV     1   --> A''            
     e( 29 - 29) =      8.94749  eV     1   --> A'             
     e( 30 - 30) =      9.73237  eV     1   --> A''            
     e( 31 - 31) =     12.36818  eV     1   --> A'             
     e( 32 - 32) =     12.78909  eV     1   --> A''            
     e( 33 - 33) =     13.08409  eV     1   --> A'             
     e( 34 - 34) =     13.90743  eV     1   --> A''            
     e( 35 - 35) =     14.31829  eV     1   --> A'             
     e( 36 - 36) =     15.61185  eV     1   --> A''            
     e( 37 - 37) =     15.81578  eV     1   --> A'             
     e( 38 - 38) =     16.43955  eV     1   --> A''            
     e( 39 - 39) =     17.28510  eV     1   --> A'             
     e( 40 - 40) =     18.31461  eV     1   --> A'             
     e( 41 - 41) =     18.91552  eV     1   --> A''            
     e( 42 - 42) =     19.20748  eV     1   --> A'             
     e( 43 - 43) =     19.47900  eV     1   --> A''            
     e( 44 - 44) =     21.37119  eV     1   --> A''            
     e( 45 - 45) =     23.04156  eV     1   --> A''            

 **************************************************************************

 **************************************************************************

                    xk=(  -0.09815,  -0.00000,   0.00000  )

     Band symmetry, C_s (m)     point group:

     e(  1 -  2) =    -39.37250  eV     2   --> A'             
     e(  1 -  2) =    -39.37250  eV     2   --> A''            
     e(  3 -  4) =    -39.37096  eV     2   --> A'             
     e(  3 -  4) =    -39.37096  eV     2   --> A''            
     e(  5 -  5) =    -39.37062  eV     1   -->   ?
     e(  6 -  6) =    -39.37043  eV     1   --> A''            
     e(  7 -  7) =    -39.36529  eV     1   --> A'             
     e(  8 -  8) =    -39.36511  eV     1   --> A''            
     e(  9 -  9) =    -39.36459  eV     1   --> A''            
     e( 10 - 10) =    -39.36444  eV     1   --> A'             
     e( 11 - 11) =    -24.13876  eV     1   --> A''            
     e( 12 - 12) =    -24.13135  eV     1   --> A'             
     e( 13 - 13) =    -24.12464  eV     1   --> A''            
     e( 14 - 14) =    -24.07707  eV     1   --> A''            
     e( 15 - 15) =    -24.07472  eV     1   --> A'             
     e( 16 - 16) =    -24.05813  eV     1   --> A'             
     e( 17 - 17) =    -24.05735  eV     1   --> A''            
     e( 18 - 18) =    -24.05579  eV     1   --> A'             
     e( 19 - 19) =    -24.04015  eV     1   --> A'             
     e( 20 - 20) =    -24.03513  eV     1   --> A''            
     e( 21 - 21) =     -6.38621  eV     1   --> A'             
     e( 22 - 22) =     -5.23985  eV     1   --> A''            
     e( 23 - 23) =      1.12888  eV     1   --> A''            
     e( 24 - 24) =      4.80823  eV     1   --> A''            
     e( 25 - 25) =      5.08466  eV     1   --> A'             
     e( 26 - 26) =      5.51850  eV     1   --> A'             
     e( 27 - 27) =      5.88934  eV     1   --> A'             
     e( 28 - 28) =      5.95243  eV     1   --> A''            
     e( 29 - 29) =      8.93849  eV     1   --> A'             
     e( 30 - 30) =      9.72403  eV     1   --> A''            
     e( 31 - 31) =     12.37332  eV     1   --> A'             
     e( 32 - 32) =     12.78619  eV     1   --> A''            
     e( 33 - 33) =     13.08099  eV     1   --> A'             
     e( 34 - 34) =     13.91043  eV     1   --> A''            
     e( 35 - 35) =     14.31279  eV     1   --> A'             
     e( 36 - 36) =     15.62019  eV     1   --> A''            
     e( 37 - 37) =     15.82543  eV     1   --> A'             
     e( 38 - 38) =     16.44032  eV     1   --> A''            
     e( 39 - 39) =     17.27257  eV     1   --> A'             
     e( 40 - 40) =     18.30930  eV     1   --> A'             
     e( 41 - 41) =     18.90901  eV     1   --> A''            
     e( 42 - 42) =     19.19275  eV     1   --> A'             
     e( 43 - 43) =     19.46667  eV     1   --> A''            
     e( 44 - 44) =     21.37461  eV     1   --> A''            
     e( 45 - 45) =     23.05449  eV     1   --> A''            

 **************************************************************************

 **************************************************************************

                    xk=(  -0.09699,  -0.00000,   0.00000  )

     Band symmetry, C_s (m)     point group:

     e(  1 -  2) =    -39.37250  eV     2   --> A'             
     e(  1 -  2) =    -39.37250  eV     2   --> A''            
     e(  3 -  4) =    -39.37096  eV     2   --> A'             
     e(  3 -  4) =    -39.37096  eV     2   --> A''            
     e(  5 -  5) =    -39.37061  eV     1   -->   ?
     e(  6 -  6) =    -39.37043  eV     1   --> A''            
     e(  7 -  7) =    -39.36529  eV     1   --> A'             
     e(  8 -  8) =    -39.36511  eV     1   --> A''            
     e(  9 -  9) =    -39.36459  eV     1   --> A''            
     e( 10 - 10) =    -39.36444  eV     1   --> A'             
     e( 11 - 11) =    -24.13880  eV     1   --> A''            
     e( 12 - 12) =    -24.13120  eV     1   --> A'             
     e( 13 - 13) =    -24.12464  eV     1   --> A''            
     e( 14 - 14) =    -24.07709  eV     1   --> A''            
     e( 15 - 15) =    -24.07479  eV     1   --> A'             
     e( 16 - 16) =    -24.05811  eV     1   --> A'             
     e( 17 - 17) =    -24.05728  eV     1   --> A''            
     e( 18 - 18) =    -24.05581  eV     1   --> A'             
     e( 19 - 19) =    -24.04009  eV     1   --> A'             
     e( 20 - 20) =    -24.03517  eV     1   --> A''            
     e( 21 - 21) =     -6.38750  eV     1   --> A'             
     e( 22 - 22) =     -5.24064  eV     1   --> A''            
     e( 23 - 23) =      1.12753  eV     1   --> A''            
     e( 24 - 24) =      4.81664  eV     1   --> A''            
     e( 25 - 25) =      5.08829  eV     1   --> A'             
     e( 26 - 26) =      5.52757  eV     1   --> A'             
     e( 27 - 27) =      5.89070  eV     1   --> A'             
     e( 28 - 28) =      5.95403  eV     1   --> A''            
     e( 29 - 29) =      8.92953  eV     1   --> A'             
     e( 30 - 30) =      9.71574  eV     1   --> A''            
     e( 31 - 31) =     12.37844  eV     1   --> A'             
     e( 32 - 32) =     12.78331  eV     1   --> A''            
     e( 33 - 33) =     13.07791  eV     1   --> A'             
     e( 34 - 34) =     13.91344  eV     1   --> A''            
     e( 35 - 35) =     14.30735  eV     1   --> A'             
     e( 36 - 36) =     15.62849  eV     1   --> A''            
     e( 37 - 37) =     15.83511  eV     1   --> A'             
     e( 38 - 38) =     16.44111  eV     1   --> A''            
     e( 39 - 39) =     17.26012  eV     1   --> A'             
     e( 40 - 40) =     18.30398  eV     1   --> A'             
     e( 41 - 41) =     18.90251  eV     1   --> A''            
     e( 42 - 42) =     19.17815  eV     1   --> A'             
     e( 43 - 43) =     19.45440  eV     1   --> A''            
     e( 44 - 44) =     21.37809  eV     1   --> A''            
     e( 45 - 45) =     23.06740  eV     1   --> A''            

 **************************************************************************

 **************************************************************************

                    xk=(  -0.09584,  -0.00000,   0.00000  )

     Band symmetry, C_s (m)     point group:

     e(  1 -  2) =    -39.37249  eV     2   --> A'             
     e(  1 -  2) =    -39.37249  eV     2   --> A''            
     e(  3 -  4) =    -39.37096  eV     2   --> A'             
     e(  3 -  4) =    -39.37096  eV     2   --> A''            
     e(  5 -  5) =    -39.37061  eV     1   -->   ?
     e(  6 -  6) =    -39.37043  eV     1   --> A''            
     e(  7 -  7) =    -39.36529  eV     1   --> A'             
     e(  8 -  8) =    -39.36511  eV     1   --> A''            
     e(  9 -  9) =    -39.36458  eV     1   --> A''            
     e( 10 - 10) =    -39.36444  eV     1   --> A'             
     e( 11 - 11) =    -24.13885  eV     1   --> A''            
     e( 12 - 12) =    -24.13106  eV     1   --> A'             
     e( 13 - 13) =    -24.12465  eV     1   --> A''            
     e( 14 - 14) =    -24.07711  eV     1   --> A''            
     e( 15 - 15) =    -24.07485  eV     1   --> A'             
     e( 16 - 16) =    -24.05810  eV     1   --> A'             
     e( 17 - 17) =    -24.05721  eV     1   --> A''            
     e( 18 - 18) =    -24.05583  eV     1   --> A'             
     e( 19 - 19) =    -24.04004  eV     1   --> A'             
     e( 20 - 20) =    -24.03520  eV     1   --> A''            
     e( 21 - 21) =     -6.38878  eV     1   --> A'             
     e( 22 - 22) =     -5.24143  eV     1   --> A''            
     e( 23 - 23) =      1.12620  eV     1   --> A''            
     e( 24 - 24) =      4.82499  eV     1   --> A''            
     e( 25 - 25) =      5.09185  eV     1   --> A'             
     e( 26 - 26) =      5.53664  eV     1   --> A'             
     e( 27 - 27) =      5.89204  eV     1   --> A'             
     e( 28 - 28) =      5.95560  eV     1   --> A''            
     e( 29 - 29) =      8.92060  eV     1   --> A'             
     e( 30 - 30) =      9.70750  eV     1   --> A''            
     e( 31 - 31) =     12.38355  eV     1   --> A'             
     e( 32 - 32) =     12.78044  eV     1   --> A''            
     e( 33 - 33) =     13.07485  eV     1   --> A'             
     e( 34 - 34) =     13.91645  eV     1   --> A''            
     e( 35 - 35) =     14.30198  eV     1   --> A'             
     e( 36 - 36) =     15.63677  eV     1   --> A''            
     e( 37 - 37) =     15.84481  eV     1   --> A'             
     e( 38 - 38) =     16.44191  eV     1   --> A''            
     e( 39 - 39) =     17.24775  eV     1   --> A'             
     e( 40 - 40) =     18.29865  eV     1   --> A'             
     e( 41 - 41) =     18.89600  eV     1   --> A''            
     e( 42 - 42) =     19.16369  eV     1   --> A'             
     e( 43 - 43) =     19.44220  eV     1   --> A''            
     e( 44 - 44) =     21.38161  eV     1   --> A''            
     e( 45 - 45) =     23.08030  eV     1   --> A''            

 **************************************************************************

 **************************************************************************

                    xk=(  -0.09469,  -0.00000,   0.00000  )

     Band symmetry, C_s (m)     point group:

     e(  1 -  2) =    -39.37249  eV     2   --> A'             
     e(  1 -  2) =    -39.37249  eV     2   --> A''            
     e(  3 -  4) =    -39.37096  eV     2   --> A'             
     e(  3 -  4) =    -39.37096  eV     2   --> A''            
     e(  5 -  5) =    -39.37061  eV     1   -->   ?
     e(  6 -  6) =    -39.37043  eV     1   --> A''            
     e(  7 -  7) =    -39.36529  eV     1   --> A'             
     e(  8 -  8) =    -39.36511  eV     1   --> A''            
     e(  9 -  9) =    -39.36458  eV     1   --> A''            
     e( 10 - 10) =    -39.36444  eV     1   --> A'             
     e( 11 - 11) =    -24.13889  eV     1   --> A''            
     e( 12 - 12) =    -24.13091  eV     1   --> A'             
     e( 13 - 13) =    -24.12465  eV     1   --> A''            
     e( 14 - 14) =    -24.07714  eV     1   --> A''            
     e( 15 - 15) =    -24.07492  eV     1   --> A'             
     e( 16 - 16) =    -24.05810  eV     1   --> A'             
     e( 17 - 17) =    -24.05714  eV     1   --> A''            
     e( 18 - 18) =    -24.05584  eV     1   --> A'             
     e( 19 - 19) =    -24.03998  eV     1   --> A'             
     e( 20 - 20) =    -24.03524  eV     1   --> A''            
     e( 21 - 21) =     -6.39004  eV     1   --> A'             
     e( 22 - 22) =     -5.24220  eV     1   --> A''            
     e( 23 - 23) =      1.12488  eV     1   --> A''            
     e( 24 - 24) =      4.83330  eV     1   --> A''            
     e( 25 - 25) =      5.09534  eV     1   --> A'             
     e( 26 - 26) =      5.54569  eV     1   --> A'             
     e( 27 - 27) =      5.89337  eV     1   --> A'             
     e( 28 - 28) =      5.95716  eV     1   --> A''            
     e( 29 - 29) =      8.91170  eV     1   --> A'             
     e( 30 - 30) =      9.69931  eV     1   --> A''            
     e( 31 - 31) =     12.38865  eV     1   --> A'             
     e( 32 - 32) =     12.77758  eV     1   --> A''            
     e( 33 - 33) =     13.07181  eV     1   --> A'             
     e( 34 - 34) =     13.91946  eV     1   --> A''            
     e( 35 - 35) =     14.29666  eV     1   --> A'             
     e( 36 - 36) =     15.64502  eV     1   --> A''            
     e( 37 - 37) =     15.85455  eV     1   --> A'             
     e( 38 - 38) =     16.44273  eV     1   --> A''            
     e( 39 - 39) =     17.23546  eV     1   --> A'             
     e( 40 - 40) =     18.29331  eV     1   --> A'             
     e( 41 - 41) =     18.88951  eV     1   --> A''            
     e( 42 - 42) =     19.14936  eV     1   --> A'             
     e( 43 - 43) =     19.43005  eV     1   --> A''            
     e( 44 - 44) =     21.38518  eV     1   --> A''            
     e( 45 - 45) =     23.09318  eV     1   --> A''            

 **************************************************************************

 **************************************************************************

                    xk=(  -0.09353,  -0.00000,   0.00000  )

     Band symmetry, C_s (m)     point group:

     e(  1 -  2) =    -39.37249  eV     2   --> A'             
     e(  1 -  2) =    -39.37249  eV     2   --> A''            
     e(  3 -  4) =    -39.37096  eV     2   --> A'             
     e(  3 -  4) =    -39.37096  eV     2   --> A''            
     e(  5 -  5) =    -39.37061  eV     1   -->   ?
     e(  6 -  6) =    -39.37043  eV     1   --> A''            
     e(  7 -  7) =    -39.36529  eV     1   --> A'             
     e(  8 -  8) =    -39.36511  eV     1   --> A''            
     e(  9 -  9) =    -39.36458  eV     1   --> A''            
     e( 10 - 10) =    -39.36444  eV     1   --> A'             
     e( 11 - 11) =    -24.13894  eV     1   --> A''            
     e( 12 - 12) =    -24.13076  eV     1   --> A'             
     e( 13 - 13) =    -24.12464  eV     1   --> A''            
     e( 14 - 14) =    -24.07716  eV     1   --> A''            
     e( 15 - 15) =    -24.07499  eV     1   --> A'             
     e( 16 - 16) =    -24.05811  eV     1   --> A'             
     e( 17 - 17) =    -24.05708  eV     1   --> A''            
     e( 18 - 18) =    -24.05585  eV     1   --> A'             
     e( 19 - 19) =    -24.03992  eV     1   --> A'             
     e( 20 - 20) =    -24.03528  eV     1   --> A''            
     e( 21 - 21) =     -6.39129  eV     1   --> A'             
     e( 22 - 22) =     -5.24297  eV     1   --> A''            
     e( 23 - 23) =      1.12358  eV     1   --> A''            
     e( 24 - 24) =      4.84154  eV     1   --> A''            
     e( 25 - 25) =      5.09876  eV     1   --> A'             
     e( 26 - 26) =      5.55472  eV     1   --> A'             
     e( 27 - 27) =      5.89469  eV     1   --> A'             
     e( 28 - 28) =      5.95869  eV     1   --> A''            
     e( 29 - 29) =      8.90285  eV     1   --> A'             
     e( 30 - 30) =      9.69117  eV     1   --> A''            
     e( 31 - 31) =     12.39373  eV     1   --> A'             
     e( 32 - 32) =     12.77475  eV     1   --> A''            
     e( 33 - 33) =     13.06880  eV     1   --> A'             
     e( 34 - 34) =     13.92247  eV     1   --> A''            
     e( 35 - 35) =     14.29140  eV     1   --> A'             
     e( 36 - 36) =     15.65323  eV     1   --> A''            
     e( 37 - 37) =     15.86430  eV     1   --> A'             
     e( 38 - 38) =     16.44357  eV     1   --> A''            
     e( 39 - 39) =     17.22326  eV     1   --> A'             
     e( 40 - 40) =     18.28795  eV     1   --> A'             
     e( 41 - 41) =     18.88303  eV     1   --> A''            
     e( 42 - 42) =     19.13517  eV     1   --> A'             
     e( 43 - 43) =     19.41797  eV     1   --> A''            
     e( 44 - 44) =     21.38879  eV     1   --> A''            
     e( 45 - 45) =     23.10604  eV     1   --> A''            

 **************************************************************************

 **************************************************************************

                    xk=(  -0.09238,  -0.00000,   0.00000  )

     Band symmetry, C_s (m)     point group:

     e(  1 -  2) =    -39.37249  eV     2   --> A'             
     e(  1 -  2) =    -39.37249  eV     2   --> A''            
     e(  3 -  4) =    -39.37096  eV     2   --> A'             
     e(  3 -  4) =    -39.37096  eV     2   --> A''            
     e(  5 -  5) =    -39.37061  eV     1   -->   ?
     e(  6 -  6) =    -39.37042  eV     1   --> A''            
     e(  7 -  7) =    -39.36529  eV     1   --> A'             
     e(  8 -  8) =    -39.36511  eV     1   --> A''            
     e(  9 -  9) =    -39.36458  eV     1   --> A''            
     e( 10 - 10) =    -39.36444  eV     1   --> A'             
     e( 11 - 11) =    -24.13898  eV     1   --> A''            
     e( 12 - 12) =    -24.13062  eV     1   --> A'             
     e( 13 - 13) =    -24.12464  eV     1   --> A''            
     e( 14 - 14) =    -24.07718  eV     1   --> A''            
     e( 15 - 15) =    -24.07506  eV     1   --> A'             
     e( 16 - 16) =    -24.05812  eV     1   --> A'             
     e( 17 - 17) =    -24.05701  eV     1   --> A''            
     e( 18 - 18) =    -24.05584  eV     1   --> A'             
     e( 19 - 19) =    -24.03987  eV     1   --> A'             
     e( 20 - 20) =    -24.03532  eV     1   --> A''            
     e( 21 - 21) =     -6.39252  eV     1   --> A'             
     e( 22 - 22) =     -5.24373  eV     1   --> A''            
     e( 23 - 23) =      1.12229  eV     1   --> A''            
     e( 24 - 24) =      4.84974  eV     1   --> A''            
     e( 25 - 25) =      5.10211  eV     1   --> A'             
     e( 26 - 26) =      5.56374  eV     1   --> A'             
     e( 27 - 27) =      5.89599  eV     1   --> A'             
     e( 28 - 28) =      5.96020  eV     1   --> A''            
     e( 29 - 29) =      8.89404  eV     1   --> A'             
     e( 30 - 30) =      9.68308  eV     1   --> A''            
     e( 31 - 31) =     12.39880  eV     1   --> A'             
     e( 32 - 32) =     12.77193  eV     1   --> A''            
     e( 33 - 33) =     13.06581  eV     1   --> A'             
     e( 34 - 34) =     13.92548  eV     1   --> A''            
     e( 35 - 35) =     14.28620  eV     1   --> A'             
     e( 36 - 36) =     15.66141  eV     1   --> A''            
     e( 37 - 37) =     15.87408  eV     1   --> A'             
     e( 38 - 38) =     16.44443  eV     1   --> A''            
     e( 39 - 39) =     17.21114  eV     1   --> A'             
     e( 40 - 40) =     18.28258  eV     1   --> A'             
     e( 41 - 41) =     18.87656  eV     1   --> A''            
     e( 42 - 42) =     19.12113  eV     1   --> A'             
     e( 43 - 43) =     19.40595  eV     1   --> A''            
     e( 44 - 44) =     21.39244  eV     1   --> A''            
     e( 45 - 45) =     23.11886  eV     1   --> A''            

 **************************************************************************

 **************************************************************************

                    xk=(  -0.09122,  -0.00000,   0.00000  )

     Band symmetry, C_s (m)     point group:

     e(  1 -  2) =    -39.37249  eV     2   --> A'             
     e(  1 -  2) =    -39.37249  eV     2   --> A''            
     e(  3 -  4) =    -39.37095  eV     2   --> A'             
     e(  3 -  4) =    -39.37095  eV     2   --> A''            
     e(  5 -  5) =    -39.37061  eV     1   -->   ?
     e(  6 -  6) =    -39.37042  eV     1   --> A''            
     e(  7 -  7) =    -39.36528  eV     1   --> A'             
     e(  8 -  8) =    -39.36511  eV     1   --> A''            
     e(  9 -  9) =    -39.36458  eV     1   --> A''            
     e( 10 - 10) =    -39.36444  eV     1   --> A'             
     e( 11 - 11) =    -24.13903  eV     1   --> A''            
     e( 12 - 12) =    -24.13048  eV     1   --> A'             
     e( 13 - 13) =    -24.12464  eV     1   --> A''            
     e( 14 - 14) =    -24.07721  eV     1   --> A''            
     e( 15 - 15) =    -24.07512  eV     1   --> A'             
     e( 16 - 16) =    -24.05814  eV     1   --> A'             
     e( 17 - 17) =    -24.05694  eV     1   --> A''            
     e( 18 - 18) =    -24.05584  eV     1   --> A'             
     e( 19 - 19) =    -24.03981  eV     1   --> A'             
     e( 20 - 20) =    -24.03536  eV     1   --> A''            
     e( 21 - 21) =     -6.39374  eV     1   --> A'             
     e( 22 - 22) =     -5.24448  eV     1   --> A''            
     e( 23 - 23) =      1.12101  eV     1   --> A''            
     e( 24 - 24) =      4.85787  eV     1   --> A''            
     e( 25 - 25) =      5.10539  eV     1   --> A'             
     e( 26 - 26) =      5.57274  eV     1   --> A'             
     e( 27 - 27) =      5.89727  eV     1   --> A'             
     e( 28 - 28) =      5.96168  eV     1   --> A''            
     e( 29 - 29) =      8.88527  eV     1   --> A'             
     e( 30 - 30) =      9.67504  eV     1   --> A''            
     e( 31 - 31) =     12.40385  eV     1   --> A'             
     e( 32 - 32) =     12.76912  eV     1   --> A''            
     e( 33 - 33) =     13.06284  eV     1   --> A'             
     e( 34 - 34) =     13.92848  eV     1   --> A''            
     e( 35 - 35) =     14.28106  eV     1   --> A'             
     e( 36 - 36) =     15.66954  eV     1   --> A''            
     e( 37 - 37) =     15.88389  eV     1   --> A'             
     e( 38 - 38) =     16.44531  eV     1   --> A''            
     e( 39 - 39) =     17.19910  eV     1   --> A'             
     e( 40 - 40) =     18.27719  eV     1   --> A'             
     e( 41 - 41) =     18.87011  eV     1   --> A''            
     e( 42 - 42) =     19.10723  eV     1   --> A'             
     e( 43 - 43) =     19.39400  eV     1   --> A''            
     e( 44 - 44) =     21.39613  eV     1   --> A''            
     e( 45 - 45) =     23.13165  eV     1   --> A''            

 **************************************************************************

 **************************************************************************

                    xk=(  -0.09007,  -0.00000,   0.00000  )

     Band symmetry, C_s (m)     point group:

     e(  1 -  2) =    -39.37248  eV     2   --> A'             
     e(  1 -  2) =    -39.37248  eV     2   --> A''            
     e(  3 -  4) =    -39.37095  eV     2   --> A'             
     e(  3 -  4) =    -39.37095  eV     2   --> A''            
     e(  5 -  5) =    -39.37060  eV     1   -->   ?
     e(  6 -  6) =    -39.37042  eV     1   --> A''            
     e(  7 -  7) =    -39.36528  eV     1   --> A'             
     e(  8 -  8) =    -39.36511  eV     1   --> A''            
     e(  9 -  9) =    -39.36458  eV     1   --> A''            
     e( 10 - 10) =    -39.36444  eV     1   --> A'             
     e( 11 - 11) =    -24.13907  eV     1   --> A''            
     e( 12 - 12) =    -24.13033  eV     1   --> A'             
     e( 13 - 13) =    -24.12464  eV     1   --> A''            
     e( 14 - 14) =    -24.07723  eV     1   --> A''            
     e( 15 - 15) =    -24.07519  eV     1   --> A'             
     e( 16 - 16) =    -24.05816  eV     1   --> A'             
     e( 17 - 17) =    -24.05687  eV     1   --> A''            
     e( 18 - 18) =    -24.05583  eV     1   --> A'             
     e( 19 - 19) =    -24.03975  eV     1   --> A'             
     e( 20 - 20) =    -24.03539  eV     1   --> A''            
     e( 21 - 21) =     -6.39494  eV     1   --> A'             
     e( 22 - 22) =     -5.24522  eV     1   --> A''            
     e( 23 - 23) =      1.11976  eV     1   --> A''            
     e( 24 - 24) =      4.86595  eV     1   --> A''            
     e( 25 - 25) =      5.10861  eV     1   --> A'             
     e( 26 - 26) =      5.58172  eV     1   --> A'             
     e( 27 - 27) =      5.89854  eV     1   --> A'             
     e( 28 - 28) =      5.96314  eV     1   --> A''            
     e( 29 - 29) =      8.87654  eV     1   --> A'             
     e( 30 - 30) =      9.66706  eV     1   --> A''            
     e( 31 - 31) =     12.40888  eV     1   --> A'             
     e( 32 - 32) =     12.76634  eV     1   --> A''            
     e( 33 - 33) =     13.05989  eV     1   --> A'             
     e( 34 - 34) =     13.93147  eV     1   --> A''            
     e( 35 - 35) =     14.27598  eV     1   --> A'             
     e( 36 - 36) =     15.67763  eV     1   --> A''            
     e( 37 - 37) =     15.89371  eV     1   --> A'             
     e( 38 - 38) =     16.44621  eV     1   --> A''            
     e( 39 - 39) =     17.18716  eV     1   --> A'             
     e( 40 - 40) =     18.27177  eV     1   --> A'             
     e( 41 - 41) =     18.86368  eV     1   --> A''            
     e( 42 - 42) =     19.09349  eV     1   --> A'             
     e( 43 - 43) =     19.38211  eV     1   --> A''            
     e( 44 - 44) =     21.39986  eV     1   --> A''            
     e( 45 - 45) =     23.14440  eV     1   --> A''            

 **************************************************************************

 **************************************************************************

                    xk=(  -0.08891,  -0.00000,   0.00000  )

     Band symmetry, C_s (m)     point group:

     e(  1 -  2) =    -39.37248  eV     2   --> A'             
     e(  1 -  2) =    -39.37248  eV     2   --> A''            
     e(  3 -  4) =    -39.37095  eV     2   --> A'             
     e(  3 -  4) =    -39.37095  eV     2   --> A''            
     e(  5 -  5) =    -39.37060  eV     1   -->   ?
     e(  6 -  6) =    -39.37042  eV     1   --> A''            
     e(  7 -  7) =    -39.36528  eV     1   --> A'             
     e(  8 -  8) =    -39.36511  eV     1   --> A''            
     e(  9 -  9) =    -39.36457  eV     1   --> A''            
     e( 10 - 10) =    -39.36444  eV     1   --> A'             
     e( 11 - 11) =    -24.13912  eV     1   --> A''            
     e( 12 - 12) =    -24.13019  eV     1   --> A'             
     e( 13 - 13) =    -24.12463  eV     1   --> A''            
     e( 14 - 14) =    -24.07725  eV     1   --> A''            
     e( 15 - 15) =    -24.07526  eV     1   --> A'             
     e( 16 - 16) =    -24.05819  eV     1   --> A'             
     e( 17 - 17) =    -24.05680  eV     1   --> A''            
     e( 18 - 18) =    -24.05581  eV     1   --> A'             
     e( 19 - 19) =    -24.03970  eV     1   --> A'             
     e( 20 - 20) =    -24.03543  eV     1   --> A''            
     e( 21 - 21) =     -6.39613  eV     1   --> A'             
     e( 22 - 22) =     -5.24595  eV     1   --> A''            
     e( 23 - 23) =      1.11851  eV     1   --> A''            
     e( 24 - 24) =      4.87396  eV     1   --> A''            
     e( 25 - 25) =      5.11177  eV     1   --> A'             
     e( 26 - 26) =      5.59067  eV     1   --> A'             
     e( 27 - 27) =      5.89979  eV     1   --> A'             
     e( 28 - 28) =      5.96458  eV     1   --> A''            
     e( 29 - 29) =      8.86785  eV     1   --> A'             
     e( 30 - 30) =      9.65913  eV     1   --> A''            
     e( 31 - 31) =     12.41389  eV     1   --> A'             
     e( 32 - 32) =     12.76358  eV     1   --> A''            
     e( 33 - 33) =     13.05697  eV     1   --> A'             
     e( 34 - 34) =     13.93446  eV     1   --> A''            
     e( 35 - 35) =     14.27096  eV     1   --> A'             
     e( 36 - 36) =     15.68568  eV     1   --> A''            
     e( 37 - 37) =     15.90355  eV     1   --> A'             
     e( 38 - 38) =     16.44713  eV     1   --> A''            
     e( 39 - 39) =     17.17530  eV     1   --> A'             
     e( 40 - 40) =     18.26634  eV     1   --> A'             
     e( 41 - 41) =     18.85728  eV     1   --> A''            
     e( 42 - 42) =     19.07989  eV     1   --> A'             
     e( 43 - 43) =     19.37029  eV     1   --> A''            
     e( 44 - 44) =     21.40362  eV     1   --> A''            
     e( 45 - 45) =     23.15710  eV     1   --> A''            

 **************************************************************************

 **************************************************************************

                    xk=(  -0.08776,  -0.00000,   0.00000  )

     Band symmetry, C_s (m)     point group:

     e(  1 -  2) =    -39.37248  eV     2   --> A'             
     e(  1 -  2) =    -39.37248  eV     2   --> A''            
     e(  3 -  4) =    -39.37095  eV     2   --> A'             
     e(  3 -  4) =    -39.37095  eV     2   --> A''            
     e(  5 -  5) =    -39.37060  eV     1   -->   ?
     e(  6 -  6) =    -39.37042  eV     1   --> A''            
     e(  7 -  7) =    -39.36528  eV     1   --> A'             
     e(  8 -  8) =    -39.36511  eV     1   --> A''            
     e(  9 -  9) =    -39.36457  eV     1   --> A''            
     e( 10 - 10) =    -39.36444  eV     1   --> A'             
     e( 11 - 11) =    -24.13917  eV     1   --> A''            
     e( 12 - 12) =    -24.13005  eV     1   --> A'             
     e( 13 - 13) =    -24.12463  eV     1   --> A''            
     e( 14 - 14) =    -24.07728  eV     1   --> A''            
     e( 15 - 15) =    -24.07533  eV     1   --> A'             
     e( 16 - 16) =    -24.05822  eV     1   --> A'             
     e( 17 - 17) =    -24.05674  eV     1   --> A''            
     e( 18 - 18) =    -24.05579  eV     1   --> A'             
     e( 19 - 19) =    -24.03964  eV     1   --> A'             
     e( 20 - 20) =    -24.03547  eV     1   --> A''            
     e( 21 - 21) =     -6.39730  eV     1   --> A'             
     e( 22 - 22) =     -5.24668  eV     1   --> A''            
     e( 23 - 23) =      1.11729  eV     1   --> A''            
     e( 24 - 24) =      4.88192  eV     1   --> A''            
     e( 25 - 25) =      5.11486  eV     1   --> A'             
     e( 26 - 26) =      5.59960  eV     1   --> A'             
     e( 27 - 27) =      5.90102  eV     1   --> A'             
     e( 28 - 28) =      5.96600  eV     1   --> A''            
     e( 29 - 29) =      8.85921  eV     1   --> A'             
     e( 30 - 30) =      9.65127  eV     1   --> A''            
     e( 31 - 31) =     12.41888  eV     1   --> A'             
     e( 32 - 32) =     12.76084  eV     1   --> A''            
     e( 33 - 33) =     13.05408  eV     1   --> A'             
     e( 34 - 34) =     13.93744  eV     1   --> A''            
     e( 35 - 35) =     14.26600  eV     1   --> A'             
     e( 36 - 36) =     15.69368  eV     1   --> A''            
     e( 37 - 37) =     15.91340  eV     1   --> A'             
     e( 38 - 38) =     16.44807  eV     1   --> A''            
     e( 39 - 39) =     17.16354  eV     1   --> A'             
     e( 40 - 40) =     18.26087  eV     1   --> A'             
     e( 41 - 41) =     18.85090  eV     1   --> A''            
     e( 42 - 42) =     19.06646  eV     1   --> A'             
     e( 43 - 43) =     19.35854  eV     1   --> A''            
     e( 44 - 44) =     21.40742  eV     1   --> A''            
     e( 45 - 45) =     23.16975  eV     1   --> A''            

 **************************************************************************

 **************************************************************************

                    xk=(  -0.08660,  -0.00000,   0.00000  )

     Band symmetry, C_s (m)     point group:

     e(  1 -  2) =    -39.37247  eV     2   --> A'             
     e(  1 -  2) =    -39.37247  eV     2   --> A''            
     e(  3 -  4) =    -39.37090  eV     2   --> A'             
     e(  3 -  4) =    -39.37090  eV     2   --> A''            
     e(  5 -  5) =    -39.37053  eV     1   -->   ?
     e(  6 -  6) =    -39.37037  eV     1   --> A''            
     e(  7 -  7) =    -39.36521  eV     1   --> A'             
     e(  8 -  8) =    -39.36506  eV     1   --> A''            
     e(  9 -  9) =    -39.36453  eV     1   --> A''            
     e( 10 - 10) =    -39.36442  eV     1   --> A'             
     e( 11 - 11) =    -24.13921  eV     1   --> A''            
     e( 12 - 12) =    -24.12983  eV     1   --> A'             
     e( 13 - 13) =    -24.12457  eV     1   --> A''            
     e( 14 - 14) =    -24.07728  eV     1   --> A''            
     e( 15 - 15) =    -24.07539  eV     1   --> A'             
     e( 16 - 16) =    -24.05825  eV     1   --> A'             
     e( 17 - 17) =    -24.05664  eV     1   --> A''            
     e( 18 - 18) =    -24.05576  eV     1   --> A'             
     e( 19 - 19) =    -24.03952  eV     1   --> A'             
     e( 20 - 20) =    -24.03546  eV     1   --> A''            
     e( 21 - 21) =     -6.39845  eV     1   --> A'             
     e( 22 - 22) =     -5.24739  eV     1   --> A''            
     e( 23 - 23) =      1.11607  eV     1   --> A''            
     e( 24 - 24) =      4.88981  eV     1   --> A''            
     e( 25 - 25) =      5.11789  eV     1   --> A'             
     e( 26 - 26) =      5.60848  eV     1   --> A'             
     e( 27 - 27) =      5.90224  eV     1   --> A'             
     e( 28 - 28) =      5.96740  eV     1   --> A''            
     e( 29 - 29) =      8.85062  eV     1   --> A'             
     e( 30 - 30) =      9.64346  eV     1   --> A''            
     e( 31 - 31) =     12.42386  eV     1   --> A'             
     e( 32 - 32) =     12.75812  eV     1   --> A''            
     e( 33 - 33) =     13.05121  eV     1   --> A'             
     e( 34 - 34) =     13.94041  eV     1   --> A''            
     e( 35 - 35) =     14.26110  eV     1   --> A'             
     e( 36 - 36) =     15.70163  eV     1   --> A''            
     e( 37 - 37) =     15.92327  eV     1   --> A'             
     e( 38 - 38) =     16.44903  eV     1   --> A''            
     e( 39 - 39) =     17.15187  eV     1   --> A'             
     e( 40 - 40) =     18.25538  eV     1   --> A'             
     e( 41 - 41) =     18.84455  eV     1   --> A''            
     e( 42 - 42) =     19.05318  eV     1   --> A'             
     e( 43 - 43) =     19.34685  eV     1   --> A''            
     e( 44 - 44) =     21.41125  eV     1   --> A''            
     e( 45 - 45) =     23.18234  eV     1   --> A''            

 **************************************************************************

 **************************************************************************

                    xk=(  -0.08545,  -0.00000,   0.00000  )

     Band symmetry, C_s (m)     point group:

     e(  1 -  2) =    -39.37247  eV     2   --> A'             
     e(  1 -  2) =    -39.37247  eV     2   --> A''            
     e(  3 -  4) =    -39.37098  eV     2   --> A'             
     e(  3 -  4) =    -39.37098  eV     2   --> A''            
     e(  5 -  5) =    -39.37055  eV     1   -->   ?
     e(  6 -  6) =    -39.37043  eV     1   --> A''            
     e(  7 -  7) =    -39.36523  eV     1   --> A'             
     e(  8 -  8) =    -39.36511  eV     1   --> A''            
     e(  9 - 10) =    -39.36454  eV     2   --> A'             
     e(  9 - 10) =    -39.36454  eV     2   --> A''            
     e( 11 - 11) =    -24.13926  eV     1   --> A''            
     e( 12 - 12) =    -24.12971  eV     1   --> A'             
     e( 13 - 13) =    -24.12459  eV     1   --> A''            
     e( 14 - 14) =    -24.07731  eV     1   --> A''            
     e( 15 - 15) =    -24.07555  eV     1   --> A'             
     e( 16 - 16) =    -24.05830  eV     1   --> A'             
     e( 17 - 17) =    -24.05659  eV     1   --> A''            
     e( 18 - 18) =    -24.05578  eV     1   --> A'             
     e( 19 - 19) =    -24.03950  eV     1   --> A'             
     e( 20 - 20) =    -24.03554  eV     1   --> A''            
     e( 21 - 21) =     -6.39960  eV     1   --> A'             
     e( 22 - 22) =     -5.24810  eV     1   --> A''            
     e( 23 - 23) =      1.11488  eV     1   --> A''            
     e( 24 - 24) =      4.89765  eV     1   --> A''            
     e( 25 - 25) =      5.12086  eV     1   --> A'             
     e( 26 - 26) =      5.61734  eV     1   --> A'             
     e( 27 - 27) =      5.90345  eV     1   --> A'             
     e( 28 - 28) =      5.96877  eV     1   --> A''            
     e( 29 - 29) =      8.84208  eV     1   --> A'             
     e( 30 - 30) =      9.63571  eV     1   --> A''            
     e( 31 - 31) =     12.42881  eV     1   --> A'             
     e( 32 - 32) =     12.75542  eV     1   --> A''            
     e( 33 - 33) =     13.04836  eV     1   --> A'             
     e( 34 - 34) =     13.94337  eV     1   --> A''            
     e( 35 - 35) =     14.25627  eV     1   --> A'             
     e( 36 - 36) =     15.70953  eV     1   --> A''            
     e( 37 - 37) =     15.93315  eV     1   --> A'             
     e( 38 - 38) =     16.45001  eV     1   --> A''            
     e( 39 - 39) =     17.14029  eV     1   --> A'             
     e( 40 - 40) =     18.24986  eV     1   --> A'             
     e( 41 - 41) =     18.83823  eV     1   --> A''            
     e( 42 - 42) =     19.04007  eV     1   --> A'             
     e( 43 - 43) =     19.33524  eV     1   --> A''            
     e( 44 - 44) =     21.41511  eV     1   --> A''            
     e( 45 - 45) =     23.19487  eV     1   --> A''            

 **************************************************************************

 **************************************************************************

                    xk=(  -0.08429,  -0.00000,   0.00000  )

     Band symmetry, C_s (m)     point group:

     e(  1 -  2) =    -39.37247  eV     2   --> A'             
     e(  1 -  2) =    -39.37247  eV     2   --> A''            
     e(  3 -  4) =    -39.37098  eV     2   --> A'             
     e(  3 -  4) =    -39.37098  eV     2   --> A''            
     e(  5 -  5) =    -39.37055  eV     1   -->   ?
     e(  6 -  6) =    -39.37042  eV     1   --> A''            
     e(  7 -  7) =    -39.36523  eV     1   --> A'             
     e(  8 -  8) =    -39.36511  eV     1   --> A''            
     e(  9 - 10) =    -39.36454  eV     2   --> A'             
     e(  9 - 10) =    -39.36454  eV     2   --> A''            
     e( 11 - 11) =    -24.13931  eV     1   --> A''            
     e( 12 - 12) =    -24.12958  eV     1   --> A'             
     e( 13 - 13) =    -24.12458  eV     1   --> A''            
     e( 14 - 14) =    -24.07734  eV     1   --> A''            
     e( 15 - 15) =    -24.07562  eV     1   --> A'             
     e( 16 - 16) =    -24.05835  eV     1   --> A'             
     e( 17 - 17) =    -24.05652  eV     1   --> A''            
     e( 18 - 18) =    -24.05575  eV     1   --> A'             
     e( 19 - 19) =    -24.03944  eV     1   --> A'             
     e( 20 - 20) =    -24.03557  eV     1   --> A''            
     e( 21 - 21) =     -6.40072  eV     1   --> A'             
     e( 22 - 22) =     -5.24879  eV     1   --> A''            
     e( 23 - 23) =      1.11369  eV     1   --> A''            
     e( 24 - 24) =      4.90541  eV     1   --> A''            
     e( 25 - 25) =      5.12377  eV     1   --> A'             
     e( 26 - 26) =      5.62617  eV     1   --> A'             
     e( 27 - 27) =      5.90463  eV     1   --> A'             
     e( 28 - 28) =      5.97012  eV     1   --> A''            
     e( 29 - 29) =      8.83358  eV     1   --> A'             
     e( 30 - 30) =      9.62802  eV     1   --> A''            
     e( 31 - 31) =     12.43373  eV     1   --> A'             
     e( 32 - 32) =     12.75274  eV     1   --> A''            
     e( 33 - 33) =     13.04554  eV     1   --> A'             
     e( 34 - 34) =     13.94633  eV     1   --> A''            
     e( 35 - 35) =     14.25149  eV     1   --> A'             
     e( 36 - 36) =     15.71737  eV     1   --> A''            
     e( 37 - 37) =     15.94305  eV     1   --> A'             
     e( 38 - 38) =     16.45102  eV     1   --> A''            
     e( 39 - 39) =     17.12882  eV     1   --> A'             
     e( 40 - 40) =     18.24431  eV     1   --> A'             
     e( 41 - 41) =     18.83194  eV     1   --> A''            
     e( 42 - 42) =     19.02712  eV     1   --> A'             
     e( 43 - 43) =     19.32369  eV     1   --> A''            
     e( 44 - 44) =     21.41900  eV     1   --> A''            
     e( 45 - 45) =     23.20731  eV     1   --> A''            

 **************************************************************************

 **************************************************************************

                    xk=(  -0.08314,  -0.00000,   0.00000  )

     Band symmetry, C_s (m)     point group:

     e(  1 -  2) =    -39.37247  eV     2   --> A'             
     e(  1 -  2) =    -39.37247  eV     2   --> A''            
     e(  3 -  4) =    -39.37098  eV     2   --> A'             
     e(  3 -  4) =    -39.37098  eV     2   --> A''            
     e(  5 -  5) =    -39.37055  eV     1   -->   ?
     e(  6 -  6) =    -39.37042  eV     1   --> A''            
     e(  7 -  7) =    -39.36523  eV     1   --> A'             
     e(  8 -  8) =    -39.36511  eV     1   --> A''            
     e(  9 - 10) =    -39.36454  eV     2   --> A'             
     e(  9 - 10) =    -39.36454  eV     2   --> A''            
     e( 11 - 11) =    -24.13935  eV     1   --> A''            
     e( 12 - 12) =    -24.12944  eV     1   --> A'             
     e( 13 - 13) =    -24.12457  eV     1   --> A''            
     e( 14 - 14) =    -24.07736  eV     1   --> A''            
     e( 15 - 15) =    -24.07568  eV     1   --> A'             
     e( 16 - 16) =    -24.05839  eV     1   --> A'             
     e( 17 - 17) =    -24.05646  eV     1   --> A''            
     e( 18 - 18) =    -24.05571  eV     1   --> A'             
     e( 19 - 19) =    -24.03939  eV     1   --> A'             
     e( 20 - 20) =    -24.03561  eV     1   --> A''            
     e( 21 - 21) =     -6.40183  eV     1   --> A'             
     e( 22 - 22) =     -5.24948  eV     1   --> A''            
     e( 23 - 23) =      1.11253  eV     1   --> A''            
     e( 24 - 24) =      4.91311  eV     1   --> A''            
     e( 25 - 25) =      5.12663  eV     1   --> A'             
     e( 26 - 26) =      5.63495  eV     1   --> A'             
     e( 27 - 27) =      5.90581  eV     1   --> A'             
     e( 28 - 28) =      5.97145  eV     1   --> A''            
     e( 29 - 29) =      8.82514  eV     1   --> A'             
     e( 30 - 30) =      9.62039  eV     1   --> A''            
     e( 31 - 31) =     12.43863  eV     1   --> A'             
     e( 32 - 32) =     12.75009  eV     1   --> A''            
     e( 33 - 33) =     13.04275  eV     1   --> A'             
     e( 34 - 34) =     13.94927  eV     1   --> A''            
     e( 35 - 35) =     14.24678  eV     1   --> A'             
     e( 36 - 36) =     15.72516  eV     1   --> A''            
     e( 37 - 37) =     15.95295  eV     1   --> A'             
     e( 38 - 38) =     16.45205  eV     1   --> A''            
     e( 39 - 39) =     17.11743  eV     1   --> A'             
     e( 40 - 40) =     18.23872  eV     1   --> A'             
     e( 41 - 41) =     18.82570  eV     1   --> A''            
     e( 42 - 42) =     19.01434  eV     1   --> A'             
     e( 43 - 43) =     19.31222  eV     1   --> A''            
     e( 44 - 44) =     21.42291  eV     1   --> A''            
     e( 45 - 45) =     23.21968  eV     1   --> A''            

 **************************************************************************

 **************************************************************************

                    xk=(  -0.08198,  -0.00000,   0.00000  )

     Band symmetry, C_s (m)     point group:

     e(  1 -  2) =    -39.37246  eV     2   --> A'             
     e(  1 -  2) =    -39.37246  eV     2   --> A''            
     e(  3 -  4) =    -39.37091  eV     2   --> A'             
     e(  3 -  4) =    -39.37091  eV     2   --> A''            
     e(  5 -  5) =    -39.37054  eV     1   -->   ?
     e(  6 -  6) =    -39.37033  eV     1   --> A''            
     e(  7 -  7) =    -39.36523  eV     1   --> A'             
     e(  8 -  8) =    -39.36504  eV     1   --> A''            
     e(  9 - 10) =    -39.36452  eV     2   --> A'             
     e(  9 - 10) =    -39.36452  eV     2   --> A''            
     e( 11 - 11) =    -24.13938  eV     1   --> A''            
     e( 12 - 12) =    -24.12929  eV     1   --> A'             
     e( 13 - 13) =    -24.12450  eV     1   --> A''            
     e( 14 - 14) =    -24.07738  eV     1   --> A''            
     e( 15 - 15) =    -24.07568  eV     1   --> A'             
     e( 16 - 16) =    -24.05843  eV     1   --> A'             
     e( 17 - 17) =    -24.05639  eV     1   --> A''            
     e( 18 - 18) =    -24.05563  eV     1   --> A'             
     e( 19 - 19) =    -24.03932  eV     1   --> A'             
     e( 20 - 20) =    -24.03558  eV     1   --> A''            
     e( 21 - 21) =     -6.40293  eV     1   --> A'             
     e( 22 - 22) =     -5.25016  eV     1   --> A''            
     e( 23 - 23) =      1.11138  eV     1   --> A''            
     e( 24 - 24) =      4.92075  eV     1   --> A''            
     e( 25 - 25) =      5.12944  eV     1   --> A'             
     e( 26 - 26) =      5.64369  eV     1   --> A'             
     e( 27 - 27) =      5.90696  eV     1   --> A'             
     e( 28 - 28) =      5.97275  eV     1   --> A''            
     e( 29 - 29) =      8.81675  eV     1   --> A'             
     e( 30 - 30) =      9.61283  eV     1   --> A''            
     e( 31 - 31) =     12.44351  eV     1   --> A'             
     e( 32 - 32) =     12.74747  eV     1   --> A''            
     e( 33 - 33) =     13.03998  eV     1   --> A'             
     e( 34 - 34) =     13.95220  eV     1   --> A''            
     e( 35 - 35) =     14.24212  eV     1   --> A'             
     e( 36 - 36) =     15.73288  eV     1   --> A''            
     e( 37 - 37) =     15.96287  eV     1   --> A'             
     e( 38 - 38) =     16.45309  eV     1   --> A''            
     e( 39 - 39) =     17.10615  eV     1   --> A'             
     e( 40 - 40) =     18.23309  eV     1   --> A'             
     e( 41 - 41) =     18.81949  eV     1   --> A''            
     e( 42 - 42) =     19.00173  eV     1   --> A'             
     e( 43 - 43) =     19.30081  eV     1   --> A''            
     e( 44 - 44) =     21.42685  eV     1   --> A''            
     e( 45 - 45) =     23.23195  eV     1   --> A''            

 **************************************************************************

 **************************************************************************

                    xk=(  -0.08083,  -0.00000,   0.00000  )

     Band symmetry, C_s (m)     point group:

     e(  1 -  2) =    -39.37246  eV     2   --> A'             
     e(  1 -  2) =    -39.37246  eV     2   --> A''            
     e(  3 -  4) =    -39.37091  eV     2   --> A'             
     e(  3 -  4) =    -39.37091  eV     2   --> A''            
     e(  5 -  5) =    -39.37054  eV     1   -->   ?
     e(  6 -  6) =    -39.37033  eV     1   --> A''            
     e(  7 -  7) =    -39.36523  eV     1   --> A'             
     e(  8 -  8) =    -39.36504  eV     1   --> A''            
     e(  9 - 10) =    -39.36452  eV     2   --> A'             
     e(  9 - 10) =    -39.36452  eV     2   --> A''            
     e( 11 - 11) =    -24.13943  eV     1   --> A''            
     e( 12 - 12) =    -24.12916  eV     1   --> A'             
     e( 13 - 13) =    -24.12450  eV     1   --> A''            
     e( 14 - 14) =    -24.07740  eV     1   --> A''            
     e( 15 - 15) =    -24.07575  eV     1   --> A'             
     e( 16 - 16) =    -24.05848  eV     1   --> A'             
     e( 17 - 17) =    -24.05632  eV     1   --> A''            
     e( 18 - 18) =    -24.05559  eV     1   --> A'             
     e( 19 - 19) =    -24.03926  eV     1   --> A'             
     e( 20 - 20) =    -24.03561  eV     1   --> A''            
     e( 21 - 21) =     -6.40401  eV     1   --> A'             
     e( 22 - 22) =     -5.25083  eV     1   --> A''            
     e( 23 - 23) =      1.11024  eV     1   --> A''            
     e( 24 - 24) =      4.92831  eV     1   --> A''            
     e( 25 - 25) =      5.13219  eV     1   --> A'             
     e( 26 - 26) =      5.65239  eV     1   --> A'             
     e( 27 - 27) =      5.90810  eV     1   --> A'             
     e( 28 - 28) =      5.97403  eV     1   --> A''            
     e( 29 - 29) =      8.80842  eV     1   --> A'             
     e( 30 - 30) =      9.60534  eV     1   --> A''            
     e( 31 - 31) =     12.44835  eV     1   --> A'             
     e( 32 - 32) =     12.74487  eV     1   --> A''            
     e( 33 - 33) =     13.03725  eV     1   --> A'             
     e( 34 - 34) =     13.95512  eV     1   --> A''            
     e( 35 - 35) =     14.23752  eV     1   --> A'             
     e( 36 - 36) =     15.74055  eV     1   --> A''            
     e( 37 - 37) =     15.97279  eV     1   --> A'             
     e( 38 - 38) =     16.45416  eV     1   --> A''            
     e( 39 - 39) =     17.09497  eV     1   --> A'             
     e( 40 - 40) =     18.22743  eV     1   --> A'             
     e( 41 - 41) =     18.81333  eV     1   --> A''            
     e( 42 - 42) =     18.98929  eV     1   --> A'             
     e( 43 - 43) =     19.28949  eV     1   --> A''            
     e( 44 - 44) =     21.43081  eV     1   --> A''            
     e( 45 - 45) =     23.24412  eV     1   --> A''            

 **************************************************************************

 **************************************************************************

                    xk=(  -0.07967,  -0.00000,   0.00000  )

     Band symmetry, C_s (m)     point group:

     e(  1 -  2) =    -39.37246  eV     2   --> A'             
     e(  1 -  2) =    -39.37246  eV     2   --> A''            
     e(  3 -  4) =    -39.37091  eV     2   --> A'             
     e(  3 -  4) =    -39.37091  eV     2   --> A''            
     e(  5 -  5) =    -39.37053  eV     1   -->   ?
     e(  6 -  6) =    -39.37033  eV     1   --> A''            
     e(  7 -  7) =    -39.36523  eV     1   --> A'             
     e(  8 -  8) =    -39.36504  eV     1   --> A''            
     e(  9 - 10) =    -39.36452  eV     2   --> A'             
     e(  9 - 10) =    -39.36452  eV     2   --> A''            
     e( 11 - 11) =    -24.13947  eV     1   --> A''            
     e( 12 - 12) =    -24.12902  eV     1   --> A'             
     e( 13 - 13) =    -24.12449  eV     1   --> A''            
     e( 14 - 14) =    -24.07743  eV     1   --> A''            
     e( 15 - 15) =    -24.07581  eV     1   --> A'             
     e( 16 - 16) =    -24.05854  eV     1   --> A'             
     e( 17 - 17) =    -24.05626  eV     1   --> A''            
     e( 18 - 18) =    -24.05555  eV     1   --> A'             
     e( 19 - 19) =    -24.03921  eV     1   --> A'             
     e( 20 - 20) =    -24.03565  eV     1   --> A''            
     e( 21 - 21) =     -6.40507  eV     1   --> A'             
     e( 22 - 22) =     -5.25149  eV     1   --> A''            
     e( 23 - 23) =      1.10912  eV     1   --> A''            
     e( 24 - 24) =      4.93581  eV     1   --> A''            
     e( 25 - 25) =      5.13488  eV     1   --> A'             
     e( 26 - 26) =      5.66105  eV     1   --> A'             
     e( 27 - 27) =      5.90923  eV     1   --> A'             
     e( 28 - 28) =      5.97530  eV     1   --> A''            
     e( 29 - 29) =      8.80014  eV     1   --> A'             
     e( 30 - 30) =      9.59791  eV     1   --> A''            
     e( 31 - 31) =     12.45317  eV     1   --> A'             
     e( 32 - 32) =     12.74229  eV     1   --> A''            
     e( 33 - 33) =     13.03453  eV     1   --> A'             
     e( 34 - 34) =     13.95802  eV     1   --> A''            
     e( 35 - 35) =     14.23299  eV     1   --> A'             
     e( 36 - 36) =     15.74815  eV     1   --> A''            
     e( 37 - 37) =     15.98271  eV     1   --> A'             
     e( 38 - 38) =     16.45525  eV     1   --> A''            
     e( 39 - 39) =     17.08389  eV     1   --> A'             
     e( 40 - 40) =     18.22173  eV     1   --> A'             
     e( 41 - 41) =     18.80722  eV     1   --> A''            
     e( 42 - 42) =     18.97704  eV     1   --> A'             
     e( 43 - 43) =     19.27823  eV     1   --> A''            
     e( 44 - 44) =     21.43478  eV     1   --> A''            
     e( 45 - 45) =     23.25618  eV     1   --> A''            

 **************************************************************************

 **************************************************************************

                    xk=(  -0.07852,  -0.00000,   0.00000  )

     Band symmetry, C_s (m)     point group:

     e(  1 -  2) =    -39.37246  eV     2   --> A'             
     e(  1 -  2) =    -39.37246  eV     2   --> A''            
     e(  3 -  4) =    -39.37090  eV     2   --> A'             
     e(  3 -  4) =    -39.37090  eV     2   --> A''            
     e(  5 -  5) =    -39.37053  eV     1   -->   ?
     e(  6 -  6) =    -39.37033  eV     1   --> A''            
     e(  7 -  7) =    -39.36522  eV     1   --> A'             
     e(  8 -  8) =    -39.36503  eV     1   --> A''            
     e(  9 - 10) =    -39.36452  eV     2   --> A'             
     e(  9 - 10) =    -39.36452  eV     2   --> A''            
     e( 11 - 11) =    -24.13952  eV     1   --> A''            
     e( 12 - 12) =    -24.12889  eV     1   --> A'             
     e( 13 - 13) =    -24.12448  eV     1   --> A''            
     e( 14 - 14) =    -24.07745  eV     1   --> A''            
     e( 15 - 15) =    -24.07587  eV     1   --> A'             
     e( 16 - 16) =    -24.05859  eV     1   --> A'             
     e( 17 - 17) =    -24.05620  eV     1   --> A''            
     e( 18 - 18) =    -24.05551  eV     1   --> A'             
     e( 19 - 19) =    -24.03916  eV     1   --> A'             
     e( 20 - 20) =    -24.03568  eV     1   --> A''            
     e( 21 - 21) =     -6.40612  eV     1   --> A'             
     e( 22 - 22) =     -5.25214  eV     1   --> A''            
     e( 23 - 23) =      1.10801  eV     1   --> A''            
     e( 24 - 24) =      4.94324  eV     1   --> A''            
     e( 25 - 25) =      5.13751  eV     1   --> A'             
     e( 26 - 26) =      5.66965  eV     1   --> A'             
     e( 27 - 27) =      5.91034  eV     1   --> A'             
     e( 28 - 28) =      5.97654  eV     1   --> A''            
     e( 29 - 29) =      8.79191  eV     1   --> A'             
     e( 30 - 30) =      9.59054  eV     1   --> A''            
     e( 31 - 31) =     12.45796  eV     1   --> A'             
     e( 32 - 32) =     12.73974  eV     1   --> A''            
     e( 33 - 33) =     13.03185  eV     1   --> A'             
     e( 34 - 34) =     13.96091  eV     1   --> A''            
     e( 35 - 35) =     14.22853  eV     1   --> A'             
     e( 36 - 36) =     15.75568  eV     1   --> A''            
     e( 37 - 37) =     15.99264  eV     1   --> A'             
     e( 38 - 38) =     16.45636  eV     1   --> A''            
     e( 39 - 39) =     17.07291  eV     1   --> A'             
     e( 40 - 40) =     18.21599  eV     1   --> A'             
     e( 41 - 41) =     18.80115  eV     1   --> A''            
     e( 42 - 42) =     18.96496  eV     1   --> A'             
     e( 43 - 43) =     19.26706  eV     1   --> A''            
     e( 44 - 44) =     21.43878  eV     1   --> A''            
     e( 45 - 45) =     23.26812  eV     1   --> A''            

 **************************************************************************

 **************************************************************************

                    xk=(  -0.07736,  -0.00000,   0.00000  )

     Band symmetry, C_s (m)     point group:

     e(  1 -  2) =    -39.37245  eV     2   --> A'             
     e(  1 -  2) =    -39.37245  eV     2   --> A''            
     e(  3 -  4) =    -39.37090  eV     2   --> A'             
     e(  3 -  4) =    -39.37090  eV     2   --> A''            
     e(  5 -  5) =    -39.37053  eV     1   -->   ?
     e(  6 -  6) =    -39.37033  eV     1   --> A''            
     e(  7 -  7) =    -39.36522  eV     1   --> A'             
     e(  8 -  8) =    -39.36503  eV     1   --> A''            
     e(  9 - 10) =    -39.36451  eV     2   --> A'             
     e(  9 - 10) =    -39.36451  eV     2   --> A''            
     e( 11 - 11) =    -24.13957  eV     1   --> A''            
     e( 12 - 12) =    -24.12876  eV     1   --> A'             
     e( 13 - 13) =    -24.12446  eV     1   --> A''            
     e( 14 - 14) =    -24.07748  eV     1   --> A''            
     e( 15 - 15) =    -24.07594  eV     1   --> A'             
     e( 16 - 16) =    -24.05865  eV     1   --> A'             
     e( 17 - 17) =    -24.05614  eV     1   --> A''            
     e( 18 - 18) =    -24.05547  eV     1   --> A'             
     e( 19 - 19) =    -24.03911  eV     1   --> A'             
     e( 20 - 20) =    -24.03572  eV     1   --> A''            
     e( 21 - 21) =     -6.40716  eV     1   --> A'             
     e( 22 - 22) =     -5.25279  eV     1   --> A''            
     e( 23 - 23) =      1.10692  eV     1   --> A''            
     e( 24 - 24) =      4.95059  eV     1   --> A''            
     e( 25 - 25) =      5.14010  eV     1   --> A'             
     e( 26 - 26) =      5.67820  eV     1   --> A'             
     e( 27 - 27) =      5.91143  eV     1   --> A'             
     e( 28 - 28) =      5.97775  eV     1   --> A''            
     e( 29 - 29) =      8.78375  eV     1   --> A'             
     e( 30 - 30) =      9.58325  eV     1   --> A''            
     e( 31 - 31) =     12.46272  eV     1   --> A'             
     e( 32 - 32) =     12.73722  eV     1   --> A''            
     e( 33 - 33) =     13.02919  eV     1   --> A'             
     e( 34 - 34) =     13.96378  eV     1   --> A''            
     e( 35 - 35) =     14.22412  eV     1   --> A'             
     e( 36 - 36) =     15.76314  eV     1   --> A''            
     e( 37 - 37) =     16.00257  eV     1   --> A'             
     e( 38 - 38) =     16.45750  eV     1   --> A''            
     e( 39 - 39) =     17.06203  eV     1   --> A'             
     e( 40 - 40) =     18.21020  eV     1   --> A'             
     e( 41 - 41) =     18.79514  eV     1   --> A''            
     e( 42 - 42) =     18.95307  eV     1   --> A'             
     e( 43 - 43) =     19.25596  eV     1   --> A''            
     e( 44 - 44) =     21.44279  eV     1   --> A''            
     e( 45 - 45) =     23.27992  eV     1   --> A''            

 **************************************************************************

 **************************************************************************

                    xk=(  -0.07621,  -0.00000,   0.00000  )

     Band symmetry, C_s (m)     point group:

     e(  1 -  2) =    -39.37245  eV     2   --> A'             
     e(  1 -  2) =    -39.37245  eV     2   --> A''            
     e(  3 -  4) =    -39.37090  eV     2   --> A'             
     e(  3 -  4) =    -39.37090  eV     2   --> A''            
     e(  5 -  5) =    -39.37053  eV     1   -->   ?
     e(  6 -  6) =    -39.37032  eV     1   --> A''            
     e(  7 -  7) =    -39.36522  eV     1   --> A'             
     e(  8 -  8) =    -39.36503  eV     1   --> A''            
     e(  9 - 10) =    -39.36451  eV     2   --> A'             
     e(  9 - 10) =    -39.36451  eV     2   --> A''            
     e( 11 - 11) =    -24.13961  eV     1   --> A''            
     e( 12 - 12) =    -24.12863  eV     1   --> A'             
     e( 13 - 13) =    -24.12445  eV     1   --> A''            
     e( 14 - 14) =    -24.07750  eV     1   --> A''            
     e( 15 - 15) =    -24.07600  eV     1   --> A'             
     e( 16 - 16) =    -24.05870  eV     1   --> A'             
     e( 17 - 17) =    -24.05608  eV     1   --> A''            
     e( 18 - 18) =    -24.05543  eV     1   --> A'             
     e( 19 - 19) =    -24.03905  eV     1   --> A'             
     e( 20 - 20) =    -24.03575  eV     1   --> A''            
     e( 21 - 21) =     -6.40818  eV     1   --> A'             
     e( 22 - 22) =     -5.25342  eV     1   --> A''            
     e( 23 - 23) =      1.10585  eV     1   --> A''            
     e( 24 - 24) =      4.95788  eV     1   --> A''            
     e( 25 - 25) =      5.14263  eV     1   --> A'             
     e( 26 - 26) =      5.68669  eV     1   --> A'             
     e( 27 - 27) =      5.91251  eV     1   --> A'             
     e( 28 - 28) =      5.97895  eV     1   --> A''            
     e( 29 - 29) =      8.77565  eV     1   --> A'             
     e( 30 - 30) =      9.57603  eV     1   --> A''            
     e( 31 - 31) =     12.46745  eV     1   --> A'             
     e( 32 - 32) =     12.73472  eV     1   --> A''            
     e( 33 - 33) =     13.02657  eV     1   --> A'             
     e( 34 - 34) =     13.96663  eV     1   --> A''            
     e( 35 - 35) =     14.21978  eV     1   --> A'             
     e( 36 - 36) =     15.77053  eV     1   --> A''            
     e( 37 - 37) =     16.01250  eV     1   --> A'             
     e( 38 - 38) =     16.45866  eV     1   --> A''            
     e( 39 - 39) =     17.05126  eV     1   --> A'             
     e( 40 - 40) =     18.20438  eV     1   --> A'             
     e( 41 - 41) =     18.78918  eV     1   --> A''            
     e( 42 - 42) =     18.94136  eV     1   --> A'             
     e( 43 - 43) =     19.24494  eV     1   --> A''            
     e( 44 - 44) =     21.44681  eV     1   --> A''            
     e( 45 - 45) =     23.29157  eV     1   --> A''            

 **************************************************************************

 **************************************************************************

                    xk=(  -0.07506,  -0.00000,   0.00000  )

     Band symmetry, C_s (m)     point group:

     e(  1 -  2) =    -39.37245  eV     2   --> A'             
     e(  1 -  2) =    -39.37245  eV     2   --> A''            
     e(  3 -  4) =    -39.37090  eV     2   --> A'             
     e(  3 -  4) =    -39.37090  eV     2   --> A''            
     e(  5 -  5) =    -39.37052  eV     1   -->   ?
     e(  6 -  6) =    -39.37032  eV     1   --> A''            
     e(  7 -  7) =    -39.36522  eV     1   --> A'             
     e(  8 -  8) =    -39.36503  eV     1   --> A''            
     e(  9 - 10) =    -39.36451  eV     2   --> A'             
     e(  9 - 10) =    -39.36451  eV     2   --> A''            
     e( 11 - 11) =    -24.13966  eV     1   --> A''            
     e( 12 - 12) =    -24.12850  eV     1   --> A'             
     e( 13 - 13) =    -24.12444  eV     1   --> A''            
     e( 14 - 14) =    -24.07752  eV     1   --> A''            
     e( 15 - 15) =    -24.07606  eV     1   --> A'             
     e( 16 - 16) =    -24.05876  eV     1   --> A'             
     e( 17 - 17) =    -24.05602  eV     1   --> A''            
     e( 18 - 18) =    -24.05539  eV     1   --> A'             
     e( 19 - 19) =    -24.03900  eV     1   --> A'             
     e( 20 - 20) =    -24.03578  eV     1   --> A''            
     e( 21 - 21) =     -6.40918  eV     1   --> A'             
     e( 22 - 22) =     -5.25405  eV     1   --> A''            
     e( 23 - 23) =      1.10479  eV     1   --> A''            
     e( 24 - 24) =      4.96509  eV     1   --> A''            
     e( 25 - 25) =      5.14511  eV     1   --> A'             
     e( 26 - 26) =      5.69513  eV     1   --> A'             
     e( 27 - 27) =      5.91358  eV     1   --> A'             
     e( 28 - 28) =      5.98012  eV     1   --> A''            
     e( 29 - 29) =      8.76761  eV     1   --> A'             
     e( 30 - 30) =      9.56888  eV     1   --> A''            
     e( 31 - 31) =     12.47214  eV     1   --> A'             
     e( 32 - 32) =     12.73225  eV     1   --> A''            
     e( 33 - 33) =     13.02397  eV     1   --> A'             
     e( 34 - 34) =     13.96947  eV     1   --> A''            
     e( 35 - 35) =     14.21549  eV     1   --> A'             
     e( 36 - 36) =     15.77785  eV     1   --> A''            
     e( 37 - 37) =     16.02242  eV     1   --> A'             
     e( 38 - 38) =     16.45984  eV     1   --> A''            
     e( 39 - 39) =     17.04060  eV     1   --> A'             
     e( 40 - 40) =     18.19851  eV     1   --> A'             
     e( 41 - 41) =     18.78328  eV     1   --> A''            
     e( 42 - 42) =     18.92984  eV     1   --> A'             
     e( 43 - 43) =     19.23400  eV     1   --> A''            
     e( 44 - 44) =     21.45084  eV     1   --> A''            
     e( 45 - 45) =     23.30307  eV     1   --> A''            

 **************************************************************************

 **************************************************************************

                    xk=(  -0.07390,  -0.00000,   0.00000  )

     Band symmetry, C_s (m)     point group:

     e(  1 -  2) =    -39.37244  eV     2   --> A'             
     e(  1 -  2) =    -39.37244  eV     2   --> A''            
     e(  3 -  4) =    -39.37088  eV     2   --> A'             
     e(  3 -  4) =    -39.37088  eV     2   --> A''            
     e(  5 -  5) =    -39.37047  eV     1   -->   ?
     e(  6 -  6) =    -39.37036  eV     1   --> A''            
     e(  7 -  8) =    -39.36512  eV     2   --> A'             
     e(  7 -  8) =    -39.36512  eV     2   --> A''            
     e(  9 - 10) =    -39.36449  eV     2   --> A'             
     e(  9 - 10) =    -39.36449  eV     2   --> A''            
     e( 11 - 11) =    -24.13971  eV     1   --> A''            
     e( 12 - 12) =    -24.12834  eV     1   --> A'             
     e( 13 - 13) =    -24.12446  eV     1   --> A''            
     e( 14 - 14) =    -24.07752  eV     1   --> A''            
     e( 15 - 15) =    -24.07612  eV     1   --> A'             
     e( 16 - 16) =    -24.05882  eV     1   --> A'             
     e( 17 - 17) =    -24.05591  eV     1   --> A''            
     e( 18 - 18) =    -24.05533  eV     1   --> A'             
     e( 19 - 19) =    -24.03889  eV     1   --> A'             
     e( 20 - 20) =    -24.03584  eV     1   --> A''            
     e( 21 - 21) =     -6.41017  eV     1   --> A'             
     e( 22 - 22) =     -5.25466  eV     1   --> A''            
     e( 23 - 23) =      1.10375  eV     1   --> A''            
     e( 24 - 24) =      4.97223  eV     1   --> A''            
     e( 25 - 25) =      5.14754  eV     1   --> A'             
     e( 26 - 26) =      5.70350  eV     1   --> A'             
     e( 27 - 27) =      5.91462  eV     1   --> A'             
     e( 28 - 28) =      5.98128  eV     1   --> A''            
     e( 29 - 29) =      8.75964  eV     1   --> A'             
     e( 30 - 30) =      9.56181  eV     1   --> A''            
     e( 31 - 31) =     12.47681  eV     1   --> A'             
     e( 32 - 32) =     12.72981  eV     1   --> A''            
     e( 33 - 33) =     13.02140  eV     1   --> A'             
     e( 34 - 34) =     13.97227  eV     1   --> A''            
     e( 35 - 35) =     14.21128  eV     1   --> A'             
     e( 36 - 36) =     15.78509  eV     1   --> A''            
     e( 37 - 37) =     16.03234  eV     1   --> A'             
     e( 38 - 38) =     16.46105  eV     1   --> A''            
     e( 39 - 39) =     17.03005  eV     1   --> A'             
     e( 40 - 40) =     18.19259  eV     1   --> A'             
     e( 41 - 41) =     18.77743  eV     1   --> A''            
     e( 42 - 42) =     18.91851  eV     1   --> A'             
     e( 43 - 43) =     19.22314  eV     1   --> A''            
     e( 44 - 44) =     21.45488  eV     1   --> A''            
     e( 45 - 45) =     23.31439  eV     1   --> A''            

 **************************************************************************

 **************************************************************************

                    xk=(  -0.07275,  -0.00000,   0.00000  )

     Band symmetry, C_s (m)     point group:

     e(  1 -  1) =    -39.37256  eV     1   -->   ?
     e(  2 -  2) =    -39.37236  eV     1   -->   ?
     e(  3 -  4) =    -39.37098  eV     2   --> A'             
     e(  3 -  4) =    -39.37098  eV     2   --> A''            
     e(  5 -  6) =    -39.37049  eV     2   --> A'             
     e(  5 -  6) =    -39.37049  eV     2   --> A''            
     e(  7 -  8) =    -39.36517  eV     2   --> A'             
     e(  7 -  8) =    -39.36517  eV     2   --> A''            
     e(  9 - 10) =    -39.36458  eV     2   --> A'             
     e(  9 - 10) =    -39.36458  eV     2   --> A''            
     e( 11 - 11) =    -24.13977  eV     1   --> A''            
     e( 12 - 12) =    -24.12825  eV     1   --> A'             
     e( 13 - 13) =    -24.12454  eV     1   --> A''            
     e( 14 - 14) =    -24.07760  eV     1   --> A''            
     e( 15 - 15) =    -24.07621  eV     1   --> A'             
     e( 16 - 16) =    -24.05895  eV     1   --> A'             
     e( 17 - 17) =    -24.05594  eV     1   --> A''            
     e( 18 - 18) =    -24.05533  eV     1   --> A'             
     e( 19 - 19) =    -24.03887  eV     1   --> A'             
     e( 20 - 20) =    -24.03596  eV     1   --> A''            
     e( 21 - 21) =     -6.41115  eV     1   --> A'             
     e( 22 - 22) =     -5.25527  eV     1   --> A''            
     e( 23 - 23) =      1.10272  eV     1   --> A''            
     e( 24 - 24) =      4.97928  eV     1   --> A''            
     e( 25 - 25) =      5.14993  eV     1   --> A'             
     e( 26 - 26) =      5.71181  eV     1   --> A'             
     e( 27 - 27) =      5.91565  eV     1   --> A'             
     e( 28 - 28) =      5.98241  eV     1   --> A''            
     e( 29 - 29) =      8.75173  eV     1   --> A'             
     e( 30 - 30) =      9.55481  eV     1   --> A''            
     e( 31 - 31) =     12.48143  eV     1   --> A'             
     e( 32 - 32) =     12.72740  eV     1   --> A''            
     e( 33 - 33) =     13.01886  eV     1   --> A'             
     e( 34 - 34) =     13.97507  eV     1   --> A''            
     e( 35 - 35) =     14.20712  eV     1   --> A'             
     e( 36 - 36) =     15.79225  eV     1   --> A''            
     e( 37 - 37) =     16.04225  eV     1   --> A'             
     e( 38 - 38) =     16.46227  eV     1   --> A''            
     e( 39 - 39) =     17.01960  eV     1   --> A'             
     e( 40 - 40) =     18.18664  eV     1   --> A'             
     e( 41 - 41) =     18.77165  eV     1   --> A''            
     e( 42 - 42) =     18.90737  eV     1   --> A'             
     e( 43 - 43) =     19.21237  eV     1   --> A''            
     e( 44 - 44) =     21.45893  eV     1   --> A''            
     e( 45 - 45) =     23.32551  eV     1   --> A''            

 **************************************************************************

 **************************************************************************

                    xk=(  -0.07159,  -0.00000,   0.00000  )

     Band symmetry, C_s (m)     point group:

     e(  1 -  1) =    -39.37253  eV     1   -->   ?
     e(  2 -  2) =    -39.37230  eV     1   -->   ?
     e(  3 -  4) =    -39.37092  eV     2   --> A'             
     e(  3 -  4) =    -39.37092  eV     2   --> A''            
     e(  5 -  6) =    -39.37037  eV     2   --> A'             
     e(  5 -  6) =    -39.37037  eV     2   --> A''            
     e(  7 -  8) =    -39.36505  eV     2   --> A'             
     e(  7 -  8) =    -39.36505  eV     2   --> A''            
     e(  9 - 10) =    -39.36453  eV     2   --> A'             
     e(  9 - 10) =    -39.36453  eV     2   --> A''            
     e( 11 - 11) =    -24.13976  eV     1   --> A''            
     e( 12 - 12) =    -24.12802  eV     1   --> A'             
     e( 13 - 13) =    -24.12445  eV     1   --> A''            
     e( 14 - 14) =    -24.07758  eV     1   --> A''            
     e( 15 - 15) =    -24.07624  eV     1   --> A'             
     e( 16 - 16) =    -24.05898  eV     1   --> A'             
     e( 17 - 17) =    -24.05584  eV     1   --> A''            
     e( 18 - 18) =    -24.05524  eV     1   --> A'             
     e( 19 - 19) =    -24.03874  eV     1   --> A'             
     e( 20 - 20) =    -24.03591  eV     1   --> A''            
     e( 21 - 21) =     -6.41210  eV     1   --> A'             
     e( 22 - 22) =     -5.25586  eV     1   --> A''            
     e( 23 - 23) =      1.10171  eV     1   --> A''            
     e( 24 - 24) =      4.98627  eV     1   --> A''            
     e( 25 - 25) =      5.15225  eV     1   --> A'             
     e( 26 - 26) =      5.72006  eV     1   --> A'             
     e( 27 - 27) =      5.91668  eV     1   --> A'             
     e( 28 - 28) =      5.98352  eV     1   --> A''            
     e( 29 - 29) =      8.74388  eV     1   --> A'             
     e( 30 - 30) =      9.54788  eV     1   --> A''            
     e( 31 - 31) =     12.48602  eV     1   --> A'             
     e( 32 - 32) =     12.72502  eV     1   --> A''            
     e( 33 - 33) =     13.01636  eV     1   --> A'             
     e( 34 - 34) =     13.97784  eV     1   --> A''            
     e( 35 - 35) =     14.20305  eV     1   --> A'             
     e( 36 - 36) =     15.79933  eV     1   --> A''            
     e( 37 - 37) =     16.05215  eV     1   --> A'             
     e( 38 - 38) =     16.46352  eV     1   --> A''            
     e( 39 - 39) =     17.00926  eV     1   --> A'             
     e( 40 - 40) =     18.18063  eV     1   --> A'             
     e( 41 - 41) =     18.76593  eV     1   --> A''            
     e( 42 - 42) =     18.89644  eV     1   --> A'             
     e( 43 - 43) =     19.20168  eV     1   --> A''            
     e( 44 - 44) =     21.46298  eV     1   --> A''            
     e( 45 - 45) =     23.33643  eV     1   --> A''            

 **************************************************************************

 **************************************************************************

                    xk=(  -0.07044,  -0.00000,   0.00000  )

     Band symmetry, C_s (m)     point group:

     e(  1 -  1) =    -39.37253  eV     1   -->   ?
     e(  2 -  2) =    -39.37230  eV     1   -->   ?
     e(  3 -  4) =    -39.37092  eV     2   --> A'             
     e(  3 -  4) =    -39.37092  eV     2   --> A''            
     e(  5 -  6) =    -39.37037  eV     2   --> A'             
     e(  5 -  6) =    -39.37037  eV     2   --> A''            
     e(  7 -  8) =    -39.36505  eV     2   --> A'             
     e(  7 -  8) =    -39.36505  eV     2   --> A''            
     e(  9 - 10) =    -39.36453  eV     2   --> A'             
     e(  9 - 10) =    -39.36453  eV     2   --> A''            
     e( 11 - 11) =    -24.13981  eV     1   --> A''            
     e( 12 - 12) =    -24.12790  eV     1   --> A'             
     e( 13 - 13) =    -24.12444  eV     1   --> A''            
     e( 14 - 14) =    -24.07760  eV     1   --> A''            
     e( 15 - 15) =    -24.07630  eV     1   --> A'             
     e( 16 - 16) =    -24.05904  eV     1   --> A'             
     e( 17 - 17) =    -24.05578  eV     1   --> A''            
     e( 18 - 18) =    -24.05520  eV     1   --> A'             
     e( 19 - 19) =    -24.03869  eV     1   --> A'             
     e( 20 - 20) =    -24.03594  eV     1   --> A''            
     e( 21 - 21) =     -6.41305  eV     1   --> A'             
     e( 22 - 22) =     -5.25645  eV     1   --> A''            
     e( 23 - 23) =      1.10071  eV     1   --> A''            
     e( 24 - 24) =      4.99317  eV     1   --> A''            
     e( 25 - 25) =      5.15454  eV     1   --> A'             
     e( 26 - 26) =      5.72824  eV     1   --> A'             
     e( 27 - 27) =      5.91768  eV     1   --> A'             
     e( 28 - 28) =      5.98461  eV     1   --> A''            
     e( 29 - 29) =      8.73611  eV     1   --> A'             
     e( 30 - 30) =      9.54103  eV     1   --> A''            
     e( 31 - 31) =     12.49057  eV     1   --> A'             
     e( 32 - 32) =     12.72267  eV     1   --> A''            
     e( 33 - 33) =     13.01388  eV     1   --> A'             
     e( 34 - 34) =     13.98059  eV     1   --> A''            
     e( 35 - 35) =     14.19901  eV     1   --> A'             
     e( 36 - 36) =     15.80632  eV     1   --> A''            
     e( 37 - 37) =     16.06204  eV     1   --> A'             
     e( 38 - 38) =     16.46479  eV     1   --> A''            
     e( 39 - 39) =     16.99903  eV     1   --> A'             
     e( 40 - 40) =     18.17458  eV     1   --> A'             
     e( 41 - 41) =     18.76028  eV     1   --> A''            
     e( 42 - 42) =     18.88569  eV     1   --> A'             
     e( 43 - 43) =     19.19108  eV     1   --> A''            
     e( 44 - 44) =     21.46703  eV     1   --> A''            
     e( 45 - 45) =     23.34712  eV     1   --> A''            

 **************************************************************************

 **************************************************************************

                    xk=(  -0.06928,  -0.00000,   0.00000  )

     Band symmetry, C_s (m)     point group:

     e(  1 -  1) =    -39.37253  eV     1   -->   ?
     e(  2 -  2) =    -39.37229  eV     1   -->   ?
     e(  3 -  4) =    -39.37092  eV     2   --> A'             
     e(  3 -  4) =    -39.37092  eV     2   --> A''            
     e(  5 -  6) =    -39.37037  eV     2   --> A'             
     e(  5 -  6) =    -39.37037  eV     2   --> A''            
     e(  7 -  8) =    -39.36505  eV     2   --> A'             
     e(  7 -  8) =    -39.36505  eV     2   --> A''            
     e(  9 - 10) =    -39.36453  eV     2   --> A'             
     e(  9 - 10) =    -39.36453  eV     2   --> A''            
     e( 11 - 11) =    -24.13985  eV     1   --> A''            
     e( 12 - 12) =    -24.12777  eV     1   --> A'             
     e( 13 - 13) =    -24.12442  eV     1   --> A''            
     e( 14 - 14) =    -24.07763  eV     1   --> A''            
     e( 15 - 15) =    -24.07636  eV     1   --> A'             
     e( 16 - 16) =    -24.05910  eV     1   --> A'             
     e( 17 - 17) =    -24.05572  eV     1   --> A''            
     e( 18 - 18) =    -24.05516  eV     1   --> A'             
     e( 19 - 19) =    -24.03864  eV     1   --> A'             
     e( 20 - 20) =    -24.03597  eV     1   --> A''            
     e( 21 - 21) =     -6.41397  eV     1   --> A'             
     e( 22 - 22) =     -5.25703  eV     1   --> A''            
     e( 23 - 23) =      1.09973  eV     1   --> A''            
     e( 24 - 24) =      4.99999  eV     1   --> A''            
     e( 25 - 25) =      5.15678  eV     1   --> A'             
     e( 26 - 26) =      5.73635  eV     1   --> A'             
     e( 27 - 27) =      5.91867  eV     1   --> A'             
     e( 28 - 28) =      5.98568  eV     1   --> A''            
     e( 29 - 29) =      8.72841  eV     1   --> A'             
     e( 30 - 30) =      9.53426  eV     1   --> A''            
     e( 31 - 31) =     12.49508  eV     1   --> A'             
     e( 32 - 32) =     12.72034  eV     1   --> A''            
     e( 33 - 33) =     13.01143  eV     1   --> A'             
     e( 34 - 34) =     13.98332  eV     1   --> A''            
     e( 35 - 35) =     14.19504  eV     1   --> A'             
     e( 36 - 36) =     15.81324  eV     1   --> A''            
     e( 37 - 37) =     16.07192  eV     1   --> A'             
     e( 38 - 38) =     16.46608  eV     1   --> A''            
     e( 39 - 39) =     16.98892  eV     1   --> A'             
     e( 40 - 40) =     18.16849  eV     1   --> A'             
     e( 41 - 41) =     18.75470  eV     1   --> A''            
     e( 42 - 42) =     18.87515  eV     1   --> A'             
     e( 43 - 43) =     19.18057  eV     1   --> A''            
     e( 44 - 44) =     21.47108  eV     1   --> A''            
     e( 45 - 45) =     23.35756  eV     1   --> A''            

 **************************************************************************

 **************************************************************************

                    xk=(  -0.06813,  -0.00000,   0.00000  )

     Band symmetry, C_s (m)     point group:

     e(  1 -  1) =    -39.37261  eV     1   -->   ?
     e(  2 -  2) =    -39.37231  eV     1   -->   ?
     e(  3 -  3) =    -39.37105  eV     1   --> A''            
     e(  4 -  4) =    -39.37089  eV     1   --> A'             
     e(  5 -  6) =    -39.37040  eV     2   --> A'             
     e(  5 -  6) =    -39.37040  eV     2   --> A''            
     e(  7 -  8) =    -39.36507  eV     2   --> A'             
     e(  7 -  8) =    -39.36507  eV     2   --> A''            
     e(  9 -  9) =    -39.36461  eV     1   --> A''            
     e( 10 - 10) =    -39.36444  eV     1   --> A'             
     e( 11 - 11) =    -24.13992  eV     1   --> A''            
     e( 12 - 12) =    -24.12768  eV     1   --> A'             
     e( 13 - 13) =    -24.12441  eV     1   --> A''            
     e( 14 - 14) =    -24.07771  eV     1   --> A''            
     e( 15 - 15) =    -24.07642  eV     1   --> A'             
     e( 16 - 16) =    -24.05920  eV     1   --> A'             
     e( 17 - 17) =    -24.05576  eV     1   --> A''            
     e( 18 - 18) =    -24.05512  eV     1   --> A'             
     e( 19 - 19) =    -24.03862  eV     1   --> A'             
     e( 20 - 20) =    -24.03601  eV     1   --> A''            
     e( 21 - 21) =     -6.41489  eV     1   --> A'             
     e( 22 - 22) =     -5.25760  eV     1   --> A''            
     e( 23 - 23) =      1.09876  eV     1   --> A''            
     e( 24 - 24) =      5.00672  eV     1   --> A''            
     e( 25 - 25) =      5.15897  eV     1   --> A'             
     e( 26 - 26) =      5.74440  eV     1   --> A'             
     e( 27 - 27) =      5.91965  eV     1   --> A'             
     e( 28 - 28) =      5.98672  eV     1   --> A''            
     e( 29 - 29) =      8.72079  eV     1   --> A'             
     e( 30 - 30) =      9.52757  eV     1   --> A''            
     e( 31 - 31) =     12.49955  eV     1   --> A'             
     e( 32 - 32) =     12.71806  eV     1   --> A''            
     e( 33 - 33) =     13.00902  eV     1   --> A'             
     e( 34 - 34) =     13.98604  eV     1   --> A''            
     e( 35 - 35) =     14.19114  eV     1   --> A'             
     e( 36 - 36) =     15.82006  eV     1   --> A''            
     e( 37 - 37) =     16.08179  eV     1   --> A'             
     e( 38 - 38) =     16.46739  eV     1   --> A''            
     e( 39 - 39) =     16.97891  eV     1   --> A'             
     e( 40 - 40) =     18.16235  eV     1   --> A'             
     e( 41 - 41) =     18.74919  eV     1   --> A''            
     e( 42 - 42) =     18.86481  eV     1   --> A'             
     e( 43 - 43) =     19.17014  eV     1   --> A''            
     e( 44 - 44) =     21.47513  eV     1   --> A''            
     e( 45 - 45) =     23.36725  eV     1   -->   ?

 **************************************************************************

 **************************************************************************

                    xk=(  -0.06697,  -0.00000,   0.00000  )

     Band symmetry, C_s (m)     point group:

     e(  1 -  1) =    -39.37260  eV     1   -->   ?
     e(  2 -  2) =    -39.37231  eV     1   -->   ?
     e(  3 -  3) =    -39.37105  eV     1   --> A''            
     e(  4 -  4) =    -39.37089  eV     1   --> A'             
     e(  5 -  6) =    -39.37040  eV     2   --> A'             
     e(  5 -  6) =    -39.37040  eV     2   --> A''            
     e(  7 -  8) =    -39.36507  eV     2   --> A'             
     e(  7 -  8) =    -39.36507  eV     2   --> A''            
     e(  9 -  9) =    -39.36461  eV     1   --> A''            
     e( 10 - 10) =    -39.36444  eV     1   --> A'             
     e( 11 - 11) =    -24.13996  eV     1   --> A''            
     e( 12 - 12) =    -24.12756  eV     1   --> A'             
     e( 13 - 13) =    -24.12439  eV     1   --> A''            
     e( 14 - 14) =    -24.07773  eV     1   --> A''            
     e( 15 - 15) =    -24.07648  eV     1   --> A'             
     e( 16 - 16) =    -24.05926  eV     1   --> A'             
     e( 17 - 17) =    -24.05570  eV     1   --> A''            
     e( 18 - 18) =    -24.05508  eV     1   --> A'             
     e( 19 - 19) =    -24.03857  eV     1   --> A'             
     e( 20 - 20) =    -24.03604  eV     1   --> A''            
     e( 21 - 21) =     -6.41578  eV     1   --> A'             
     e( 22 - 22) =     -5.25816  eV     1   --> A''            
     e( 23 - 23) =      1.09781  eV     1   --> A''            
     e( 24 - 24) =      5.01338  eV     1   --> A''            
     e( 25 - 25) =      5.16111  eV     1   --> A'             
     e( 26 - 26) =      5.75236  eV     1   --> A'             
     e( 27 - 27) =      5.92061  eV     1   --> A'             
     e( 28 - 28) =      5.98774  eV     1   --> A''            
     e( 29 - 29) =      8.71323  eV     1   --> A'             
     e( 30 - 30) =      9.52096  eV     1   --> A''            
     e( 31 - 31) =     12.50397  eV     1   --> A'             
     e( 32 - 32) =     12.71580  eV     1   --> A''            
     e( 33 - 33) =     13.00663  eV     1   --> A'             
     e( 34 - 34) =     13.98872  eV     1   --> A''            
     e( 35 - 35) =     14.18729  eV     1   --> A'             
     e( 36 - 36) =     15.82679  eV     1   --> A''            
     e( 37 - 37) =     16.09165  eV     1   --> A'             
     e( 38 - 38) =     16.46873  eV     1   --> A''            
     e( 39 - 39) =     16.96902  eV     1   --> A'             
     e( 40 - 40) =     18.15617  eV     1   --> A'             
     e( 41 - 41) =     18.74375  eV     1   --> A''            
     e( 42 - 42) =     18.85467  eV     1   --> A'             
     e( 43 - 43) =     19.15981  eV     1   --> A''            
     e( 44 - 44) =     21.47917  eV     1   --> A''            
     e( 45 - 45) =     23.37047  eV     1   --> A'             

 **************************************************************************

 **************************************************************************

                    xk=(  -0.06582,  -0.00000,   0.00000  )

     Band symmetry, C_s (m)     point group:

     e(  1 -  1) =    -39.37260  eV     1   -->   ?
     e(  2 -  2) =    -39.37231  eV     1   -->   ?
     e(  3 -  3) =    -39.37105  eV     1   --> A''            
     e(  4 -  4) =    -39.37089  eV     1   --> A'             
     e(  5 -  6) =    -39.37040  eV     2   --> A'             
     e(  5 -  6) =    -39.37040  eV     2   --> A''            
     e(  7 -  8) =    -39.36507  eV     2   --> A'             
     e(  7 -  8) =    -39.36507  eV     2   --> A''            
     e(  9 -  9) =    -39.36461  eV     1   --> A''            
     e( 10 - 10) =    -39.36444  eV     1   --> A'             
     e( 11 - 11) =    -24.14001  eV     1   --> A''            
     e( 12 - 12) =    -24.12745  eV     1   --> A'             
     e( 13 - 13) =    -24.12438  eV     1   --> A''            
     e( 14 - 14) =    -24.07775  eV     1   --> A''            
     e( 15 - 15) =    -24.07654  eV     1   --> A'             
     e( 16 - 16) =    -24.05931  eV     1   --> A'             
     e( 17 - 17) =    -24.05565  eV     1   --> A''            
     e( 18 - 18) =    -24.05504  eV     1   --> A'             
     e( 19 - 19) =    -24.03852  eV     1   --> A'             
     e( 20 - 20) =    -24.03607  eV     1   --> A''            
     e( 21 - 21) =     -6.41667  eV     1   --> A'             
     e( 22 - 22) =     -5.25871  eV     1   --> A''            
     e( 23 - 23) =      1.09688  eV     1   --> A''            
     e( 24 - 24) =      5.01995  eV     1   --> A''            
     e( 25 - 25) =      5.16322  eV     1   --> A'             
     e( 26 - 26) =      5.76025  eV     1   --> A'             
     e( 27 - 27) =      5.92156  eV     1   --> A'             
     e( 28 - 28) =      5.98874  eV     1   --> A''            
     e( 29 - 29) =      8.70576  eV     1   --> A'             
     e( 30 - 30) =      9.51444  eV     1   --> A''            
     e( 31 - 31) =     12.50836  eV     1   --> A'             
     e( 32 - 32) =     12.71357  eV     1   --> A''            
     e( 33 - 33) =     13.00428  eV     1   --> A'             
     e( 34 - 34) =     13.99137  eV     1   --> A''            
     e( 35 - 35) =     14.18351  eV     1   --> A'             
     e( 36 - 36) =     15.83343  eV     1   --> A''            
     e( 37 - 37) =     16.10148  eV     1   --> A'             
     e( 38 - 38) =     16.47008  eV     1   --> A''            
     e( 39 - 39) =     16.95924  eV     1   --> A'             
     e( 40 - 40) =     18.14994  eV     1   --> A'             
     e( 41 - 41) =     18.73838  eV     1   --> A''            
     e( 42 - 42) =     18.84474  eV     1   --> A'             
     e( 43 - 43) =     19.14958  eV     1   --> A''            
     e( 44 - 44) =     21.48320  eV     1   --> A''            
     e( 45 - 45) =     23.37365  eV     1   -->   ?

 **************************************************************************

 **************************************************************************

                    xk=(  -0.06466,  -0.00000,   0.00000  )

     Band symmetry, C_s (m)     point group:

     e(  1 -  1) =    -39.37260  eV     1   -->   ?
     e(  2 -  2) =    -39.37231  eV     1   -->   ?
     e(  3 -  3) =    -39.37105  eV     1   --> A''            
     e(  4 -  4) =    -39.37089  eV     1   --> A'             
     e(  5 -  6) =    -39.37040  eV     2   --> A'             
     e(  5 -  6) =    -39.37040  eV     2   --> A''            
     e(  7 -  8) =    -39.36507  eV     2   --> A'             
     e(  7 -  8) =    -39.36507  eV     2   --> A''            
     e(  9 -  9) =    -39.36461  eV     1   --> A''            
     e( 10 - 10) =    -39.36444  eV     1   --> A'             
     e( 11 - 11) =    -24.14005  eV     1   --> A''            
     e( 12 - 12) =    -24.12733  eV     1   --> A'             
     e( 13 - 13) =    -24.12436  eV     1   --> A''            
     e( 14 - 14) =    -24.07778  eV     1   --> A''            
     e( 15 - 15) =    -24.07660  eV     1   --> A'             
     e( 16 - 16) =    -24.05937  eV     1   --> A'             
     e( 17 - 17) =    -24.05560  eV     1   --> A''            
     e( 18 - 18) =    -24.05500  eV     1   --> A'             
     e( 19 - 19) =    -24.03847  eV     1   --> A'             
     e( 20 - 20) =    -24.03610  eV     1   --> A''            
     e( 21 - 21) =     -6.41753  eV     1   --> A'             
     e( 22 - 22) =     -5.25926  eV     1   --> A''            
     e( 23 - 23) =      1.09596  eV     1   --> A''            
     e( 24 - 24) =      5.02644  eV     1   --> A''            
     e( 25 - 25) =      5.16527  eV     1   --> A'             
     e( 26 - 26) =      5.76805  eV     1   --> A'             
     e( 27 - 27) =      5.92249  eV     1   --> A'             
     e( 28 - 28) =      5.98973  eV     1   --> A''            
     e( 29 - 29) =      8.69836  eV     1   --> A'             
     e( 30 - 30) =      9.50800  eV     1   --> A''            
     e( 31 - 31) =     12.51270  eV     1   --> A'             
     e( 32 - 32) =     12.71137  eV     1   --> A''            
     e( 33 - 33) =     13.00196  eV     1   --> A'             
     e( 34 - 34) =     13.99400  eV     1   --> A''            
     e( 35 - 35) =     14.17979  eV     1   --> A'             
     e( 36 - 36) =     15.83998  eV     1   --> A''            
     e( 37 - 37) =     16.11129  eV     1   --> A'             
     e( 38 - 38) =     16.47146  eV     1   --> A''            
     e( 39 - 39) =     16.94958  eV     1   --> A'             
     e( 40 - 40) =     18.14368  eV     1   --> A'             
     e( 41 - 41) =     18.73310  eV     1   --> A''            
     e( 42 - 42) =     18.83501  eV     1   --> A'             
     e( 43 - 43) =     19.13944  eV     1   --> A''            
     e( 44 - 44) =     21.48722  eV     1   --> A''            
     e( 45 - 45) =     23.37677  eV     1   --> A'             

 **************************************************************************

 **************************************************************************

                    xk=(  -0.06351,  -0.00000,   0.00000  )

     Band symmetry, C_s (m)     point group:

     e(  1 -  1) =    -39.37260  eV     1   -->   ?
     e(  2 -  2) =    -39.37230  eV     1   -->   ?
     e(  3 -  3) =    -39.37105  eV     1   --> A''            
     e(  4 -  4) =    -39.37088  eV     1   --> A'             
     e(  5 -  6) =    -39.37040  eV     2   --> A'             
     e(  5 -  6) =    -39.37040  eV     2   --> A''            
     e(  7 -  8) =    -39.36507  eV     2   --> A'             
     e(  7 -  8) =    -39.36507  eV     2   --> A''            
     e(  9 -  9) =    -39.36461  eV     1   --> A''            
     e( 10 - 10) =    -39.36444  eV     1   --> A'             
     e( 11 - 11) =    -24.14009  eV     1   --> A''            
     e( 12 - 12) =    -24.12721  eV     1   --> A'             
     e( 13 - 13) =    -24.12435  eV     1   --> A''            
     e( 14 - 14) =    -24.07780  eV     1   --> A''            
     e( 15 - 15) =    -24.07666  eV     1   --> A'             
     e( 16 - 16) =    -24.05943  eV     1   --> A'             
     e( 17 - 17) =    -24.05554  eV     1   --> A''            
     e( 18 - 18) =    -24.05496  eV     1   --> A'             
     e( 19 - 19) =    -24.03842  eV     1   --> A'             
     e( 20 - 20) =    -24.03613  eV     1   --> A''            
     e( 21 - 21) =     -6.41838  eV     1   --> A'             
     e( 22 - 22) =     -5.25979  eV     1   --> A''            
     e( 23 - 23) =      1.09506  eV     1   --> A''            
     e( 24 - 24) =      5.03285  eV     1   --> A''            
     e( 25 - 25) =      5.16729  eV     1   --> A'             
     e( 26 - 26) =      5.77577  eV     1   --> A'             
     e( 27 - 27) =      5.92341  eV     1   --> A'             
     e( 28 - 28) =      5.99069  eV     1   --> A''            
     e( 29 - 29) =      8.69104  eV     1   --> A'             
     e( 30 - 30) =      9.50164  eV     1   --> A''            
     e( 31 - 31) =     12.51699  eV     1   --> A'             
     e( 32 - 32) =     12.70921  eV     1   --> A''            
     e( 33 - 33) =     12.99967  eV     1   --> A'             
     e( 34 - 34) =     13.99660  eV     1   --> A''            
     e( 35 - 35) =     14.17613  eV     1   --> A'             
     e( 36 - 36) =     15.84643  eV     1   --> A''            
     e( 37 - 37) =     16.12107  eV     1   --> A'             
     e( 38 - 38) =     16.47285  eV     1   --> A''            
     e( 39 - 39) =     16.94003  eV     1   --> A'             
     e( 40 - 40) =     18.13737  eV     1   --> A'             
     e( 41 - 41) =     18.72789  eV     1   --> A''            
     e( 42 - 42) =     18.82549  eV     1   --> A'             
     e( 43 - 43) =     19.12940  eV     1   --> A''            
     e( 44 - 44) =     21.49123  eV     1   --> A''            
     e( 45 - 45) =     23.37984  eV     1   --> A'             

 **************************************************************************

 **************************************************************************

                    xk=(  -0.06235,  -0.00000,   0.00000  )

     Band symmetry, C_s (m)     point group:

     e(  1 -  1) =    -39.37260  eV     1   -->   ?
     e(  2 -  2) =    -39.37230  eV     1   -->   ?
     e(  3 -  3) =    -39.37105  eV     1   --> A''            
     e(  4 -  4) =    -39.37088  eV     1   --> A'             
     e(  5 -  6) =    -39.37040  eV     2   --> A'             
     e(  5 -  6) =    -39.37040  eV     2   --> A''            
     e(  7 -  8) =    -39.36507  eV     2   --> A'             
     e(  7 -  8) =    -39.36507  eV     2   --> A''            
     e(  9 -  9) =    -39.36461  eV     1   --> A''            
     e( 10 - 10) =    -39.36443  eV     1   --> A'             
     e( 11 - 11) =    -24.14014  eV     1   --> A''            
     e( 12 - 12) =    -24.12710  eV     1   --> A'             
     e( 13 - 13) =    -24.12433  eV     1   --> A''            
     e( 14 - 14) =    -24.07782  eV     1   --> A''            
     e( 15 - 15) =    -24.07672  eV     1   --> A'             
     e( 16 - 16) =    -24.05948  eV     1   --> A'             
     e( 17 - 17) =    -24.05549  eV     1   --> A''            
     e( 18 - 18) =    -24.05493  eV     1   --> A'             
     e( 19 - 19) =    -24.03838  eV     1   --> A'             
     e( 20 - 20) =    -24.03616  eV     1   --> A''            
     e( 21 - 21) =     -6.41922  eV     1   --> A'             
     e( 22 - 22) =     -5.26031  eV     1   --> A''            
     e( 23 - 23) =      1.09417  eV     1   --> A''            
     e( 24 - 24) =      5.03916  eV     1   --> A''            
     e( 25 - 25) =      5.16926  eV     1   --> A'             
     e( 26 - 26) =      5.78340  eV     1   --> A'             
     e( 27 - 27) =      5.92432  eV     1   --> A'             
     e( 28 - 28) =      5.99163  eV     1   --> A''            
     e( 29 - 29) =      8.68381  eV     1   --> A'             
     e( 30 - 30) =      9.49537  eV     1   --> A''            
     e( 31 - 31) =     12.52124  eV     1   --> A'             
     e( 32 - 32) =     12.70708  eV     1   --> A''            
     e( 33 - 33) =     12.99741  eV     1   --> A'             
     e( 34 - 34) =     13.99917  eV     1   --> A''            
     e( 35 - 35) =     14.17254  eV     1   --> A'             
     e( 36 - 36) =     15.85279  eV     1   --> A''            
     e( 37 - 37) =     16.13083  eV     1   --> A'             
     e( 38 - 38) =     16.47427  eV     1   --> A''            
     e( 39 - 39) =     16.93060  eV     1   --> A'             
     e( 40 - 40) =     18.13102  eV     1   --> A'             
     e( 41 - 41) =     18.72277  eV     1   --> A''            
     e( 42 - 42) =     18.81618  eV     1   --> A'             
     e( 43 - 43) =     19.11946  eV     1   --> A''            
     e( 44 - 44) =     21.49522  eV     1   --> A''            
     e( 45 - 45) =     23.38286  eV     1   --> A'             

 **************************************************************************

 **************************************************************************

                    xk=(  -0.06120,  -0.00000,   0.00000  )

     Band symmetry, C_s (m)     point group:

     e(  1 -  1) =    -39.37260  eV     1   -->   ?
     e(  2 -  2) =    -39.37230  eV     1   -->   ?
     e(  3 -  3) =    -39.37105  eV     1   --> A''            
     e(  4 -  4) =    -39.37088  eV     1   --> A'             
     e(  5 -  6) =    -39.37039  eV     2   --> A'             
     e(  5 -  6) =    -39.37039  eV     2   --> A''            
     e(  7 -  8) =    -39.36507  eV     2   --> A'             
     e(  7 -  8) =    -39.36507  eV     2   --> A''            
     e(  9 -  9) =    -39.36461  eV     1   --> A''            
     e( 10 - 10) =    -39.36443  eV     1   --> A'             
     e( 11 - 11) =    -24.14018  eV     1   --> A''            
     e( 12 - 12) =    -24.12699  eV     1   --> A'             
     e( 13 - 13) =    -24.12432  eV     1   --> A''            
     e( 14 - 14) =    -24.07784  eV     1   --> A''            
     e( 15 - 15) =    -24.07677  eV     1   --> A'             
     e( 16 - 16) =    -24.05954  eV     1   --> A'             
     e( 17 - 17) =    -24.05544  eV     1   --> A''            
     e( 18 - 18) =    -24.05489  eV     1   --> A'             
     e( 19 - 19) =    -24.03833  eV     1   --> A'             
     e( 20 - 20) =    -24.03619  eV     1   --> A''            
     e( 21 - 21) =     -6.42004  eV     1   --> A'             
     e( 22 - 22) =     -5.26083  eV     1   --> A''            
     e( 23 - 23) =      1.09330  eV     1   --> A''            
     e( 24 - 24) =      5.04539  eV     1   --> A''            
     e( 25 - 25) =      5.17118  eV     1   --> A'             
     e( 26 - 26) =      5.79095  eV     1   --> A'             
     e( 27 - 27) =      5.92522  eV     1   --> A'             
     e( 28 - 28) =      5.99255  eV     1   --> A''            
     e( 29 - 29) =      8.67666  eV     1   --> A'             
     e( 30 - 30) =      9.48919  eV     1   --> A''            
     e( 31 - 31) =     12.52544  eV     1   --> A'             
     e( 32 - 32) =     12.70499  eV     1   --> A''            
     e( 33 - 33) =     12.99519  eV     1   --> A'             
     e( 34 - 34) =     14.00171  eV     1   --> A''            
     e( 35 - 35) =     14.16900  eV     1   --> A'             
     e( 36 - 36) =     15.85904  eV     1   --> A''            
     e( 37 - 37) =     16.14056  eV     1   --> A'             
     e( 38 - 38) =     16.47570  eV     1   --> A''            
     e( 39 - 39) =     16.92128  eV     1   --> A'             
     e( 40 - 40) =     18.12464  eV     1   --> A'             
     e( 41 - 41) =     18.71773  eV     1   --> A''            
     e( 42 - 42) =     18.80708  eV     1   --> A'             
     e( 43 - 43) =     19.10962  eV     1   --> A''            
     e( 44 - 44) =     21.49920  eV     1   --> A''            
     e( 45 - 45) =     23.38582  eV     1   --> A'             

 **************************************************************************

 **************************************************************************

                    xk=(  -0.06004,  -0.00000,   0.00000  )

     Band symmetry, C_s (m)     point group:

     e(  1 -  1) =    -39.37260  eV     1   -->   ?
     e(  2 -  2) =    -39.37230  eV     1   -->   ?
     e(  3 -  3) =    -39.37105  eV     1   --> A''            
     e(  4 -  4) =    -39.37088  eV     1   --> A'             
     e(  5 -  6) =    -39.37039  eV     2   --> A'             
     e(  5 -  6) =    -39.37039  eV     2   --> A''            
     e(  7 -  8) =    -39.36507  eV     2   --> A'             
     e(  7 -  8) =    -39.36507  eV     2   --> A''            
     e(  9 -  9) =    -39.36460  eV     1   --> A''            
     e( 10 - 10) =    -39.36443  eV     1   --> A'             
     e( 11 - 11) =    -24.14022  eV     1   --> A''            
     e( 12 - 12) =    -24.12688  eV     1   --> A'             
     e( 13 - 13) =    -24.12430  eV     1   --> A''            
     e( 14 - 14) =    -24.07787  eV     1   --> A''            
     e( 15 - 15) =    -24.07683  eV     1   --> A'             
     e( 16 - 16) =    -24.05960  eV     1   --> A'             
     e( 17 - 17) =    -24.05539  eV     1   --> A''            
     e( 18 - 18) =    -24.05485  eV     1   --> A'             
     e( 19 - 19) =    -24.03829  eV     1   --> A'             
     e( 20 - 20) =    -24.03622  eV     1   --> A''            
     e( 21 - 21) =     -6.42085  eV     1   --> A'             
     e( 22 - 22) =     -5.26133  eV     1   --> A''            
     e( 23 - 23) =      1.09244  eV     1   --> A''            
     e( 24 - 24) =      5.05153  eV     1   --> A''            
     e( 25 - 25) =      5.17307  eV     1   --> A'             
     e( 26 - 26) =      5.79840  eV     1   --> A'             
     e( 27 - 27) =      5.92610  eV     1   --> A'             
     e( 28 - 28) =      5.99344  eV     1   --> A''            
     e( 29 - 29) =      8.66959  eV     1   --> A'             
     e( 30 - 30) =      9.48310  eV     1   --> A''            
     e( 31 - 31) =     12.52959  eV     1   --> A'             
     e( 32 - 32) =     12.70292  eV     1   --> A''            
     e( 33 - 33) =     12.99300  eV     1   --> A'             
     e( 34 - 34) =     14.00422  eV     1   --> A''            
     e( 35 - 35) =     14.16554  eV     1   --> A'             
     e( 36 - 36) =     15.86519  eV     1   --> A''            
     e( 37 - 37) =     16.15026  eV     1   --> A'             
     e( 38 - 38) =     16.47715  eV     1   --> A''            
     e( 39 - 39) =     16.91208  eV     1   --> A'             
     e( 40 - 40) =     18.11823  eV     1   --> A'             
     e( 41 - 41) =     18.71277  eV     1   --> A''            
     e( 42 - 42) =     18.79818  eV     1   --> A'             
     e( 43 - 43) =     19.09989  eV     1   --> A''            
     e( 44 - 44) =     21.50315  eV     1   --> A''            
     e( 45 - 45) =     23.38873  eV     1   --> A'             

 **************************************************************************

 **************************************************************************

                    xk=(  -0.05889,  -0.00000,   0.00000  )

     Band symmetry, C_s (m)     point group:

     e(  1 -  1) =    -39.37260  eV     1   -->   ?
     e(  2 -  2) =    -39.37230  eV     1   -->   ?
     e(  3 -  3) =    -39.37105  eV     1   --> A''            
     e(  4 -  4) =    -39.37088  eV     1   --> A'             
     e(  5 -  6) =    -39.37039  eV     2   --> A'             
     e(  5 -  6) =    -39.37039  eV     2   --> A''            
     e(  7 -  8) =    -39.36507  eV     2   --> A'             
     e(  7 -  8) =    -39.36507  eV     2   --> A''            
     e(  9 -  9) =    -39.36460  eV     1   --> A''            
     e( 10 - 10) =    -39.36443  eV     1   --> A'             
     e( 11 - 11) =    -24.14026  eV     1   --> A''            
     e( 12 - 12) =    -24.12677  eV     1   --> A'             
     e( 13 - 13) =    -24.12429  eV     1   --> A''            
     e( 14 - 14) =    -24.07789  eV     1   --> A''            
     e( 15 - 15) =    -24.07688  eV     1   --> A'             
     e( 16 - 16) =    -24.05965  eV     1   --> A'             
     e( 17 - 17) =    -24.05534  eV     1   --> A''            
     e( 18 - 18) =    -24.05481  eV     1   --> A'             
     e( 19 - 19) =    -24.03824  eV     1   --> A'             
     e( 20 - 20) =    -24.03625  eV     1   --> A''            
     e( 21 - 21) =     -6.42164  eV     1   --> A'             
     e( 22 - 22) =     -5.26183  eV     1   --> A''            
     e( 23 - 23) =      1.09160  eV     1   --> A''            
     e( 24 - 24) =      5.05758  eV     1   --> A''            
     e( 25 - 25) =      5.17491  eV     1   --> A'             
     e( 26 - 26) =      5.80576  eV     1   --> A'             
     e( 27 - 27) =      5.92697  eV     1   --> A'             
     e( 28 - 28) =      5.99432  eV     1   --> A''            
     e( 29 - 29) =      8.66262  eV     1   --> A'             
     e( 30 - 30) =      9.47709  eV     1   --> A''            
     e( 31 - 31) =     12.53369  eV     1   --> A'             
     e( 32 - 32) =     12.70090  eV     1   --> A''            
     e( 33 - 33) =     12.99085  eV     1   --> A'             
     e( 34 - 34) =     14.00670  eV     1   --> A''            
     e( 35 - 35) =     14.16213  eV     1   --> A'             
     e( 36 - 36) =     15.87124  eV     1   --> A''            
     e( 37 - 37) =     16.15993  eV     1   --> A'             
     e( 38 - 38) =     16.47862  eV     1   --> A''            
     e( 39 - 39) =     16.90300  eV     1   --> A'             
     e( 40 - 40) =     18.11178  eV     1   --> A'             
     e( 41 - 41) =     18.70791  eV     1   --> A''            
     e( 42 - 42) =     18.78950  eV     1   --> A'             
     e( 43 - 43) =     19.09026  eV     1   --> A''            
     e( 44 - 44) =     21.50708  eV     1   --> A''            
     e( 45 - 45) =     23.39158  eV     1   --> A'             

 **************************************************************************

 **************************************************************************

                    xk=(  -0.05774,  -0.00000,   0.00000  )

     Band symmetry, C_s (m)     point group:

     e(  1 -  1) =    -39.37259  eV     1   -->   ?
     e(  2 -  2) =    -39.37229  eV     1   -->   ?
     e(  3 -  3) =    -39.37105  eV     1   --> A''            
     e(  4 -  4) =    -39.37088  eV     1   --> A'             
     e(  5 -  6) =    -39.37039  eV     2   --> A'             
     e(  5 -  6) =    -39.37039  eV     2   --> A''            
     e(  7 -  8) =    -39.36507  eV     2   --> A'             
     e(  7 -  8) =    -39.36507  eV     2   --> A''            
     e(  9 -  9) =    -39.36460  eV     1   --> A''            
     e( 10 - 10) =    -39.36443  eV     1   --> A'             
     e( 11 - 11) =    -24.14030  eV     1   --> A''            
     e( 12 - 12) =    -24.12666  eV     1   --> A'             
     e( 13 - 13) =    -24.12427  eV     1   --> A''            
     e( 14 - 14) =    -24.07791  eV     1   --> A''            
     e( 15 - 15) =    -24.07694  eV     1   --> A'             
     e( 16 - 16) =    -24.05970  eV     1   --> A'             
     e( 17 - 17) =    -24.05529  eV     1   --> A''            
     e( 18 - 18) =    -24.05478  eV     1   --> A'             
     e( 19 - 19) =    -24.03820  eV     1   --> A'             
     e( 20 - 20) =    -24.03627  eV     1   --> A''            
     e( 21 - 21) =     -6.42241  eV     1   --> A'             
     e( 22 - 22) =     -5.26231  eV     1   --> A''            
     e( 23 - 23) =      1.09078  eV     1   --> A''            
     e( 24 - 24) =      5.06353  eV     1   --> A''            
     e( 25 - 25) =      5.17671  eV     1   --> A'             
     e( 26 - 26) =      5.81302  eV     1   --> A'             
     e( 27 - 27) =      5.92783  eV     1   --> A'             
     e( 28 - 28) =      5.99518  eV     1   --> A''            
     e( 29 - 29) =      8.65573  eV     1   --> A'             
     e( 30 - 30) =      9.47118  eV     1   --> A''            
     e( 31 - 31) =     12.53774  eV     1   --> A'             
     e( 32 - 32) =     12.69890  eV     1   --> A''            
     e( 33 - 33) =     12.98873  eV     1   --> A'             
     e( 34 - 34) =     14.00914  eV     1   --> A''            
     e( 35 - 35) =     14.15879  eV     1   --> A'             
     e( 36 - 36) =     15.87719  eV     1   --> A''            
     e( 37 - 37) =     16.16956  eV     1   --> A'             
     e( 38 - 38) =     16.48010  eV     1   --> A''            
     e( 39 - 39) =     16.89403  eV     1   --> A'             
     e( 40 - 40) =     18.10531  eV     1   --> A'             
     e( 41 - 41) =     18.70313  eV     1   --> A''            
     e( 42 - 42) =     18.78102  eV     1   --> A'             
     e( 43 - 43) =     19.08075  eV     1   --> A''            
     e( 44 - 44) =     21.51099  eV     1   --> A''            
     e( 45 - 45) =     23.39438  eV     1   --> A'             

 **************************************************************************

 **************************************************************************

                    xk=(  -0.05658,  -0.00000,   0.00000  )

     Band symmetry, C_s (m)     point group:

     e(  1 -  1) =    -39.37259  eV     1   -->   ?
     e(  2 -  2) =    -39.37229  eV     1   -->   ?
     e(  3 -  3) =    -39.37105  eV     1   --> A''            
     e(  4 -  4) =    -39.37088  eV     1   --> A'             
     e(  5 -  6) =    -39.37039  eV     2   --> A'             
     e(  5 -  6) =    -39.37039  eV     2   --> A''            
     e(  7 -  8) =    -39.36507  eV     2   --> A'             
     e(  7 -  8) =    -39.36507  eV     2   --> A''            
     e(  9 -  9) =    -39.36460  eV     1   --> A''            
     e( 10 - 10) =    -39.36443  eV     1   --> A'             
     e( 11 - 11) =    -24.14034  eV     1   --> A''            
     e( 12 - 12) =    -24.12655  eV     1   --> A'             
     e( 13 - 13) =    -24.12425  eV     1   --> A''            
     e( 14 - 14) =    -24.07793  eV     1   --> A''            
     e( 15 - 15) =    -24.07699  eV     1   --> A'             
     e( 16 - 16) =    -24.05976  eV     1   --> A'             
     e( 17 - 17) =    -24.05524  eV     1   --> A''            
     e( 18 - 18) =    -24.05474  eV     1   --> A'             
     e( 19 - 19) =    -24.03816  eV     1   --> A'             
     e( 20 - 20) =    -24.03630  eV     1   --> A''            
     e( 21 - 21) =     -6.42317  eV     1   --> A'             
     e( 22 - 22) =     -5.26279  eV     1   --> A''            
     e( 23 - 23) =      1.08997  eV     1   --> A''            
     e( 24 - 24) =      5.06939  eV     1   --> A''            
     e( 25 - 25) =      5.17847  eV     1   --> A'             
     e( 26 - 26) =      5.82018  eV     1   --> A'             
     e( 27 - 27) =      5.92868  eV     1   --> A'             
     e( 28 - 28) =      5.99602  eV     1   --> A''            
     e( 29 - 29) =      8.64894  eV     1   --> A'             
     e( 30 - 30) =      9.46537  eV     1   --> A''            
     e( 31 - 31) =     12.54174  eV     1   --> A'             
     e( 32 - 32) =     12.69694  eV     1   --> A''            
     e( 33 - 33) =     12.98664  eV     1   --> A'             
     e( 34 - 34) =     14.01156  eV     1   --> A''            
     e( 35 - 35) =     14.15551  eV     1   --> A'             
     e( 36 - 36) =     15.88302  eV     1   --> A''            
     e( 37 - 37) =     16.17916  eV     1   --> A'             
     e( 38 - 38) =     16.48160  eV     1   --> A''            
     e( 39 - 39) =     16.88518  eV     1   --> A'             
     e( 40 - 40) =     18.09881  eV     1   --> A'             
     e( 41 - 41) =     18.69844  eV     1   --> A''            
     e( 42 - 42) =     18.77276  eV     1   --> A'             
     e( 43 - 43) =     19.07134  eV     1   --> A''            
     e( 44 - 44) =     21.51487  eV     1   --> A''            
     e( 45 - 45) =     23.39713  eV     1   --> A'             

 **************************************************************************

 **************************************************************************

                    xk=(  -0.05543,  -0.00000,   0.00000  )

     Band symmetry, C_s (m)     point group:

     e(  1 -  1) =    -39.37259  eV     1   -->   ?
     e(  2 -  2) =    -39.37229  eV     1   -->   ?
     e(  3 -  3) =    -39.37105  eV     1   --> A''            
     e(  4 -  4) =    -39.37088  eV     1   --> A'             
     e(  5 -  6) =    -39.37039  eV     2   --> A'             
     e(  5 -  6) =    -39.37039  eV     2   --> A''            
     e(  7 -  8) =    -39.36506  eV     2   --> A'             
     e(  7 -  8) =    -39.36506  eV     2   --> A''            
     e(  9 -  9) =    -39.36460  eV     1   --> A''            
     e( 10 - 10) =    -39.36443  eV     1   --> A'             
     e( 11 - 11) =    -24.14038  eV     1   --> A''            
     e( 12 - 12) =    -24.12645  eV     1   --> A'             
     e( 13 - 13) =    -24.12424  eV     1   --> A''            
     e( 14 - 14) =    -24.07795  eV     1   --> A''            
     e( 15 - 15) =    -24.07705  eV     1   --> A'             
     e( 16 - 16) =    -24.05981  eV     1   --> A'             
     e( 17 - 17) =    -24.05519  eV     1   --> A''            
     e( 18 - 18) =    -24.05471  eV     1   --> A'             
     e( 19 - 19) =    -24.03811  eV     1   --> A'             
     e( 20 - 20) =    -24.03633  eV     1   --> A''            
     e( 21 - 21) =     -6.42391  eV     1   --> A'             
     e( 22 - 22) =     -5.26326  eV     1   --> A''            
     e( 23 - 23) =      1.08918  eV     1   --> A''            
     e( 24 - 24) =      5.07516  eV     1   --> A''            
     e( 25 - 25) =      5.18019  eV     1   --> A'             
     e( 26 - 26) =      5.82724  eV     1   --> A'             
     e( 27 - 27) =      5.92952  eV     1   --> A'             
     e( 28 - 28) =      5.99683  eV     1   --> A''            
     e( 29 - 29) =      8.64224  eV     1   --> A'             
     e( 30 - 30) =      9.45964  eV     1   --> A''            
     e( 31 - 31) =     12.54568  eV     1   --> A'             
     e( 32 - 32) =     12.69502  eV     1   --> A''            
     e( 33 - 33) =     12.98459  eV     1   --> A'             
     e( 34 - 34) =     14.01394  eV     1   --> A''            
     e( 35 - 35) =     14.15230  eV     1   --> A'             
     e( 36 - 36) =     15.88875  eV     1   --> A''            
     e( 37 - 37) =     16.18871  eV     1   --> A'             
     e( 38 - 38) =     16.48311  eV     1   --> A''            
     e( 39 - 39) =     16.87645  eV     1   --> A'             
     e( 40 - 40) =     18.09229  eV     1   --> A'             
     e( 41 - 41) =     18.69385  eV     1   --> A''            
     e( 42 - 42) =     18.76470  eV     1   --> A'             
     e( 43 - 43) =     19.06205  eV     1   --> A''            
     e( 44 - 44) =     21.51872  eV     1   --> A''            
     e( 45 - 45) =     23.39982  eV     1   --> A'             

 **************************************************************************

 **************************************************************************

                    xk=(  -0.05427,  -0.00000,   0.00000  )

     Band symmetry, C_s (m)     point group:

     e(  1 -  1) =    -39.37259  eV     1   -->   ?
     e(  2 -  2) =    -39.37229  eV     1   -->   ?
     e(  3 -  3) =    -39.37105  eV     1   --> A''            
     e(  4 -  4) =    -39.37088  eV     1   --> A'             
     e(  5 -  6) =    -39.37038  eV     2   --> A'             
     e(  5 -  6) =    -39.37038  eV     2   --> A''            
     e(  7 -  8) =    -39.36506  eV     2   --> A'             
     e(  7 -  8) =    -39.36506  eV     2   --> A''            
     e(  9 -  9) =    -39.36460  eV     1   --> A''            
     e( 10 - 10) =    -39.36443  eV     1   --> A'             
     e( 11 - 11) =    -24.14042  eV     1   --> A''            
     e( 12 - 12) =    -24.12634  eV     1   --> A'             
     e( 13 - 13) =    -24.12422  eV     1   --> A''            
     e( 14 - 14) =    -24.07798  eV     1   --> A''            
     e( 15 - 15) =    -24.07710  eV     1   --> A'             
     e( 16 - 16) =    -24.05986  eV     1   --> A'             
     e( 17 - 17) =    -24.05515  eV     1   --> A''            
     e( 18 - 18) =    -24.05467  eV     1   --> A'             
     e( 19 - 19) =    -24.03807  eV     1   --> A'             
     e( 20 - 20) =    -24.03636  eV     1   --> A''            
     e( 21 - 21) =     -6.42464  eV     1   --> A'             
     e( 22 - 22) =     -5.26372  eV     1   --> A''            
     e( 23 - 23) =      1.08841  eV     1   --> A''            
     e( 24 - 24) =      5.08083  eV     1   --> A''            
     e( 25 - 25) =      5.18187  eV     1   --> A'             
     e( 26 - 26) =      5.83418  eV     1   --> A'             
     e( 27 - 27) =      5.93035  eV     1   --> A'             
     e( 28 - 28) =      5.99763  eV     1   --> A''            
     e( 29 - 29) =      8.63564  eV     1   --> A'             
     e( 30 - 30) =      9.45402  eV     1   --> A''            
     e( 31 - 31) =     12.54956  eV     1   --> A'             
     e( 32 - 32) =     12.69313  eV     1   --> A''            
     e( 33 - 33) =     12.98258  eV     1   --> A'             
     e( 34 - 34) =     14.01628  eV     1   --> A''            
     e( 35 - 35) =     14.14915  eV     1   --> A'             
     e( 36 - 36) =     15.89438  eV     1   --> A''            
     e( 37 - 37) =     16.19822  eV     1   --> A'             
     e( 38 - 38) =     16.48464  eV     1   --> A''            
     e( 39 - 39) =     16.86783  eV     1   --> A'             
     e( 40 - 40) =     18.08575  eV     1   --> A'             
     e( 41 - 41) =     18.68934  eV     1   --> A''            
     e( 42 - 42) =     18.75685  eV     1   --> A'             
     e( 43 - 43) =     19.05287  eV     1   --> A''            
     e( 44 - 44) =     21.52253  eV     1   --> A''            
     e( 45 - 45) =     23.40245  eV     1   --> A'             

 **************************************************************************

 **************************************************************************

                    xk=(  -0.05312,  -0.00000,   0.00000  )

     Band symmetry, C_s (m)     point group:

     e(  1 -  1) =    -39.37259  eV     1   -->   ?
     e(  2 -  2) =    -39.37229  eV     1   -->   ?
     e(  3 -  3) =    -39.37104  eV     1   --> A''            
     e(  4 -  4) =    -39.37087  eV     1   --> A'             
     e(  5 -  6) =    -39.37038  eV     2   --> A'             
     e(  5 -  6) =    -39.37038  eV     2   --> A''            
     e(  7 -  8) =    -39.36506  eV     2   --> A'             
     e(  7 -  8) =    -39.36506  eV     2   --> A''            
     e(  9 -  9) =    -39.36459  eV     1   --> A''            
     e( 10 - 10) =    -39.36443  eV     1   --> A'             
     e( 11 - 11) =    -24.14046  eV     1   --> A''            
     e( 12 - 12) =    -24.12624  eV     1   --> A'             
     e( 13 - 13) =    -24.12421  eV     1   --> A''            
     e( 14 - 14) =    -24.07800  eV     1   --> A''            
     e( 15 - 15) =    -24.07715  eV     1   --> A'             
     e( 16 - 16) =    -24.05991  eV     1   --> A'             
     e( 17 - 17) =    -24.05510  eV     1   --> A''            
     e( 18 - 18) =    -24.05464  eV     1   --> A'             
     e( 19 - 19) =    -24.03803  eV     1   --> A'             
     e( 20 - 20) =    -24.03638  eV     1   --> A''            
     e( 21 - 21) =     -6.42536  eV     1   --> A'             
     e( 22 - 22) =     -5.26417  eV     1   --> A''            
     e( 23 - 23) =      1.08765  eV     1   --> A''            
     e( 24 - 24) =      5.08640  eV     1   --> A''            
     e( 25 - 25) =      5.18351  eV     1   --> A'             
     e( 26 - 26) =      5.84102  eV     1   --> A'             
     e( 27 - 27) =      5.93118  eV     1   --> A'             
     e( 28 - 28) =      5.99841  eV     1   --> A''            
     e( 29 - 29) =      8.62913  eV     1   --> A'             
     e( 30 - 30) =      9.44848  eV     1   --> A''            
     e( 31 - 31) =     12.55339  eV     1   --> A'             
     e( 32 - 32) =     12.69128  eV     1   --> A''            
     e( 33 - 33) =     12.98059  eV     1   --> A'             
     e( 34 - 34) =     14.01859  eV     1   --> A''            
     e( 35 - 35) =     14.14606  eV     1   --> A'             
     e( 36 - 36) =     15.89989  eV     1   --> A''            
     e( 37 - 37) =     16.20769  eV     1   --> A'             
     e( 38 - 38) =     16.48617  eV     1   --> A''            
     e( 39 - 39) =     16.85933  eV     1   --> A'             
     e( 40 - 40) =     18.07920  eV     1   --> A'             
     e( 41 - 41) =     18.68494  eV     1   --> A''            
     e( 42 - 42) =     18.74921  eV     1   --> A'             
     e( 43 - 43) =     19.04381  eV     1   --> A''            
     e( 44 - 44) =     21.52631  eV     1   --> A''            
     e( 45 - 45) =     23.40504  eV     1   --> A'             

 **************************************************************************

 **************************************************************************

                    xk=(  -0.05196,  -0.00000,   0.00000  )

     Band symmetry, C_s (m)     point group:

     e(  1 -  1) =    -39.37257  eV     1   -->   ?
     e(  2 -  2) =    -39.37224  eV     1   -->   ?
     e(  3 -  3) =    -39.37099  eV     1   --> A''            
     e(  4 -  4) =    -39.37086  eV     1   --> A'             
     e(  5 -  6) =    -39.37033  eV     2   --> A'             
     e(  5 -  6) =    -39.37033  eV     2   --> A''            
     e(  7 -  8) =    -39.36501  eV     2   --> A'             
     e(  7 -  8) =    -39.36501  eV     2   --> A''            
     e(  9 -  9) =    -39.36455  eV     1   --> A''            
     e( 10 - 10) =    -39.36441  eV     1   --> A'             
     e( 11 - 11) =    -24.14047  eV     1   --> A''            
     e( 12 - 12) =    -24.12610  eV     1   --> A'             
     e( 13 - 13) =    -24.12418  eV     1   --> A''            
     e( 14 - 14) =    -24.07798  eV     1   --> A''            
     e( 15 - 15) =    -24.07718  eV     1   --> A'             
     e( 16 - 16) =    -24.05996  eV     1   --> A'             
     e( 17 - 17) =    -24.05502  eV     1   --> A''            
     e( 18 - 18) =    -24.05459  eV     1   --> A'             
     e( 19 - 19) =    -24.03794  eV     1   --> A'             
     e( 20 - 20) =    -24.03639  eV     1   --> A''            
     e( 21 - 21) =     -6.42605  eV     1   --> A'             
     e( 22 - 22) =     -5.26460  eV     1   --> A''            
     e( 23 - 23) =      1.08690  eV     1   --> A''            
     e( 24 - 24) =      5.09187  eV     1   --> A''            
     e( 25 - 25) =      5.18510  eV     1   --> A'             
     e( 26 - 26) =      5.84774  eV     1   --> A'             
     e( 27 - 27) =      5.93200  eV     1   --> A'             
     e( 28 - 28) =      5.99917  eV     1   --> A''            
     e( 29 - 29) =      8.62272  eV     1   --> A'             
     e( 30 - 30) =      9.44305  eV     1   --> A''            
     e( 31 - 31) =     12.55716  eV     1   --> A'             
     e( 32 - 32) =     12.68946  eV     1   --> A''            
     e( 33 - 33) =     12.97865  eV     1   --> A'             
     e( 34 - 34) =     14.02087  eV     1   --> A''            
     e( 35 - 35) =     14.14304  eV     1   --> A'             
     e( 36 - 36) =     15.90528  eV     1   --> A''            
     e( 37 - 37) =     16.21711  eV     1   --> A'             
     e( 38 - 38) =     16.48772  eV     1   --> A''            
     e( 39 - 39) =     16.85095  eV     1   --> A'             
     e( 40 - 40) =     18.07264  eV     1   --> A'             
     e( 41 - 41) =     18.68063  eV     1   --> A''            
     e( 42 - 42) =     18.74178  eV     1   --> A'             
     e( 43 - 43) =     19.03488  eV     1   --> A''            
     e( 44 - 44) =     21.53006  eV     1   --> A''            
     e( 45 - 45) =     23.40756  eV     1   --> A'             

 **************************************************************************

 **************************************************************************

                    xk=(  -0.05081,  -0.00000,   0.00000  )

     Band symmetry, C_s (m)     point group:

     e(  1 -  1) =    -39.37265  eV     1   -->   ?
     e(  2 -  2) =    -39.37226  eV     1   -->   ?
     e(  3 -  4) =    -39.37103  eV     2   --> A'             
     e(  3 -  4) =    -39.37103  eV     2   --> A''            
     e(  5 -  6) =    -39.37035  eV     2   --> A'             
     e(  5 -  6) =    -39.37035  eV     2   --> A''            
     e(  7 -  8) =    -39.36505  eV     2   --> A'             
     e(  7 -  8) =    -39.36505  eV     2   --> A''            
     e(  9 - 10) =    -39.36456  eV     2   --> A'             
     e(  9 - 10) =    -39.36456  eV     2   --> A''            
     e( 11 - 11) =    -24.14052  eV     1   --> A''            
     e( 12 - 12) =    -24.12601  eV     1   --> A'             
     e( 13 - 13) =    -24.12417  eV     1   --> A''            
     e( 14 - 14) =    -24.07803  eV     1   --> A''            
     e( 15 - 15) =    -24.07728  eV     1   --> A'             
     e( 16 - 16) =    -24.06005  eV     1   --> A'             
     e( 17 - 17) =    -24.05502  eV     1   --> A''            
     e( 18 - 18) =    -24.05463  eV     1   --> A'             
     e( 19 - 19) =    -24.03790  eV     1   --> A'             
     e( 20 - 20) =    -24.03644  eV     1   --> A''            
     e( 21 - 21) =     -6.42674  eV     1   --> A'             
     e( 22 - 22) =     -5.26504  eV     1   --> A''            
     e( 23 - 23) =      1.08618  eV     1   --> A''            
     e( 24 - 24) =      5.09724  eV     1   --> A''            
     e( 25 - 25) =      5.18666  eV     1   --> A'             
     e( 26 - 26) =      5.85435  eV     1   --> A'             
     e( 27 - 27) =      5.93281  eV     1   --> A'             
     e( 28 - 28) =      5.99991  eV     1   --> A''            
     e( 29 - 29) =      8.61642  eV     1   --> A'             
     e( 30 - 30) =      9.43772  eV     1   --> A''            
     e( 31 - 31) =     12.56087  eV     1   --> A'             
     e( 32 - 32) =     12.68768  eV     1   --> A''            
     e( 33 - 33) =     12.97674  eV     1   --> A'             
     e( 34 - 34) =     14.02312  eV     1   --> A''            
     e( 35 - 35) =     14.14009  eV     1   --> A'             
     e( 36 - 36) =     15.91057  eV     1   --> A''            
     e( 37 - 37) =     16.22648  eV     1   --> A'             
     e( 38 - 38) =     16.48928  eV     1   --> A''            
     e( 39 - 39) =     16.84269  eV     1   --> A'             
     e( 40 - 40) =     18.06608  eV     1   --> A'             
     e( 41 - 41) =     18.67642  eV     1   --> A''            
     e( 42 - 42) =     18.73456  eV     1   --> A'             
     e( 43 - 43) =     19.02606  eV     1   --> A''            
     e( 44 - 44) =     21.53377  eV     1   --> A''            
     e( 45 - 45) =     23.41003  eV     1   --> A'             

 **************************************************************************

 **************************************************************************

                    xk=(  -0.04965,  -0.00000,   0.00000  )

     Band symmetry, C_s (m)     point group:

     e(  1 -  1) =    -39.37264  eV     1   -->   ?
     e(  2 -  2) =    -39.37226  eV     1   -->   ?
     e(  3 -  4) =    -39.37103  eV     2   --> A'             
     e(  3 -  4) =    -39.37103  eV     2   --> A''            
     e(  5 -  6) =    -39.37035  eV     2   --> A'             
     e(  5 -  6) =    -39.37035  eV     2   --> A''            
     e(  7 -  8) =    -39.36505  eV     2   --> A'             
     e(  7 -  8) =    -39.36505  eV     2   --> A''            
     e(  9 - 10) =    -39.36456  eV     2   --> A'             
     e(  9 - 10) =    -39.36456  eV     2   --> A''            
     e( 11 - 11) =    -24.14056  eV     1   --> A''            
     e( 12 - 12) =    -24.12591  eV     1   --> A'             
     e( 13 - 13) =    -24.12416  eV     1   --> A''            
     e( 14 - 14) =    -24.07805  eV     1   --> A''            
     e( 15 - 15) =    -24.07733  eV     1   --> A'             
     e( 16 - 16) =    -24.06010  eV     1   --> A'             
     e( 17 - 17) =    -24.05498  eV     1   --> A''            
     e( 18 - 18) =    -24.05460  eV     1   --> A'             
     e( 19 - 19) =    -24.03786  eV     1   --> A'             
     e( 20 - 20) =    -24.03646  eV     1   --> A''            
     e( 21 - 21) =     -6.42741  eV     1   --> A'             
     e( 22 - 22) =     -5.26546  eV     1   --> A''            
     e( 23 - 23) =      1.08546  eV     1   --> A''            
     e( 24 - 24) =      5.10251  eV     1   --> A''            
     e( 25 - 25) =      5.18818  eV     1   --> A'             
     e( 26 - 26) =      5.86082  eV     1   --> A'             
     e( 27 - 27) =      5.93363  eV     1   --> A'             
     e( 28 - 28) =      6.00063  eV     1   --> A''            
     e( 29 - 29) =      8.61022  eV     1   --> A'             
     e( 30 - 30) =      9.43249  eV     1   --> A''            
     e( 31 - 31) =     12.56452  eV     1   --> A'             
     e( 32 - 32) =     12.68594  eV     1   --> A''            
     e( 33 - 33) =     12.97487  eV     1   --> A'             
     e( 34 - 34) =     14.02532  eV     1   --> A''            
     e( 35 - 35) =     14.13720  eV     1   --> A'             
     e( 36 - 36) =     15.91574  eV     1   --> A''            
     e( 37 - 37) =     16.23579  eV     1   --> A'             
     e( 38 - 38) =     16.49084  eV     1   --> A''            
     e( 39 - 39) =     16.83454  eV     1   --> A'             
     e( 40 - 40) =     18.05952  eV     1   --> A'             
     e( 41 - 41) =     18.67231  eV     1   --> A''            
     e( 42 - 42) =     18.72753  eV     1   --> A'             
     e( 43 - 43) =     19.01738  eV     1   --> A''            
     e( 44 - 44) =     21.53743  eV     1   --> A''            
     e( 45 - 45) =     23.41245  eV     1   --> A'             

 **************************************************************************

 **************************************************************************

                    xk=(  -0.04850,  -0.00000,   0.00000  )

     Band symmetry, C_s (m)     point group:

     e(  1 -  1) =    -39.37270  eV     1   --> A'             
     e(  2 -  2) =    -39.37228  eV     1   --> A''            
     e(  3 -  4) =    -39.37105  eV     2   --> A'             
     e(  3 -  4) =    -39.37105  eV     2   --> A''            
     e(  5 -  6) =    -39.37042  eV     2   --> A'             
     e(  5 -  6) =    -39.37042  eV     2   --> A''            
     e(  7 -  8) =    -39.36511  eV     2   --> A'             
     e(  7 -  8) =    -39.36511  eV     2   --> A''            
     e(  9 - 10) =    -39.36460  eV     2   --> A'             
     e(  9 - 10) =    -39.36460  eV     2   --> A''            
     e( 11 - 11) =    -24.14060  eV     1   --> A''            
     e( 12 - 12) =    -24.12584  eV     1   --> A'             
     e( 13 - 13) =    -24.12418  eV     1   --> A''            
     e( 14 - 14) =    -24.07810  eV     1   --> A''            
     e( 15 - 15) =    -24.07740  eV     1   --> A'             
     e( 16 - 16) =    -24.06020  eV     1   --> A'             
     e( 17 - 17) =    -24.05496  eV     1   --> A''            
     e( 18 - 18) =    -24.05459  eV     1   --> A'             
     e( 19 - 19) =    -24.03785  eV     1   --> A'             
     e( 20 - 20) =    -24.03652  eV     1   --> A''            
     e( 21 - 21) =     -6.42806  eV     1   --> A'             
     e( 22 - 22) =     -5.26587  eV     1   --> A''            
     e( 23 - 23) =      1.08477  eV     1   --> A''            
     e( 24 - 24) =      5.10768  eV     1   --> A''            
     e( 25 - 25) =      5.18966  eV     1   --> A'             
     e( 26 - 26) =      5.86716  eV     1   --> A'             
     e( 27 - 27) =      5.93444  eV     1   --> A'             
     e( 28 - 28) =      6.00133  eV     1   --> A''            
     e( 29 - 29) =      8.60413  eV     1   --> A'             
     e( 30 - 30) =      9.42736  eV     1   --> A''            
     e( 31 - 31) =     12.56811  eV     1   --> A'             
     e( 32 - 32) =     12.68423  eV     1   --> A''            
     e( 33 - 33) =     12.97304  eV     1   --> A'             
     e( 34 - 34) =     14.02748  eV     1   --> A''            
     e( 35 - 35) =     14.13437  eV     1   --> A'             
     e( 36 - 36) =     15.92079  eV     1   --> A''            
     e( 37 - 37) =     16.24504  eV     1   --> A'             
     e( 38 - 38) =     16.49241  eV     1   --> A''            
     e( 39 - 39) =     16.82651  eV     1   --> A'             
     e( 40 - 40) =     18.05297  eV     1   --> A'             
     e( 41 - 41) =     18.66830  eV     1   --> A''            
     e( 42 - 42) =     18.72072  eV     1   --> A'             
     e( 43 - 43) =     19.00882  eV     1   --> A''            
     e( 44 - 44) =     21.54105  eV     1   --> A''            
     e( 45 - 45) =     23.41481  eV     1   --> A'             

 **************************************************************************

 **************************************************************************

                    xk=(  -0.04734,  -0.00000,   0.00000  )

     Band symmetry, C_s (m)     point group:

     e(  1 -  1) =    -39.37270  eV     1   --> A'             
     e(  2 -  2) =    -39.37228  eV     1   --> A''            
     e(  3 -  4) =    -39.37105  eV     2   --> A'             
     e(  3 -  4) =    -39.37105  eV     2   --> A''            
     e(  5 -  6) =    -39.37042  eV     2   --> A'             
     e(  5 -  6) =    -39.37042  eV     2   --> A''            
     e(  7 -  8) =    -39.36511  eV     2   --> A'             
     e(  7 -  8) =    -39.36511  eV     2   --> A''            
     e(  9 - 10) =    -39.36460  eV     2   --> A'             
     e(  9 - 10) =    -39.36460  eV     2   --> A''            
     e( 11 - 11) =    -24.14064  eV     1   --> A''            
     e( 12 - 12) =    -24.12575  eV     1   --> A'             
     e( 13 - 13) =    -24.12416  eV     1   --> A''            
     e( 14 - 14) =    -24.07812  eV     1   --> A''            
     e( 15 - 15) =    -24.07745  eV     1   --> A'             
     e( 16 - 16) =    -24.06024  eV     1   --> A'             
     e( 17 - 17) =    -24.05492  eV     1   --> A''            
     e( 18 - 18) =    -24.05456  eV     1   --> A'             
     e( 19 - 19) =    -24.03781  eV     1   --> A'             
     e( 20 - 20) =    -24.03655  eV     1   --> A''            
     e( 21 - 21) =     -6.42870  eV     1   --> A'             
     e( 22 - 22) =     -5.26627  eV     1   --> A''            
     e( 23 - 23) =      1.08409  eV     1   --> A''            
     e( 24 - 24) =      5.11275  eV     1   --> A''            
     e( 25 - 25) =      5.19110  eV     1   --> A'             
     e( 26 - 26) =      5.87337  eV     1   --> A'             
     e( 27 - 27) =      5.93527  eV     1   --> A'             
     e( 28 - 28) =      6.00201  eV     1   --> A''            
     e( 29 - 29) =      8.59814  eV     1   --> A'             
     e( 30 - 30) =      9.42233  eV     1   --> A''            
     e( 31 - 31) =     12.57164  eV     1   --> A'             
     e( 32 - 32) =     12.68256  eV     1   --> A''            
     e( 33 - 33) =     12.97124  eV     1   --> A'             
     e( 34 - 34) =     14.02960  eV     1   --> A''            
     e( 35 - 35) =     14.13160  eV     1   --> A'             
     e( 36 - 36) =     15.92573  eV     1   --> A''            
     e( 37 - 37) =     16.25424  eV     1   --> A'             
     e( 38 - 38) =     16.49398  eV     1   --> A''            
     e( 39 - 39) =     16.81860  eV     1   --> A'             
     e( 40 - 40) =     18.04643  eV     1   --> A'             
     e( 41 - 41) =     18.66439  eV     1   --> A''            
     e( 42 - 42) =     18.71410  eV     1   --> A'             
     e( 43 - 43) =     19.00039  eV     1   --> A''            
     e( 44 - 44) =     21.54462  eV     1   --> A''            
     e( 45 - 45) =     23.41712  eV     1   --> A'             

 **************************************************************************

 **************************************************************************

                    xk=(  -0.04619,  -0.00000,   0.00000  )

     Band symmetry, C_s (m)     point group:

     e(  1 -  1) =    -39.37270  eV     1   --> A'             
     e(  2 -  2) =    -39.37227  eV     1   --> A''            
     e(  3 -  4) =    -39.37105  eV     2   --> A'             
     e(  3 -  4) =    -39.37105  eV     2   --> A''            
     e(  5 -  6) =    -39.37042  eV     2   --> A'             
     e(  5 -  6) =    -39.37042  eV     2   --> A''            
     e(  7 -  8) =    -39.36511  eV     2   --> A'             
     e(  7 -  8) =    -39.36511  eV     2   --> A''            
     e(  9 - 10) =    -39.36459  eV     2   --> A'             
     e(  9 - 10) =    -39.36459  eV     2   --> A''            
     e( 11 - 11) =    -24.14067  eV     1   --> A''            
     e( 12 - 12) =    -24.12566  eV     1   --> A'             
     e( 13 - 13) =    -24.12415  eV     1   --> A''            
     e( 14 - 14) =    -24.07814  eV     1   --> A''            
     e( 15 - 15) =    -24.07750  eV     1   --> A'             
     e( 16 - 16) =    -24.06029  eV     1   --> A'             
     e( 17 - 17) =    -24.05488  eV     1   --> A''            
     e( 18 - 18) =    -24.05453  eV     1   --> A'             
     e( 19 - 19) =    -24.03777  eV     1   --> A'             
     e( 20 - 20) =    -24.03657  eV     1   --> A''            
     e( 21 - 21) =     -6.42932  eV     1   --> A'             
     e( 22 - 22) =     -5.26666  eV     1   --> A''            
     e( 23 - 23) =      1.08343  eV     1   --> A''            
     e( 24 - 24) =      5.11771  eV     1   --> A''            
     e( 25 - 25) =      5.19251  eV     1   --> A'             
     e( 26 - 26) =      5.87943  eV     1   --> A'             
     e( 27 - 27) =      5.93611  eV     1   --> A'             
     e( 28 - 28) =      6.00267  eV     1   --> A''            
     e( 29 - 29) =      8.59227  eV     1   --> A'             
     e( 30 - 30) =      9.41740  eV     1   --> A''            
     e( 31 - 31) =     12.57510  eV     1   --> A'             
     e( 32 - 32) =     12.68093  eV     1   --> A''            
     e( 33 - 33) =     12.96948  eV     1   --> A'             
     e( 34 - 34) =     14.03168  eV     1   --> A''            
     e( 35 - 35) =     14.12890  eV     1   --> A'             
     e( 36 - 36) =     15.93055  eV     1   --> A''            
     e( 37 - 37) =     16.26337  eV     1   --> A'             
     e( 38 - 38) =     16.49556  eV     1   --> A''            
     e( 39 - 39) =     16.81079  eV     1   --> A'             
     e( 40 - 40) =     18.03991  eV     1   --> A'             
     e( 41 - 41) =     18.66059  eV     1   --> A''            
     e( 42 - 42) =     18.70769  eV     1   --> A'             
     e( 43 - 43) =     18.99210  eV     1   --> A''            
     e( 44 - 44) =     21.54815  eV     1   --> A''            
     e( 45 - 45) =     23.41937  eV     1   --> A'             

 **************************************************************************

 **************************************************************************

                    xk=(  -0.04503,  -0.00000,   0.00000  )

     Band symmetry, C_s (m)     point group:

     e(  1 -  1) =    -39.37268  eV     1   --> A'             
     e(  2 -  2) =    -39.37222  eV     1   --> A''            
     e(  3 -  4) =    -39.37102  eV     2   --> A'             
     e(  3 -  4) =    -39.37102  eV     2   --> A''            
     e(  5 -  6) =    -39.37035  eV     2   --> A'             
     e(  5 -  6) =    -39.37035  eV     2   --> A''            
     e(  7 -  8) =    -39.36501  eV     2   --> A'             
     e(  7 -  8) =    -39.36501  eV     2   --> A''            
     e(  9 - 10) =    -39.36455  eV     2   --> A'             
     e(  9 - 10) =    -39.36455  eV     2   --> A''            
     e( 11 - 11) =    -24.14069  eV     1   --> A''            
     e( 12 - 12) =    -24.12555  eV     1   --> A'             
     e( 13 - 13) =    -24.12408  eV     1   --> A''            
     e( 14 - 14) =    -24.07812  eV     1   --> A''            
     e( 15 - 15) =    -24.07753  eV     1   --> A'             
     e( 16 - 16) =    -24.06032  eV     1   --> A'             
     e( 17 - 17) =    -24.05482  eV     1   --> A''            
     e( 18 - 18) =    -24.05449  eV     1   --> A'             
     e( 19 - 19) =    -24.03772  eV     1   --> A'             
     e( 20 - 20) =    -24.03651  eV     1   --> A''            
     e( 21 - 21) =     -6.42992  eV     1   --> A'             
     e( 22 - 22) =     -5.26704  eV     1   --> A''            
     e( 23 - 23) =      1.08278  eV     1   --> A''            
     e( 24 - 24) =      5.12258  eV     1   --> A''            
     e( 25 - 25) =      5.19388  eV     1   --> A'             
     e( 26 - 26) =      5.88534  eV     1   --> A'             
     e( 27 - 27) =      5.93697  eV     1   --> A'             
     e( 28 - 28) =      6.00330  eV     1   --> A''            
     e( 29 - 29) =      8.58651  eV     1   --> A'             
     e( 30 - 30) =      9.41259  eV     1   --> A''            
     e( 31 - 31) =     12.57850  eV     1   --> A'             
     e( 32 - 32) =     12.67934  eV     1   --> A''            
     e( 33 - 33) =     12.96775  eV     1   --> A'             
     e( 34 - 34) =     14.03371  eV     1   --> A''            
     e( 35 - 35) =     14.12626  eV     1   --> A'             
     e( 36 - 36) =     15.93526  eV     1   --> A''            
     e( 37 - 37) =     16.27244  eV     1   --> A'             
     e( 38 - 38) =     16.49713  eV     1   --> A''            
     e( 39 - 39) =     16.80311  eV     1   --> A'             
     e( 40 - 40) =     18.03341  eV     1   --> A'             
     e( 41 - 41) =     18.65688  eV     1   --> A''            
     e( 42 - 42) =     18.70147  eV     1   --> A'             
     e( 43 - 43) =     18.98395  eV     1   --> A''            
     e( 44 - 44) =     21.55162  eV     1   --> A''            
     e( 45 - 45) =     23.42157  eV     1   --> A'             

 **************************************************************************

 **************************************************************************

                    xk=(  -0.04388,  -0.00000,   0.00000  )

     Band symmetry, C_s (m)     point group:

     e(  1 -  1) =    -39.37268  eV     1   --> A'             
     e(  2 -  2) =    -39.37222  eV     1   --> A''            
     e(  3 -  4) =    -39.37102  eV     2   --> A'             
     e(  3 -  4) =    -39.37102  eV     2   --> A''            
     e(  5 -  6) =    -39.37035  eV     2   --> A'             
     e(  5 -  6) =    -39.37035  eV     2   --> A''            
     e(  7 -  8) =    -39.36501  eV     2   --> A'             
     e(  7 -  8) =    -39.36501  eV     2   --> A''            
     e(  9 - 10) =    -39.36454  eV     2   --> A'             
     e(  9 - 10) =    -39.36454  eV     2   --> A''            
     e( 11 - 11) =    -24.14072  eV     1   --> A''            
     e( 12 - 12) =    -24.12546  eV     1   --> A'             
     e( 13 - 13) =    -24.12406  eV     1   --> A''            
     e( 14 - 14) =    -24.07814  eV     1   --> A''            
     e( 15 - 15) =    -24.07757  eV     1   --> A'             
     e( 16 - 16) =    -24.06037  eV     1   --> A'             
     e( 17 - 17) =    -24.05478  eV     1   --> A''            
     e( 18 - 18) =    -24.05446  eV     1   --> A'             
     e( 19 - 19) =    -24.03768  eV     1   --> A'             
     e( 20 - 20) =    -24.03653  eV     1   --> A''            
     e( 21 - 21) =     -6.43051  eV     1   --> A'             
     e( 22 - 22) =     -5.26741  eV     1   --> A''            
     e( 23 - 23) =      1.08215  eV     1   --> A''            
     e( 24 - 24) =      5.12733  eV     1   --> A''            
     e( 25 - 25) =      5.19521  eV     1   --> A'             
     e( 26 - 26) =      5.89108  eV     1   --> A'             
     e( 27 - 27) =      5.93785  eV     1   --> A'             
     e( 28 - 28) =      6.00393  eV     1   --> A''            
     e( 29 - 29) =      8.58086  eV     1   --> A'             
     e( 30 - 30) =      9.40787  eV     1   --> A''            
     e( 31 - 31) =     12.58182  eV     1   --> A'             
     e( 32 - 32) =     12.67778  eV     1   --> A''            
     e( 33 - 33) =     12.96607  eV     1   --> A'             
     e( 34 - 34) =     14.03571  eV     1   --> A''            
     e( 35 - 35) =     14.12369  eV     1   --> A'             
     e( 36 - 36) =     15.93984  eV     1   --> A''            
     e( 37 - 37) =     16.28144  eV     1   --> A'             
     e( 38 - 38) =     16.49871  eV     1   --> A''            
     e( 39 - 39) =     16.79553  eV     1   --> A'             
     e( 40 - 40) =     18.02695  eV     1   --> A'             
     e( 41 - 41) =     18.65329  eV     1   --> A''            
     e( 42 - 42) =     18.69545  eV     1   --> A'             
     e( 43 - 43) =     18.97594  eV     1   --> A''            
     e( 44 - 44) =     21.55504  eV     1   --> A''            
     e( 45 - 45) =     23.42371  eV     1   --> A'             

 **************************************************************************

 **************************************************************************

                    xk=(  -0.04272,  -0.00000,   0.00000  )

     Band symmetry, C_s (m)     point group:

     e(  1 -  1) =    -39.37268  eV     1   --> A'             
     e(  2 -  2) =    -39.37222  eV     1   --> A''            
     e(  3 -  4) =    -39.37102  eV     2   --> A'             
     e(  3 -  4) =    -39.37102  eV     2   --> A''            
     e(  5 -  6) =    -39.37035  eV     2   --> A'             
     e(  5 -  6) =    -39.37035  eV     2   --> A''            
     e(  7 -  8) =    -39.36501  eV     2   --> A'             
     e(  7 -  8) =    -39.36501  eV     2   --> A''            
     e(  9 - 10) =    -39.36454  eV     2   --> A'             
     e(  9 - 10) =    -39.36454  eV     2   --> A''            
     e( 11 - 11) =    -24.14075  eV     1   --> A''            
     e( 12 - 12) =    -24.12538  eV     1   --> A'             
     e( 13 - 13) =    -24.12405  eV     1   --> A''            
     e( 14 - 14) =    -24.07816  eV     1   --> A''            
     e( 15 - 15) =    -24.07762  eV     1   --> A'             
     e( 16 - 16) =    -24.06041  eV     1   --> A'             
     e( 17 - 17) =    -24.05475  eV     1   --> A''            
     e( 18 - 18) =    -24.05443  eV     1   --> A'             
     e( 19 - 19) =    -24.03765  eV     1   --> A'             
     e( 20 - 20) =    -24.03656  eV     1   --> A''            
     e( 21 - 21) =     -6.43109  eV     1   --> A'             
     e( 22 - 22) =     -5.26778  eV     1   --> A''            
     e( 23 - 23) =      1.08153  eV     1   --> A''            
     e( 24 - 24) =      5.13197  eV     1   --> A''            
     e( 25 - 25) =      5.19650  eV     1   --> A'             
     e( 26 - 26) =      5.89664  eV     1   --> A'             
     e( 27 - 27) =      5.93879  eV     1   --> A'             
     e( 28 - 28) =      6.00453  eV     1   --> A''            
     e( 29 - 29) =      8.57533  eV     1   --> A'             
     e( 30 - 30) =      9.40327  eV     1   --> A''            
     e( 31 - 31) =     12.58508  eV     1   --> A'             
     e( 32 - 32) =     12.67626  eV     1   --> A''            
     e( 33 - 33) =     12.96442  eV     1   --> A'             
     e( 34 - 34) =     14.03766  eV     1   --> A''            
     e( 35 - 35) =     14.12118  eV     1   --> A'             
     e( 36 - 36) =     15.94431  eV     1   --> A''            
     e( 37 - 37) =     16.29038  eV     1   --> A'             
     e( 38 - 38) =     16.50028  eV     1   --> A''            
     e( 39 - 39) =     16.78807  eV     1   --> A'             
     e( 40 - 40) =     18.02052  eV     1   --> A'             
     e( 41 - 41) =     18.64979  eV     1   --> A''            
     e( 42 - 42) =     18.68963  eV     1   --> A'             
     e( 43 - 43) =     18.96807  eV     1   --> A''            
     e( 44 - 44) =     21.55840  eV     1   --> A''            
     e( 45 - 45) =     23.42580  eV     1   --> A'             

 **************************************************************************

 **************************************************************************

                    xk=(  -0.04157,  -0.00000,   0.00000  )

     Band symmetry, C_s (m)     point group:

     e(  1 -  1) =    -39.37268  eV     1   --> A'             
     e(  2 -  2) =    -39.37221  eV     1   --> A''            
     e(  3 -  4) =    -39.37102  eV     2   --> A'             
     e(  3 -  4) =    -39.37102  eV     2   --> A''            
     e(  5 -  6) =    -39.37035  eV     2   --> A'             
     e(  5 -  6) =    -39.37035  eV     2   --> A''            
     e(  7 -  8) =    -39.36501  eV     2   --> A'             
     e(  7 -  8) =    -39.36501  eV     2   --> A''            
     e(  9 - 10) =    -39.36454  eV     2   --> A'             
     e(  9 - 10) =    -39.36454  eV     2   --> A''            
     e( 11 - 11) =    -24.14078  eV     1   --> A''            
     e( 12 - 12) =    -24.12530  eV     1   --> A'             
     e( 13 - 13) =    -24.12404  eV     1   --> A''            
     e( 14 - 14) =    -24.07818  eV     1   --> A''            
     e( 15 - 15) =    -24.07766  eV     1   --> A'             
     e( 16 - 16) =    -24.06045  eV     1   --> A'             
     e( 17 - 17) =    -24.05471  eV     1   --> A''            
     e( 18 - 18) =    -24.05441  eV     1   --> A'             
     e( 19 - 19) =    -24.03761  eV     1   --> A'             
     e( 20 - 20) =    -24.03658  eV     1   --> A''            
     e( 21 - 21) =     -6.43165  eV     1   --> A'             
     e( 22 - 22) =     -5.26813  eV     1   --> A''            
     e( 23 - 23) =      1.08094  eV     1   --> A''            
     e( 24 - 24) =      5.13651  eV     1   --> A''            
     e( 25 - 25) =      5.19776  eV     1   --> A'             
     e( 26 - 26) =      5.90199  eV     1   --> A'             
     e( 27 - 27) =      5.93978  eV     1   --> A'             
     e( 28 - 28) =      6.00512  eV     1   --> A''            
     e( 29 - 29) =      8.56991  eV     1   --> A'             
     e( 30 - 30) =      9.39877  eV     1   --> A''            
     e( 31 - 31) =     12.58828  eV     1   --> A'             
     e( 32 - 32) =     12.67478  eV     1   --> A''            
     e( 33 - 33) =     12.96282  eV     1   --> A'             
     e( 34 - 34) =     14.03957  eV     1   --> A''            
     e( 35 - 35) =     14.11873  eV     1   --> A'             
     e( 36 - 36) =     15.94865  eV     1   --> A''            
     e( 37 - 37) =     16.29924  eV     1   --> A'             
     e( 38 - 38) =     16.50185  eV     1   --> A''            
     e( 39 - 39) =     16.78073  eV     1   --> A'             
     e( 40 - 40) =     18.01414  eV     1   --> A'             
     e( 41 - 41) =     18.64641  eV     1   --> A''            
     e( 42 - 42) =     18.68399  eV     1   --> A'             
     e( 43 - 43) =     18.96035  eV     1   --> A''            
     e( 44 - 44) =     21.56171  eV     1   --> A''            
     e( 45 - 45) =     23.42783  eV     1   --> A'             

 **************************************************************************

 **************************************************************************

                    xk=(  -0.04041,  -0.00000,   0.00000  )

     Band symmetry, C_s (m)     point group:

     e(  1 -  1) =    -39.37268  eV     1   --> A'             
     e(  2 -  2) =    -39.37221  eV     1   --> A''            
     e(  3 -  4) =    -39.37102  eV     2   --> A'             
     e(  3 -  4) =    -39.37102  eV     2   --> A''            
     e(  5 -  6) =    -39.37035  eV     2   --> A'             
     e(  5 -  6) =    -39.37035  eV     2   --> A''            
     e(  7 -  8) =    -39.36501  eV     2   --> A'             
     e(  7 -  8) =    -39.36501  eV     2   --> A''            
     e(  9 - 10) =    -39.36454  eV     2   --> A'             
     e(  9 - 10) =    -39.36454  eV     2   --> A''            
     e( 11 - 11) =    -24.14081  eV     1   --> A''            
     e( 12 - 12) =    -24.12522  eV     1   --> A'             
     e( 13 - 13) =    -24.12402  eV     1   --> A''            
     e( 14 - 14) =    -24.07819  eV     1   --> A''            
     e( 15 - 15) =    -24.07770  eV     1   --> A'             
     e( 16 - 16) =    -24.06049  eV     1   --> A'             
     e( 17 - 17) =    -24.05467  eV     1   --> A''            
     e( 18 - 18) =    -24.05438  eV     1   --> A'             
     e( 19 - 19) =    -24.03758  eV     1   --> A'             
     e( 20 - 20) =    -24.03660  eV     1   --> A''            
     e( 21 - 21) =     -6.43219  eV     1   --> A'             
     e( 22 - 22) =     -5.26847  eV     1   --> A''            
     e( 23 - 23) =      1.08035  eV     1   --> A''            
     e( 24 - 24) =      5.14094  eV     1   --> A''            
     e( 25 - 25) =      5.19897  eV     1   --> A'             
     e( 26 - 26) =      5.90711  eV     1   --> A'             
     e( 27 - 27) =      5.94086  eV     1   --> A'             
     e( 28 - 28) =      6.00568  eV     1   --> A''            
     e( 29 - 29) =      8.56462  eV     1   --> A'             
     e( 30 - 30) =      9.39438  eV     1   --> A''            
     e( 31 - 31) =     12.59140  eV     1   --> A'             
     e( 32 - 32) =     12.67334  eV     1   --> A''            
     e( 33 - 33) =     12.96125  eV     1   --> A'             
     e( 34 - 34) =     14.04144  eV     1   --> A''            
     e( 35 - 35) =     14.11636  eV     1   --> A'             
     e( 36 - 36) =     15.95288  eV     1   --> A''            
     e( 37 - 37) =     16.30802  eV     1   --> A'             
     e( 38 - 38) =     16.50341  eV     1   --> A''            
     e( 39 - 39) =     16.77349  eV     1   --> A'             
     e( 40 - 40) =     18.00781  eV     1   --> A'             
     e( 41 - 41) =     18.64312  eV     1   --> A''            
     e( 42 - 42) =     18.67855  eV     1   --> A'             
     e( 43 - 43) =     18.95278  eV     1   --> A''            
     e( 44 - 44) =     21.56495  eV     1   --> A''            
     e( 45 - 45) =     23.42980  eV     1   --> A'             

 **************************************************************************

 **************************************************************************

                    xk=(  -0.03926,  -0.00000,   0.00000  )

     Band symmetry, C_s (m)     point group:

     e(  1 -  1) =    -39.37264  eV     1   --> A'             
     e(  2 -  2) =    -39.37208  eV     1   --> A''            
     e(  3 -  4) =    -39.37098  eV     2   --> A'             
     e(  3 -  4) =    -39.37098  eV     2   --> A''            
     e(  5 -  6) =    -39.37034  eV     2   --> A'             
     e(  5 -  6) =    -39.37034  eV     2   --> A''            
     e(  7 -  8) =    -39.36500  eV     2   --> A'             
     e(  7 -  8) =    -39.36500  eV     2   --> A''            
     e(  9 - 10) =    -39.36449  eV     2   --> A'             
     e(  9 - 10) =    -39.36449  eV     2   --> A''            
     e( 11 - 11) =    -24.14077  eV     1   --> A''            
     e( 12 - 12) =    -24.12511  eV     1   --> A'             
     e( 13 - 13) =    -24.12399  eV     1   --> A''            
     e( 14 - 14) =    -24.07818  eV     1   --> A''            
     e( 15 - 15) =    -24.07771  eV     1   --> A'             
     e( 16 - 16) =    -24.06051  eV     1   --> A'             
     e( 17 - 17) =    -24.05462  eV     1   --> A''            
     e( 18 - 18) =    -24.05434  eV     1   --> A'             
     e( 19 - 19) =    -24.03753  eV     1   --> A'             
     e( 20 - 20) =    -24.03661  eV     1   --> A''            
     e( 21 - 21) =     -6.43272  eV     1   --> A'             
     e( 22 - 22) =     -5.26881  eV     1   --> A''            
     e( 23 - 23) =      1.07979  eV     1   --> A''            
     e( 24 - 24) =      5.14525  eV     1   --> A''            
     e( 25 - 25) =      5.20016  eV     1   --> A'             
     e( 26 - 26) =      5.91196  eV     1   --> A'             
     e( 27 - 27) =      5.94207  eV     1   --> A'             
     e( 28 - 28) =      6.00623  eV     1   --> A''            
     e( 29 - 29) =      8.55945  eV     1   --> A'             
     e( 30 - 30) =      9.39011  eV     1   --> A''            
     e( 31 - 31) =     12.59445  eV     1   --> A'             
     e( 32 - 32) =     12.67194  eV     1   --> A''            
     e( 33 - 33) =     12.95972  eV     1   --> A'             
     e( 34 - 34) =     14.04326  eV     1   --> A''            
     e( 35 - 35) =     14.11404  eV     1   --> A'             
     e( 36 - 36) =     15.95698  eV     1   --> A''            
     e( 37 - 37) =     16.31673  eV     1   --> A'             
     e( 38 - 38) =     16.50496  eV     1   --> A''            
     e( 39 - 39) =     16.76636  eV     1   --> A'             
     e( 40 - 40) =     18.00154  eV     1   --> A'             
     e( 41 - 41) =     18.63995  eV     1   --> A''            
     e( 42 - 42) =     18.67330  eV     1   --> A'             
     e( 43 - 43) =     18.94536  eV     1   --> A''            
     e( 44 - 44) =     21.56813  eV     1   --> A''            
     e( 45 - 45) =     23.43172  eV     1   --> A'             

 **************************************************************************

 **************************************************************************

                    xk=(  -0.03811,  -0.00000,   0.00000  )

     Band symmetry, C_s (m)     point group:

     e(  1 -  1) =    -39.37264  eV     1   --> A'             
     e(  2 -  2) =    -39.37208  eV     1   --> A''            
     e(  3 -  4) =    -39.37098  eV     2   --> A'             
     e(  3 -  4) =    -39.37098  eV     2   --> A''            
     e(  5 -  6) =    -39.37034  eV     2   --> A'             
     e(  5 -  6) =    -39.37034  eV     2   --> A''            
     e(  7 -  8) =    -39.36500  eV     2   --> A'             
     e(  7 -  8) =    -39.36500  eV     2   --> A''            
     e(  9 - 10) =    -39.36449  eV     2   --> A'             
     e(  9 - 10) =    -39.36449  eV     2   --> A''            
     e( 11 - 11) =    -24.14080  eV     1   --> A''            
     e( 12 - 12) =    -24.12504  eV     1   --> A'             
     e( 13 - 13) =    -24.12398  eV     1   --> A''            
     e( 14 - 14) =    -24.07819  eV     1   --> A''            
     e( 15 - 15) =    -24.07775  eV     1   --> A'             
     e( 16 - 16) =    -24.06055  eV     1   --> A'             
     e( 17 - 17) =    -24.05458  eV     1   --> A''            
     e( 18 - 18) =    -24.05432  eV     1   --> A'             
     e( 19 - 19) =    -24.03750  eV     1   --> A'             
     e( 20 - 20) =    -24.03663  eV     1   --> A''            
     e( 21 - 21) =     -6.43324  eV     1   --> A'             
     e( 22 - 22) =     -5.26914  eV     1   --> A''            
     e( 23 - 23) =      1.07924  eV     1   --> A''            
     e( 24 - 24) =      5.14946  eV     1   --> A''            
     e( 25 - 25) =      5.20130  eV     1   --> A'             
     e( 26 - 26) =      5.91649  eV     1   --> A'             
     e( 27 - 27) =      5.94346  eV     1   --> A'             
     e( 28 - 28) =      6.00677  eV     1   --> A''            
     e( 29 - 29) =      8.55440  eV     1   --> A'             
     e( 30 - 30) =      9.38594  eV     1   --> A''            
     e( 31 - 31) =     12.59742  eV     1   --> A'             
     e( 32 - 32) =     12.67057  eV     1   --> A''            
     e( 33 - 33) =     12.95823  eV     1   --> A'             
     e( 34 - 34) =     14.04503  eV     1   --> A''            
     e( 35 - 35) =     14.11180  eV     1   --> A'             
     e( 36 - 36) =     15.96096  eV     1   --> A''            
     e( 37 - 37) =     16.32535  eV     1   --> A'             
     e( 38 - 38) =     16.50651  eV     1   --> A''            
     e( 39 - 39) =     16.75933  eV     1   --> A'             
     e( 40 - 40) =     17.99533  eV     1   --> A'             
     e( 41 - 41) =     18.63688  eV     1   --> A''            
     e( 42 - 42) =     18.66823  eV     1   --> A'             
     e( 43 - 43) =     18.93810  eV     1   --> A''            
     e( 44 - 44) =     21.57125  eV     1   --> A''            
     e( 45 - 45) =     23.43359  eV     1   --> A'             

 **************************************************************************

 **************************************************************************

                    xk=(  -0.03695,  -0.00000,   0.00000  )

     Band symmetry, C_s (m)     point group:

     e(  1 -  1) =    -39.37267  eV     1   --> A'             
     e(  2 -  2) =    -39.37208  eV     1   --> A''            
     e(  3 -  4) =    -39.37098  eV     2   --> A'             
     e(  3 -  4) =    -39.37098  eV     2   --> A''            
     e(  5 -  6) =    -39.37034  eV     2   --> A'             
     e(  5 -  6) =    -39.37034  eV     2   --> A''            
     e(  7 -  8) =    -39.36500  eV     2   --> A'             
     e(  7 -  8) =    -39.36500  eV     2   --> A''            
     e(  9 - 10) =    -39.36449  eV     2   --> A'             
     e(  9 - 10) =    -39.36449  eV     2   --> A''            
     e( 11 - 11) =    -24.14082  eV     1   --> A''            
     e( 12 - 12) =    -24.12498  eV     1   --> A'             
     e( 13 - 13) =    -24.12396  eV     1   --> A''            
     e( 14 - 14) =    -24.07821  eV     1   --> A''            
     e( 15 - 15) =    -24.07782  eV     1   --> A'             
     e( 16 - 16) =    -24.06060  eV     1   --> A'             
     e( 17 - 17) =    -24.05455  eV     1   --> A''            
     e( 18 - 18) =    -24.05435  eV     1   --> A'             
     e( 19 - 19) =    -24.03748  eV     1   --> A'             
     e( 20 - 20) =    -24.03665  eV     1   --> A''            
     e( 21 - 21) =     -6.43374  eV     1   --> A'             
     e( 22 - 22) =     -5.26945  eV     1   --> A''            
     e( 23 - 23) =      1.07871  eV     1   --> A''            
     e( 24 - 24) =      5.15355  eV     1   --> A''            
     e( 25 - 25) =      5.20241  eV     1   --> A'             
     e( 26 - 26) =      5.92063  eV     1   --> A'             
     e( 27 - 27) =      5.94507  eV     1   --> A'             
     e( 28 - 28) =      6.00728  eV     1   --> A''            
     e( 29 - 29) =      8.54948  eV     1   --> A'             
     e( 30 - 30) =      9.38189  eV     1   --> A''            
     e( 31 - 31) =     12.60033  eV     1   --> A'             
     e( 32 - 32) =     12.66925  eV     1   --> A''            
     e( 33 - 33) =     12.95678  eV     1   --> A'             
     e( 34 - 34) =     14.04676  eV     1   --> A''            
     e( 35 - 35) =     14.10962  eV     1   --> A'             
     e( 36 - 36) =     15.96482  eV     1   --> A''            
     e( 37 - 37) =     16.33390  eV     1   --> A'             
     e( 38 - 38) =     16.50804  eV     1   --> A''            
     e( 39 - 39) =     16.75241  eV     1   --> A'             
     e( 40 - 40) =     17.98920  eV     1   --> A'             
     e( 41 - 41) =     18.63392  eV     1   --> A''            
     e( 42 - 42) =     18.66335  eV     1   --> A'             
     e( 43 - 43) =     18.93099  eV     1   --> A''            
     e( 44 - 44) =     21.57430  eV     1   --> A''            
     e( 45 - 45) =     23.43540  eV     1   --> A'             

 **************************************************************************

 **************************************************************************

                    xk=(  -0.03580,  -0.00000,   0.00000  )

     Band symmetry, C_s (m)     point group:

     e(  1 -  1) =    -39.37267  eV     1   --> A'             
     e(  2 -  2) =    -39.37208  eV     1   --> A''            
     e(  3 -  4) =    -39.37098  eV     2   --> A'             
     e(  3 -  4) =    -39.37098  eV     2   --> A''            
     e(  5 -  6) =    -39.37034  eV     2   --> A'             
     e(  5 -  6) =    -39.37034  eV     2   --> A''            
     e(  7 -  8) =    -39.36500  eV     2   --> A'             
     e(  7 -  8) =    -39.36500  eV     2   --> A''            
     e(  9 - 10) =    -39.36449  eV     2   --> A'             
     e(  9 - 10) =    -39.36449  eV     2   --> A''            
     e( 11 - 11) =    -24.14085  eV     1   --> A''            
     e( 12 - 12) =    -24.12491  eV     1   --> A'             
     e( 13 - 13) =    -24.12395  eV     1   --> A''            
     e( 14 - 14) =    -24.07822  eV     1   --> A''            
     e( 15 - 15) =    -24.07786  eV     1   --> A'             
     e( 16 - 16) =    -24.06064  eV     1   --> A'             
     e( 17 - 17) =    -24.05452  eV     1   --> A''            
     e( 18 - 18) =    -24.05432  eV     1   --> A'             
     e( 19 - 19) =    -24.03745  eV     1   --> A'             
     e( 20 - 20) =    -24.03667  eV     1   --> A''            
     e( 21 - 21) =     -6.43422  eV     1   --> A'             
     e( 22 - 22) =     -5.26976  eV     1   --> A''            
     e( 23 - 23) =      1.07819  eV     1   --> A''            
     e( 24 - 24) =      5.15752  eV     1   --> A''            
     e( 25 - 25) =      5.20348  eV     1   --> A'             
     e( 26 - 26) =      5.92433  eV     1   --> A'             
     e( 27 - 27) =      5.94698  eV     1   --> A'             
     e( 28 - 28) =      6.00778  eV     1   --> A''            
     e( 29 - 29) =      8.54469  eV     1   --> A'             
     e( 30 - 30) =      9.37795  eV     1   --> A''            
     e( 31 - 31) =     12.60315  eV     1   --> A'             
     e( 32 - 32) =     12.66796  eV     1   --> A''            
     e( 33 - 33) =     12.95537  eV     1   --> A'             
     e( 34 - 34) =     14.04845  eV     1   --> A''            
     e( 35 - 35) =     14.10750  eV     1   --> A'             
     e( 36 - 36) =     15.96856  eV     1   --> A''            
     e( 37 - 37) =     16.34236  eV     1   --> A'             
     e( 38 - 38) =     16.50955  eV     1   --> A''            
     e( 39 - 39) =     16.74560  eV     1   --> A'             
     e( 40 - 40) =     17.98315  eV     1   --> A'             
     e( 41 - 41) =     18.63107  eV     1   --> A''            
     e( 42 - 42) =     18.65864  eV     1   --> A'             
     e( 43 - 43) =     18.92405  eV     1   --> A''            
     e( 44 - 44) =     21.57728  eV     1   --> A''            
     e( 45 - 45) =     23.43715  eV     1   --> A'             

 **************************************************************************

 **************************************************************************

                    xk=(  -0.03464,  -0.00000,   0.00000  )

     Band symmetry, C_s (m)     point group:

     e(  1 -  1) =    -39.37267  eV     1   --> A'             
     e(  2 -  2) =    -39.37208  eV     1   --> A''            
     e(  3 -  4) =    -39.37102  eV     2   --> A'             
     e(  3 -  4) =    -39.37102  eV     2   --> A''            
     e(  5 -  6) =    -39.37041  eV     2   --> A'             
     e(  5 -  6) =    -39.37041  eV     2   --> A''            
     e(  7 -  8) =    -39.36509  eV     2   --> A'             
     e(  7 -  8) =    -39.36509  eV     2   --> A''            
     e(  9 - 10) =    -39.36455  eV     2   --> A'             
     e(  9 - 10) =    -39.36455  eV     2   --> A''            
     e( 11 - 11) =    -24.14088  eV     1   --> A''            
     e( 12 - 12) =    -24.12488  eV     1   --> A'             
     e( 13 - 13) =    -24.12394  eV     1   --> A''            
     e( 14 - 14) =    -24.07829  eV     1   --> A''            
     e( 15 - 15) =    -24.07795  eV     1   --> A'             
     e( 16 - 16) =    -24.06068  eV     1   --> A'             
     e( 17 - 17) =    -24.05451  eV     1   --> A''            
     e( 18 - 18) =    -24.05433  eV     1   --> A'             
     e( 19 - 19) =    -24.03749  eV     1   --> A'             
     e( 20 - 20) =    -24.03669  eV     1   --> A''            
     e( 21 - 21) =     -6.43469  eV     1   --> A'             
     e( 22 - 22) =     -5.27006  eV     1   --> A''            
     e( 23 - 23) =      1.07769  eV     1   --> A''            
     e( 24 - 24) =      5.16138  eV     1   --> A''            
     e( 25 - 25) =      5.20452  eV     1   --> A'             
     e( 26 - 26) =      5.92751  eV     1   --> A'             
     e( 27 - 27) =      5.94925  eV     1   --> A'             
     e( 28 - 28) =      6.00825  eV     1   --> A''            
     e( 29 - 29) =      8.54003  eV     1   --> A'             
     e( 30 - 30) =      9.37413  eV     1   --> A''            
     e( 31 - 31) =     12.60590  eV     1   --> A'             
     e( 32 - 32) =     12.66671  eV     1   --> A''            
     e( 33 - 33) =     12.95400  eV     1   --> A'             
     e( 34 - 34) =     14.05008  eV     1   --> A''            
     e( 35 - 35) =     14.10545  eV     1   --> A'             
     e( 36 - 36) =     15.97218  eV     1   --> A''            
     e( 37 - 37) =     16.35072  eV     1   --> A'             
     e( 38 - 38) =     16.51105  eV     1   --> A''            
     e( 39 - 39) =     16.73889  eV     1   --> A'             
     e( 40 - 40) =     17.97718  eV     1   --> A'             
     e( 41 - 41) =     18.62832  eV     1   --> A''            
     e( 42 - 42) =     18.65412  eV     1   --> A'             
     e( 43 - 43) =     18.91728  eV     1   --> A''            
     e( 44 - 44) =     21.58019  eV     1   --> A''            
     e( 45 - 45) =     23.43885  eV     1   --> A'             

 **************************************************************************

 **************************************************************************

                    xk=(  -0.03349,  -0.00000,   0.00000  )

     Band symmetry, C_s (m)     point group:

     e(  1 -  1) =    -39.37267  eV     1   --> A'             
     e(  2 -  2) =    -39.37208  eV     1   --> A''            
     e(  3 -  4) =    -39.37102  eV     2   --> A'             
     e(  3 -  4) =    -39.37102  eV     2   --> A''            
     e(  5 -  6) =    -39.37040  eV     2   --> A'             
     e(  5 -  6) =    -39.37040  eV     2   --> A''            
     e(  7 -  8) =    -39.36508  eV     2   --> A'             
     e(  7 -  8) =    -39.36508  eV     2   --> A''            
     e(  9 - 10) =    -39.36455  eV     2   --> A'             
     e(  9 - 10) =    -39.36455  eV     2   --> A''            
     e( 11 - 11) =    -24.14091  eV     1   --> A''            
     e( 12 - 12) =    -24.12482  eV     1   --> A'             
     e( 13 - 13) =    -24.12392  eV     1   --> A''            
     e( 14 - 14) =    -24.07831  eV     1   --> A''            
     e( 15 - 15) =    -24.07799  eV     1   --> A'             
     e( 16 - 16) =    -24.06071  eV     1   --> A'             
     e( 17 - 17) =    -24.05448  eV     1   --> A''            
     e( 18 - 18) =    -24.05431  eV     1   --> A'             
     e( 19 - 19) =    -24.03746  eV     1   --> A'             
     e( 20 - 20) =    -24.03671  eV     1   --> A''            
     e( 21 - 21) =     -6.43514  eV     1   --> A'             
     e( 22 - 22) =     -5.27034  eV     1   --> A''            
     e( 23 - 23) =      1.07720  eV     1   --> A''            
     e( 24 - 24) =      5.16512  eV     1   --> A''            
     e( 25 - 25) =      5.20552  eV     1   --> A'             
     e( 26 - 26) =      5.93017  eV     1   --> A'             
     e( 27 - 27) =      5.95188  eV     1   --> A'             
     e( 28 - 28) =      6.00871  eV     1   --> A''            
     e( 29 - 29) =      8.53550  eV     1   --> A'             
     e( 30 - 30) =      9.37042  eV     1   --> A''            
     e( 31 - 31) =     12.60858  eV     1   --> A'             
     e( 32 - 32) =     12.66551  eV     1   --> A''            
     e( 33 - 33) =     12.95267  eV     1   --> A'             
     e( 34 - 34) =     14.05167  eV     1   --> A''            
     e( 35 - 35) =     14.10347  eV     1   --> A'             
     e( 36 - 36) =     15.97567  eV     1   --> A''            
     e( 37 - 37) =     16.35900  eV     1   --> A'             
     e( 38 - 38) =     16.51252  eV     1   --> A''            
     e( 39 - 39) =     16.73228  eV     1   --> A'             
     e( 40 - 40) =     17.97132  eV     1   --> A'             
     e( 41 - 41) =     18.62568  eV     1   --> A''            
     e( 42 - 42) =     18.64978  eV     1   --> A'             
     e( 43 - 43) =     18.91068  eV     1   --> A''            
     e( 44 - 44) =     21.58303  eV     1   --> A''            
     e( 45 - 45) =     23.44049  eV     1   --> A'             

 **************************************************************************

 **************************************************************************

                    xk=(  -0.03233,  -0.00000,   0.00000  )

     Band symmetry, C_s (m)     point group:

     e(  1 -  1) =    -39.37267  eV     1   --> A'             
     e(  2 -  2) =    -39.37208  eV     1   --> A''            
     e(  3 -  4) =    -39.37102  eV     2   --> A'             
     e(  3 -  4) =    -39.37102  eV     2   --> A''            
     e(  5 -  6) =    -39.37040  eV     2   --> A'             
     e(  5 -  6) =    -39.37040  eV     2   --> A''            
     e(  7 -  8) =    -39.36508  eV     2   --> A'             
     e(  7 -  8) =    -39.36508  eV     2   --> A''            
     e(  9 - 10) =    -39.36455  eV     2   --> A'             
     e(  9 - 10) =    -39.36455  eV     2   --> A''            
     e( 11 - 11) =    -24.14093  eV     1   --> A''            
     e( 12 - 12) =    -24.12475  eV     1   --> A'             
     e( 13 - 13) =    -24.12391  eV     1   --> A''            
     e( 14 - 14) =    -24.07832  eV     1   --> A''            
     e( 15 - 15) =    -24.07802  eV     1   --> A'             
     e( 16 - 16) =    -24.06074  eV     1   --> A'             
     e( 17 - 17) =    -24.05445  eV     1   --> A''            
     e( 18 - 18) =    -24.05429  eV     1   --> A'             
     e( 19 - 19) =    -24.03743  eV     1   --> A'             
     e( 20 - 20) =    -24.03672  eV     1   --> A''            
     e( 21 - 21) =     -6.43558  eV     1   --> A'             
     e( 22 - 22) =     -5.27062  eV     1   --> A''            
     e( 23 - 23) =      1.07673  eV     1   --> A''            
     e( 24 - 24) =      5.16875  eV     1   --> A''            
     e( 25 - 25) =      5.20649  eV     1   --> A'             
     e( 26 - 26) =      5.93234  eV     1   --> A'             
     e( 27 - 27) =      5.95485  eV     1   --> A'             
     e( 28 - 28) =      6.00916  eV     1   --> A''            
     e( 29 - 29) =      8.53110  eV     1   --> A'             
     e( 30 - 30) =      9.36683  eV     1   --> A''            
     e( 31 - 31) =     12.61117  eV     1   --> A'             
     e( 32 - 32) =     12.66434  eV     1   --> A''            
     e( 33 - 33) =     12.95139  eV     1   --> A'             
     e( 34 - 34) =     14.05322  eV     1   --> A''            
     e( 35 - 35) =     14.10155  eV     1   --> A'             
     e( 36 - 36) =     15.97904  eV     1   --> A''            
     e( 37 - 37) =     16.36719  eV     1   --> A'             
     e( 38 - 38) =     16.51398  eV     1   --> A''            
     e( 39 - 39) =     16.72576  eV     1   --> A'             
     e( 40 - 40) =     17.96556  eV     1   --> A'             
     e( 41 - 41) =     18.62315  eV     1   --> A''            
     e( 42 - 42) =     18.64560  eV     1   --> A'             
     e( 43 - 43) =     18.90425  eV     1   --> A''            
     e( 44 - 44) =     21.58579  eV     1   --> A''            
     e( 45 - 45) =     23.44208  eV     1   --> A'             

 **************************************************************************

 **************************************************************************

                    xk=(  -0.03118,  -0.00000,   0.00000  )

     Band symmetry, C_s (m)     point group:

     e(  1 -  1) =    -39.37267  eV     1   --> A'             
     e(  2 -  2) =    -39.37208  eV     1   --> A''            
     e(  3 -  4) =    -39.37102  eV     2   --> A'             
     e(  3 -  4) =    -39.37102  eV     2   --> A''            
     e(  5 -  6) =    -39.37040  eV     2   --> A'             
     e(  5 -  6) =    -39.37040  eV     2   --> A''            
     e(  7 -  8) =    -39.36508  eV     2   --> A'             
     e(  7 -  8) =    -39.36508  eV     2   --> A''            
     e(  9 - 10) =    -39.36455  eV     2   --> A'             
     e(  9 - 10) =    -39.36455  eV     2   --> A''            
     e( 11 - 11) =    -24.14096  eV     1   --> A''            
     e( 12 - 12) =    -24.12468  eV     1   --> A'             
     e( 13 - 13) =    -24.12390  eV     1   --> A''            
     e( 14 - 14) =    -24.07834  eV     1   --> A''            
     e( 15 - 15) =    -24.07806  eV     1   --> A'             
     e( 16 - 16) =    -24.06077  eV     1   --> A'             
     e( 17 - 17) =    -24.05442  eV     1   --> A''            
     e( 18 - 18) =    -24.05427  eV     1   --> A'             
     e( 19 - 19) =    -24.03741  eV     1   --> A'             
     e( 20 - 20) =    -24.03674  eV     1   --> A''            
     e( 21 - 21) =     -6.43600  eV     1   --> A'             
     e( 22 - 22) =     -5.27089  eV     1   --> A''            
     e( 23 - 23) =      1.07628  eV     1   --> A''            
     e( 24 - 24) =      5.17226  eV     1   --> A''            
     e( 25 - 25) =      5.20742  eV     1   --> A'             
     e( 26 - 26) =      5.93410  eV     1   --> A'             
     e( 27 - 27) =      5.95807  eV     1   --> A'             
     e( 28 - 28) =      6.00958  eV     1   --> A''            
     e( 29 - 29) =      8.52684  eV     1   --> A'             
     e( 30 - 30) =      9.36336  eV     1   --> A''            
     e( 31 - 31) =     12.61369  eV     1   --> A'             
     e( 32 - 32) =     12.66321  eV     1   --> A''            
     e( 33 - 33) =     12.95014  eV     1   --> A'             
     e( 34 - 34) =     14.05471  eV     1   --> A''            
     e( 35 - 35) =     14.09970  eV     1   --> A'             
     e( 36 - 36) =     15.98229  eV     1   --> A''            
     e( 37 - 37) =     16.37527  eV     1   --> A'             
     e( 38 - 38) =     16.51541  eV     1   --> A''            
     e( 39 - 39) =     16.71934  eV     1   --> A'             
     e( 40 - 40) =     17.95991  eV     1   --> A'             
     e( 41 - 41) =     18.62072  eV     1   --> A''            
     e( 42 - 42) =     18.64160  eV     1   --> A'             
     e( 43 - 43) =     18.89799  eV     1   --> A''            
     e( 44 - 44) =     21.58847  eV     1   --> A''            
     e( 45 - 45) =     23.44361  eV     1   --> A'             

 **************************************************************************

 **************************************************************************

                    xk=(  -0.03002,  -0.00000,   0.00000  )

     Band symmetry, C_s (m)     point group:

     e(  1 -  1) =    -39.37266  eV     1   --> A'             
     e(  2 -  2) =    -39.37208  eV     1   --> A''            
     e(  3 -  4) =    -39.37102  eV     2   --> A'             
     e(  3 -  4) =    -39.37102  eV     2   --> A''            
     e(  5 -  6) =    -39.37040  eV     2   --> A'             
     e(  5 -  6) =    -39.37040  eV     2   --> A''            
     e(  7 -  8) =    -39.36508  eV     2   --> A'             
     e(  7 -  8) =    -39.36508  eV     2   --> A''            
     e(  9 - 10) =    -39.36455  eV     2   --> A'             
     e(  9 - 10) =    -39.36455  eV     2   --> A''            
     e( 11 - 11) =    -24.14098  eV     1   --> A''            
     e( 12 - 12) =    -24.12462  eV     1   --> A'             
     e( 13 - 13) =    -24.12389  eV     1   --> A''            
     e( 14 - 14) =    -24.07835  eV     1   --> A''            
     e( 15 - 15) =    -24.07809  eV     1   --> A'             
     e( 16 - 16) =    -24.06081  eV     1   --> A'             
     e( 17 - 17) =    -24.05440  eV     1   --> A''            
     e( 18 - 18) =    -24.05425  eV     1   --> A'             
     e( 19 - 19) =    -24.03738  eV     1   --> A'             
     e( 20 - 20) =    -24.03676  eV     1   --> A''            
     e( 21 - 21) =     -6.43641  eV     1   --> A'             
     e( 22 - 22) =     -5.27115  eV     1   --> A''            
     e( 23 - 23) =      1.07585  eV     1   --> A''            
     e( 24 - 24) =      5.17565  eV     1   --> A''            
     e( 25 - 25) =      5.20832  eV     1   --> A'             
     e( 26 - 26) =      5.93552  eV     1   --> A'             
     e( 27 - 27) =      5.96146  eV     1   --> A'             
     e( 28 - 28) =      6.00999  eV     1   --> A''            
     e( 29 - 29) =      8.52272  eV     1   --> A'             
     e( 30 - 30) =      9.36000  eV     1   --> A''            
     e( 31 - 31) =     12.61612  eV     1   --> A'             
     e( 32 - 32) =     12.66212  eV     1   --> A''            
     e( 33 - 33) =     12.94894  eV     1   --> A'             
     e( 34 - 34) =     14.05615  eV     1   --> A''            
     e( 35 - 35) =     14.09791  eV     1   --> A'             
     e( 36 - 36) =     15.98542  eV     1   --> A''            
     e( 37 - 37) =     16.38327  eV     1   --> A'             
     e( 38 - 38) =     16.51681  eV     1   --> A''            
     e( 39 - 39) =     16.71302  eV     1   --> A'             
     e( 40 - 40) =     17.95438  eV     1   --> A'             
     e( 41 - 41) =     18.61840  eV     1   --> A''            
     e( 42 - 42) =     18.63777  eV     1   --> A'             
     e( 43 - 43) =     18.89192  eV     1   --> A''            
     e( 44 - 44) =     21.59108  eV     1   --> A''            
     e( 45 - 45) =     23.44508  eV     1   --> A'             

 **************************************************************************

 **************************************************************************

                    xk=(  -0.02887,  -0.00000,   0.00000  )

     Band symmetry, C_s (m)     point group:

     e(  1 -  1) =    -39.37268  eV     1   --> A'             
     e(  2 -  2) =    -39.37197  eV     1   --> A''            
     e(  3 -  4) =    -39.37102  eV     2   --> A'             
     e(  3 -  4) =    -39.37102  eV     2   --> A''            
     e(  5 -  5) =    -39.37047  eV     1   --> A'             
     e(  6 -  6) =    -39.37033  eV     1   --> A''            
     e(  7 -  7) =    -39.36516  eV     1   --> A'             
     e(  8 -  8) =    -39.36499  eV     1   --> A''            
     e(  9 - 10) =    -39.36456  eV     2   --> A'             
     e(  9 - 10) =    -39.36456  eV     2   --> A''            
     e( 11 - 11) =    -24.14094  eV     1   --> A''            
     e( 12 - 12) =    -24.12459  eV     1   --> A'             
     e( 13 - 13) =    -24.12387  eV     1   --> A''            
     e( 14 - 14) =    -24.07832  eV     1   --> A''            
     e( 15 - 15) =    -24.07813  eV     1   --> A'             
     e( 16 - 16) =    -24.06086  eV     1   --> A'             
     e( 17 - 17) =    -24.05436  eV     1   --> A''            
     e( 18 - 18) =    -24.05425  eV     1   --> A'             
     e( 19 - 19) =    -24.03741  eV     1   --> A'             
     e( 20 - 20) =    -24.03677  eV     1   --> A''            
     e( 21 - 21) =     -6.43680  eV     1   --> A'             
     e( 22 - 22) =     -5.27140  eV     1   --> A''            
     e( 23 - 23) =      1.07543  eV     1   --> A''            
     e( 24 - 24) =      5.17892  eV     1   --> A''            
     e( 25 - 25) =      5.20918  eV     1   --> A'             
     e( 26 - 26) =      5.93669  eV     1   --> A'             
     e( 27 - 27) =      5.96495  eV     1   --> A'             
     e( 28 - 28) =      6.01039  eV     1   --> A''            
     e( 29 - 29) =      8.51873  eV     1   --> A'             
     e( 30 - 30) =      9.35677  eV     1   --> A''            
     e( 31 - 31) =     12.61847  eV     1   --> A'             
     e( 32 - 32) =     12.66107  eV     1   --> A''            
     e( 33 - 33) =     12.94778  eV     1   --> A'             
     e( 34 - 34) =     14.05754  eV     1   --> A''            
     e( 35 - 35) =     14.09619  eV     1   --> A'             
     e( 36 - 36) =     15.98843  eV     1   --> A''            
     e( 37 - 37) =     16.39114  eV     1   --> A'             
     e( 38 - 38) =     16.51818  eV     1   --> A''            
     e( 39 - 39) =     16.70678  eV     1   --> A'             
     e( 40 - 40) =     17.94898  eV     1   --> A'             
     e( 41 - 41) =     18.61618  eV     1   --> A''            
     e( 42 - 42) =     18.63410  eV     1   --> A'             
     e( 43 - 43) =     18.88603  eV     1   --> A''            
     e( 44 - 44) =     21.59360  eV     1   --> A''            
     e( 45 - 45) =     23.44650  eV     1   --> A'             

 **************************************************************************

 **************************************************************************

                    xk=(  -0.02771,  -0.00000,   0.00000  )

     Band symmetry, C_s (m)     point group:

     e(  1 -  1) =    -39.37268  eV     1   --> A'             
     e(  2 -  2) =    -39.37197  eV     1   --> A''            
     e(  3 -  4) =    -39.37102  eV     2   --> A'             
     e(  3 -  4) =    -39.37102  eV     2   --> A''            
     e(  5 -  5) =    -39.37047  eV     1   --> A'             
     e(  6 -  6) =    -39.37033  eV     1   --> A''            
     e(  7 -  7) =    -39.36516  eV     1   --> A'             
     e(  8 -  8) =    -39.36499  eV     1   --> A''            
     e(  9 - 10) =    -39.36456  eV     2   --> A'             
     e(  9 - 10) =    -39.36456  eV     2   --> A''            
     e( 11 - 11) =    -24.14096  eV     1   --> A''            
     e( 12 - 12) =    -24.12454  eV     1   --> A'             
     e( 13 - 13) =    -24.12386  eV     1   --> A''            
     e( 14 - 14) =    -24.07833  eV     1   --> A''            
     e( 15 - 15) =    -24.07816  eV     1   --> A'             
     e( 16 - 16) =    -24.06089  eV     1   --> A'             
     e( 17 - 17) =    -24.05433  eV     1   --> A''            
     e( 18 - 18) =    -24.05423  eV     1   --> A'             
     e( 19 - 19) =    -24.03739  eV     1   --> A'             
     e( 20 - 20) =    -24.03678  eV     1   --> A''            
     e( 21 - 21) =     -6.43718  eV     1   --> A'             
     e( 22 - 22) =     -5.27163  eV     1   --> A''            
     e( 23 - 23) =      1.07502  eV     1   --> A''            
     e( 24 - 24) =      5.18207  eV     1   --> A''            
     e( 25 - 25) =      5.21000  eV     1   --> A'             
     e( 26 - 26) =      5.93767  eV     1   --> A'             
     e( 27 - 27) =      5.96845  eV     1   --> A'             
     e( 28 - 28) =      6.01076  eV     1   --> A''            
     e( 29 - 29) =      8.51489  eV     1   --> A'             
     e( 30 - 30) =      9.35365  eV     1   --> A''            
     e( 31 - 31) =     12.62074  eV     1   --> A'             
     e( 32 - 32) =     12.66006  eV     1   --> A''            
     e( 33 - 33) =     12.94666  eV     1   --> A'             
     e( 34 - 34) =     14.05889  eV     1   --> A''            
     e( 35 - 35) =     14.09453  eV     1   --> A'             
     e( 36 - 36) =     15.99132  eV     1   --> A''            
     e( 37 - 37) =     16.39893  eV     1   --> A'             
     e( 38 - 38) =     16.51952  eV     1   --> A''            
     e( 39 - 39) =     16.70063  eV     1   --> A'             
     e( 40 - 40) =     17.94371  eV     1   --> A'             
     e( 41 - 41) =     18.61407  eV     1   --> A''            
     e( 42 - 42) =     18.63060  eV     1   --> A'             
     e( 43 - 43) =     18.88034  eV     1   --> A''            
     e( 44 - 44) =     21.59604  eV     1   --> A''            
     e( 45 - 45) =     23.44787  eV     1   --> A'             

 **************************************************************************

 **************************************************************************

                    xk=(  -0.02656,  -0.00000,   0.00000  )

     Band symmetry, C_s (m)     point group:

     e(  1 -  1) =    -39.37268  eV     1   --> A'             
     e(  2 -  2) =    -39.37197  eV     1   --> A''            
     e(  3 -  4) =    -39.37102  eV     2   --> A'             
     e(  3 -  4) =    -39.37102  eV     2   --> A''            
     e(  5 -  5) =    -39.37047  eV     1   --> A'             
     e(  6 -  6) =    -39.37033  eV     1   --> A''            
     e(  7 -  7) =    -39.36516  eV     1   --> A'             
     e(  8 -  8) =    -39.36499  eV     1   --> A''            
     e(  9 - 10) =    -39.36456  eV     2   --> A'             
     e(  9 - 10) =    -39.36456  eV     2   --> A''            
     e( 11 - 11) =    -24.14098  eV     1   --> A''            
     e( 12 - 12) =    -24.12448  eV     1   --> A'             
     e( 13 - 13) =    -24.12385  eV     1   --> A''            
     e( 14 - 14) =    -24.07834  eV     1   --> A''            
     e( 15 - 15) =    -24.07819  eV     1   --> A'             
     e( 16 - 16) =    -24.06091  eV     1   --> A'             
     e( 17 - 18) =    -24.05431  eV     2   --> A'             
     e( 17 - 18) =    -24.05431  eV     2   --> A''            
     e( 19 - 19) =    -24.03736  eV     1   --> A'             
     e( 20 - 20) =    -24.03680  eV     1   --> A''            
     e( 21 - 21) =     -6.43754  eV     1   --> A'             
     e( 22 - 22) =     -5.27186  eV     1   --> A''            
     e( 23 - 23) =      1.07464  eV     1   --> A''            
     e( 24 - 24) =      5.18510  eV     1   --> A''            
     e( 25 - 25) =      5.21079  eV     1   --> A'             
     e( 26 - 26) =      5.93851  eV     1   --> A'             
     e( 27 - 27) =      5.97192  eV     1   --> A'             
     e( 28 - 28) =      6.01112  eV     1   --> A''            
     e( 29 - 29) =      8.51119  eV     1   --> A'             
     e( 30 - 30) =      9.35065  eV     1   --> A''            
     e( 31 - 31) =     12.62293  eV     1   --> A'             
     e( 32 - 32) =     12.65910  eV     1   --> A''            
     e( 33 - 33) =     12.94559  eV     1   --> A'             
     e( 34 - 34) =     14.06018  eV     1   --> A''            
     e( 35 - 35) =     14.09294  eV     1   --> A'             
     e( 36 - 36) =     15.99408  eV     1   --> A''            
     e( 37 - 37) =     16.40662  eV     1   --> A'             
     e( 38 - 38) =     16.52083  eV     1   --> A''            
     e( 39 - 39) =     16.69457  eV     1   --> A'             
     e( 40 - 40) =     17.93858  eV     1   --> A'             
     e( 41 - 41) =     18.61206  eV     1   --> A''            
     e( 42 - 42) =     18.62726  eV     1   --> A'             
     e( 43 - 43) =     18.87483  eV     1   --> A''            
     e( 44 - 44) =     21.59840  eV     1   --> A''            
     e( 45 - 45) =     23.44918  eV     1   --> A'             

 **************************************************************************

 **************************************************************************

                    xk=(  -0.02540,  -0.00000,   0.00000  )

     Band symmetry, C_s (m)     point group:

     e(  1 -  1) =    -39.37268  eV     1   --> A'             
     e(  2 -  2) =    -39.37197  eV     1   --> A''            
     e(  3 -  4) =    -39.37102  eV     2   --> A'             
     e(  3 -  4) =    -39.37102  eV     2   --> A''            
     e(  5 -  5) =    -39.37047  eV     1   --> A'             
     e(  6 -  6) =    -39.37033  eV     1   --> A''            
     e(  7 -  7) =    -39.36516  eV     1   --> A'             
     e(  8 -  8) =    -39.36499  eV     1   --> A''            
     e(  9 - 10) =    -39.36456  eV     2   --> A'             
     e(  9 - 10) =    -39.36456  eV     2   --> A''            
     e( 11 - 11) =    -24.14100  eV     1   --> A''            
     e( 12 - 12) =    -24.12443  eV     1   --> A'             
     e( 13 - 13) =    -24.12384  eV     1   --> A''            
     e( 14 - 14) =    -24.07836  eV     1   --> A''            
     e( 15 - 15) =    -24.07822  eV     1   --> A'             
     e( 16 - 16) =    -24.06094  eV     1   --> A'             
     e( 17 - 18) =    -24.05428  eV     2   --> A'             
     e( 17 - 18) =    -24.05428  eV     2   --> A''            
     e( 19 - 19) =    -24.03734  eV     1   --> A'             
     e( 20 - 20) =    -24.03681  eV     1   --> A''            
     e( 21 - 21) =     -6.43788  eV     1   --> A'             
     e( 22 - 22) =     -5.27208  eV     1   --> A''            
     e( 23 - 23) =      1.07427  eV     1   --> A''            
     e( 24 - 24) =      5.18800  eV     1   --> A''            
     e( 25 - 25) =      5.21155  eV     1   --> A'             
     e( 26 - 26) =      5.93924  eV     1   --> A'             
     e( 27 - 27) =      5.97534  eV     1   --> A'             
     e( 28 - 28) =      6.01146  eV     1   --> A''            
     e( 29 - 29) =      8.50763  eV     1   --> A'             
     e( 30 - 30) =      9.34778  eV     1   --> A''            
     e( 31 - 31) =     12.62503  eV     1   --> A'             
     e( 32 - 32) =     12.65817  eV     1   --> A''            
     e( 33 - 33) =     12.94455  eV     1   --> A'             
     e( 34 - 34) =     14.06142  eV     1   --> A''            
     e( 35 - 35) =     14.09142  eV     1   --> A'             
     e( 36 - 36) =     15.99672  eV     1   --> A''            
     e( 37 - 37) =     16.41419  eV     1   --> A'             
     e( 38 - 38) =     16.52211  eV     1   --> A''            
     e( 39 - 39) =     16.68859  eV     1   --> A'             
     e( 40 - 40) =     17.93361  eV     1   --> A'             
     e( 41 - 41) =     18.61015  eV     1   --> A''            
     e( 42 - 42) =     18.62408  eV     1   --> A'             
     e( 43 - 43) =     18.86952  eV     1   --> A''            
     e( 44 - 44) =     21.60067  eV     1   --> A''            
     e( 45 - 45) =     23.45043  eV     1   --> A'             

 **************************************************************************

 **************************************************************************

                    xk=(  -0.02425,  -0.00000,   0.00000  )

     Band symmetry, C_s (m)     point group:

     e(  1 -  1) =    -39.37268  eV     1   --> A'             
     e(  2 -  2) =    -39.37198  eV     1   --> A''            
     e(  3 -  4) =    -39.37107  eV     2   --> A'             
     e(  3 -  4) =    -39.37107  eV     2   --> A''            
     e(  5 -  5) =    -39.37049  eV     1   --> A'             
     e(  6 -  6) =    -39.37038  eV     1   --> A''            
     e(  7 -  7) =    -39.36518  eV     1   --> A'             
     e(  8 -  8) =    -39.36506  eV     1   --> A''            
     e(  9 - 10) =    -39.36462  eV     2   --> A'             
     e(  9 - 10) =    -39.36462  eV     2   --> A''            
     e( 11 - 11) =    -24.14103  eV     1   --> A''            
     e( 12 - 12) =    -24.12439  eV     1   --> A'             
     e( 13 - 13) =    -24.12387  eV     1   --> A''            
     e( 14 - 14) =    -24.07847  eV     1   --> A''            
     e( 15 - 15) =    -24.07825  eV     1   --> A'             
     e( 16 - 16) =    -24.06097  eV     1   --> A'             
     e( 17 - 17) =    -24.05431  eV     1   --> A''            
     e( 18 - 18) =    -24.05418  eV     1   --> A'             
     e( 19 - 19) =    -24.03734  eV     1   --> A'             
     e( 20 - 20) =    -24.03688  eV     1   --> A''            
     e( 21 - 21) =     -6.43821  eV     1   --> A'             
     e( 22 - 22) =     -5.27229  eV     1   --> A''            
     e( 23 - 23) =      1.07391  eV     1   --> A''            
     e( 24 - 24) =      5.19078  eV     1   --> A''            
     e( 25 - 25) =      5.21227  eV     1   --> A'             
     e( 26 - 26) =      5.93989  eV     1   --> A'             
     e( 27 - 27) =      5.97867  eV     1   --> A'             
     e( 28 - 28) =      6.01179  eV     1   --> A''            
     e( 29 - 29) =      8.50422  eV     1   --> A'             
     e( 30 - 30) =      9.34503  eV     1   --> A''            
     e( 31 - 31) =     12.62704  eV     1   --> A'             
     e( 32 - 32) =     12.65728  eV     1   --> A''            
     e( 33 - 33) =     12.94356  eV     1   --> A'             
     e( 34 - 34) =     14.06261  eV     1   --> A''            
     e( 35 - 35) =     14.08997  eV     1   --> A'             
     e( 36 - 36) =     15.99924  eV     1   --> A''            
     e( 37 - 37) =     16.42166  eV     1   --> A'             
     e( 38 - 38) =     16.52334  eV     1   --> A''            
     e( 39 - 39) =     16.68269  eV     1   --> A'             
     e( 40 - 40) =     17.92880  eV     1   --> A'             
     e( 41 - 41) =     18.60834  eV     1   --> A''            
     e( 42 - 42) =     18.62106  eV     1   --> A'             
     e( 43 - 43) =     18.86441  eV     1   --> A''            
     e( 44 - 44) =     21.60285  eV     1   --> A''            
     e( 45 - 45) =     23.45163  eV     1   --> A'             

 **************************************************************************

 **************************************************************************

                    xk=(  -0.02309,  -0.00000,   0.00000  )

     Band symmetry, C_s (m)     point group:

     e(  1 -  1) =    -39.37265  eV     1   --> A'             
     e(  2 -  2) =    -39.37191  eV     1   --> A''            
     e(  3 -  4) =    -39.37103  eV     2   --> A'             
     e(  3 -  4) =    -39.37103  eV     2   --> A''            
     e(  5 -  6) =    -39.37039  eV     2   --> A'             
     e(  5 -  6) =    -39.37039  eV     2   --> A''            
     e(  7 -  8) =    -39.36507  eV     2   --> A'             
     e(  7 -  8) =    -39.36507  eV     2   --> A''            
     e(  9 - 10) =    -39.36458  eV     2   --> A'             
     e(  9 - 10) =    -39.36458  eV     2   --> A''            
     e( 11 - 11) =    -24.14100  eV     1   --> A''            
     e( 12 - 12) =    -24.12426  eV     1   --> A'             
     e( 13 - 13) =    -24.12386  eV     1   --> A''            
     e( 14 - 14) =    -24.07845  eV     1   --> A''            
     e( 15 - 15) =    -24.07827  eV     1   --> A'             
     e( 16 - 16) =    -24.06098  eV     1   --> A'             
     e( 17 - 17) =    -24.05427  eV     1   --> A''            
     e( 18 - 18) =    -24.05417  eV     1   --> A'             
     e( 19 - 19) =    -24.03724  eV     1   --> A'             
     e( 20 - 20) =    -24.03689  eV     1   --> A''            
     e( 21 - 21) =     -6.43853  eV     1   --> A'             
     e( 22 - 22) =     -5.27249  eV     1   --> A''            
     e( 23 - 23) =      1.07357  eV     1   --> A''            
     e( 24 - 24) =      5.19343  eV     1   --> A''            
     e( 25 - 25) =      5.21296  eV     1   --> A'             
     e( 26 - 26) =      5.94046  eV     1   --> A'             
     e( 27 - 27) =      5.98190  eV     1   --> A'             
     e( 28 - 28) =      6.01210  eV     1   --> A''            
     e( 29 - 29) =      8.50096  eV     1   --> A'             
     e( 30 - 30) =      9.34240  eV     1   --> A''            
     e( 31 - 31) =     12.62897  eV     1   --> A'             
     e( 32 - 32) =     12.65643  eV     1   --> A''            
     e( 33 - 33) =     12.94262  eV     1   --> A'             
     e( 34 - 34) =     14.06376  eV     1   --> A''            
     e( 35 - 35) =     14.08858  eV     1   --> A'             
     e( 36 - 36) =     16.00164  eV     1   --> A''            
     e( 37 - 37) =     16.42902  eV     1   --> A'             
     e( 38 - 38) =     16.52453  eV     1   --> A''            
     e( 39 - 39) =     16.67686  eV     1   --> A'             
     e( 40 - 40) =     17.92415  eV     1   --> A'             
     e( 41 - 41) =     18.60664  eV     1   --> A''            
     e( 42 - 42) =     18.61819  eV     1   --> A'             
     e( 43 - 43) =     18.85950  eV     1   --> A''            
     e( 44 - 44) =     21.60494  eV     1   --> A''            
     e( 45 - 45) =     23.45277  eV     1   --> A'             

 **************************************************************************

 **************************************************************************

                    xk=(  -0.02194,  -0.00000,   0.00000  )

     Band symmetry, C_s (m)     point group:

     e(  1 -  1) =    -39.37265  eV     1   --> A'             
     e(  2 -  2) =    -39.37191  eV     1   --> A''            
     e(  3 -  4) =    -39.37103  eV     2   --> A'             
     e(  3 -  4) =    -39.37103  eV     2   --> A''            
     e(  5 -  6) =    -39.37039  eV     2   --> A'             
     e(  5 -  6) =    -39.37039  eV     2   --> A''            
     e(  7 -  8) =    -39.36507  eV     2   --> A'             
     e(  7 -  8) =    -39.36507  eV     2   --> A''            
     e(  9 - 10) =    -39.36458  eV     2   --> A'             
     e(  9 - 10) =    -39.36458  eV     2   --> A''            
     e( 11 - 11) =    -24.14101  eV     1   --> A''            
     e( 12 - 12) =    -24.12422  eV     1   --> A'             
     e( 13 - 13) =    -24.12385  eV     1   --> A''            
     e( 14 - 14) =    -24.07846  eV     1   --> A''            
     e( 15 - 15) =    -24.07830  eV     1   --> A'             
     e( 16 - 16) =    -24.06100  eV     1   --> A'             
     e( 17 - 18) =    -24.05424  eV     2   --> A'             
     e( 17 - 18) =    -24.05424  eV     2   --> A''            
     e( 19 - 19) =    -24.03722  eV     1   --> A'             
     e( 20 - 20) =    -24.03691  eV     1   --> A''            
     e( 21 - 21) =     -6.43883  eV     1   --> A'             
     e( 22 - 22) =     -5.27268  eV     1   --> A''            
     e( 23 - 23) =      1.07325  eV     1   --> A''            
     e( 24 - 24) =      5.19596  eV     1   --> A''            
     e( 25 - 25) =      5.21362  eV     1   --> A'             
     e( 26 - 26) =      5.94098  eV     1   --> A'             
     e( 27 - 27) =      5.98500  eV     1   --> A'             
     e( 28 - 28) =      6.01240  eV     1   --> A''            
     e( 29 - 29) =      8.49785  eV     1   --> A'             
     e( 30 - 30) =      9.33989  eV     1   --> A''            
     e( 31 - 31) =     12.63081  eV     1   --> A'             
     e( 32 - 32) =     12.65563  eV     1   --> A''            
     e( 33 - 33) =     12.94172  eV     1   --> A'             
     e( 34 - 34) =     14.06484  eV     1   --> A''            
     e( 35 - 35) =     14.08726  eV     1   --> A'             
     e( 36 - 36) =     16.00393  eV     1   --> A''            
     e( 37 - 37) =     16.43626  eV     1   --> A'             
     e( 38 - 38) =     16.52569  eV     1   --> A''            
     e( 39 - 39) =     16.67111  eV     1   --> A'             
     e( 40 - 40) =     17.91967  eV     1   --> A'             
     e( 41 - 41) =     18.60503  eV     1   --> A''            
     e( 42 - 42) =     18.61548  eV     1   --> A'             
     e( 43 - 43) =     18.85480  eV     1   --> A''            
     e( 44 - 44) =     21.60694  eV     1   --> A''            
     e( 45 - 45) =     23.45386  eV     1   --> A'             

 **************************************************************************

 **************************************************************************

                    xk=(  -0.02078,  -0.00000,   0.00000  )

     Band symmetry, C_s (m)     point group:

     e(  1 -  1) =    -39.37265  eV     1   --> A'             
     e(  2 -  2) =    -39.37191  eV     1   --> A''            
     e(  3 -  4) =    -39.37103  eV     2   --> A'             
     e(  3 -  4) =    -39.37103  eV     2   --> A''            
     e(  5 -  6) =    -39.37039  eV     2   --> A'             
     e(  5 -  6) =    -39.37039  eV     2   --> A''            
     e(  7 -  8) =    -39.36507  eV     2   --> A'             
     e(  7 -  8) =    -39.36507  eV     2   --> A''            
     e(  9 - 10) =    -39.36458  eV     2   --> A'             
     e(  9 - 10) =    -39.36458  eV     2   --> A''            
     e( 11 - 11) =    -24.14103  eV     1   --> A''            
     e( 12 - 12) =    -24.12417  eV     1   --> A'             
     e( 13 - 13) =    -24.12384  eV     1   --> A''            
     e( 14 - 14) =    -24.07847  eV     1   --> A''            
     e( 15 - 15) =    -24.07832  eV     1   --> A'             
     e( 16 - 16) =    -24.06102  eV     1   --> A'             
     e( 17 - 18) =    -24.05422  eV     2   --> A'             
     e( 17 - 18) =    -24.05422  eV     2   --> A''            
     e( 19 - 19) =    -24.03720  eV     1   --> A'             
     e( 20 - 20) =    -24.03692  eV     1   --> A''            
     e( 21 - 21) =     -6.43911  eV     1   --> A'             
     e( 22 - 22) =     -5.27286  eV     1   --> A''            
     e( 23 - 23) =      1.07295  eV     1   --> A''            
     e( 24 - 24) =      5.19837  eV     1   --> A''            
     e( 25 - 25) =      5.21424  eV     1   --> A'             
     e( 26 - 26) =      5.94145  eV     1   --> A'             
     e( 27 - 27) =      5.98799  eV     1   --> A'             
     e( 28 - 28) =      6.01268  eV     1   --> A''            
     e( 29 - 29) =      8.49489  eV     1   --> A'             
     e( 30 - 30) =      9.33751  eV     1   --> A''            
     e( 31 - 31) =     12.63256  eV     1   --> A'             
     e( 32 - 32) =     12.65486  eV     1   --> A''            
     e( 33 - 33) =     12.94086  eV     1   --> A'             
     e( 34 - 34) =     14.06587  eV     1   --> A''            
     e( 35 - 35) =     14.08601  eV     1   --> A'             
     e( 36 - 36) =     16.00609  eV     1   --> A''            
     e( 37 - 37) =     16.44339  eV     1   --> A'             
     e( 38 - 38) =     16.52679  eV     1   --> A''            
     e( 39 - 39) =     16.66544  eV     1   --> A'             
     e( 40 - 40) =     17.91538  eV     1   --> A'             
     e( 41 - 41) =     18.60351  eV     1   --> A''            
     e( 42 - 42) =     18.61292  eV     1   --> A'             
     e( 43 - 43) =     18.85032  eV     1   --> A''            
     e( 44 - 44) =     21.60885  eV     1   --> A''            
     e( 45 - 45) =     23.45489  eV     1   --> A'             

 **************************************************************************

 **************************************************************************

                    xk=(  -0.01963,  -0.00000,   0.00000  )

     Band symmetry, C_s (m)     point group:

     e(  1 -  1) =    -39.37265  eV     1   --> A'             
     e(  2 -  2) =    -39.37191  eV     1   --> A''            
     e(  3 -  4) =    -39.37103  eV     2   --> A'             
     e(  3 -  4) =    -39.37103  eV     2   --> A''            
     e(  5 -  6) =    -39.37039  eV     2   --> A'             
     e(  5 -  6) =    -39.37039  eV     2   --> A''            
     e(  7 -  8) =    -39.36507  eV     2   --> A'             
     e(  7 -  8) =    -39.36507  eV     2   --> A''            
     e(  9 - 10) =    -39.36458  eV     2   --> A'             
     e(  9 - 10) =    -39.36458  eV     2   --> A''            
     e( 11 - 11) =    -24.14105  eV     1   --> A''            
     e( 12 - 12) =    -24.12413  eV     1   --> A'             
     e( 13 - 13) =    -24.12383  eV     1   --> A''            
     e( 14 - 14) =    -24.07848  eV     1   --> A''            
     e( 15 - 15) =    -24.07835  eV     1   --> A'             
     e( 16 - 16) =    -24.06105  eV     1   --> A'             
     e( 17 - 18) =    -24.05421  eV     2   --> A'             
     e( 17 - 18) =    -24.05421  eV     2   --> A''            
     e( 19 - 19) =    -24.03718  eV     1   --> A'             
     e( 20 - 20) =    -24.03693  eV     1   --> A''            
     e( 21 - 21) =     -6.43938  eV     1   --> A'             
     e( 22 - 22) =     -5.27303  eV     1   --> A''            
     e( 23 - 23) =      1.07266  eV     1   --> A''            
     e( 24 - 24) =      5.20065  eV     1   --> A''            
     e( 25 - 25) =      5.21482  eV     1   --> A'             
     e( 26 - 26) =      5.94187  eV     1   --> A'             
     e( 27 - 27) =      5.99083  eV     1   --> A'             
     e( 28 - 28) =      6.01294  eV     1   --> A''            
     e( 29 - 29) =      8.49208  eV     1   --> A'             
     e( 30 - 30) =      9.33526  eV     1   --> A''            
     e( 31 - 31) =     12.63422  eV     1   --> A'             
     e( 32 - 32) =     12.65414  eV     1   --> A''            
     e( 33 - 33) =     12.94005  eV     1   --> A'             
     e( 34 - 34) =     14.06685  eV     1   --> A''            
     e( 35 - 35) =     14.08482  eV     1   --> A'             
     e( 36 - 36) =     16.00813  eV     1   --> A''            
     e( 37 - 37) =     16.45041  eV     1   --> A'             
     e( 38 - 38) =     16.52785  eV     1   --> A''            
     e( 39 - 39) =     16.65982  eV     1   --> A'             
     e( 40 - 40) =     17.91127  eV     1   --> A'             
     e( 41 - 41) =     18.60210  eV     1   --> A''            
     e( 42 - 42) =     18.61050  eV     1   --> A'             
     e( 43 - 43) =     18.84604  eV     1   --> A''            
     e( 44 - 44) =     21.61066  eV     1   --> A''            
     e( 45 - 45) =     23.45586  eV     1   --> A'             

 **************************************************************************

 **************************************************************************

                    xk=(  -0.01848,  -0.00000,   0.00000  )

     Band symmetry, C_s (m)     point group:

     e(  1 -  1) =    -39.37265  eV     1   --> A'             
     e(  2 -  2) =    -39.37191  eV     1   --> A''            
     e(  3 -  4) =    -39.37103  eV     2   --> A'             
     e(  3 -  4) =    -39.37103  eV     2   --> A''            
     e(  5 -  6) =    -39.37039  eV     2   --> A'             
     e(  5 -  6) =    -39.37039  eV     2   --> A''            
     e(  7 -  8) =    -39.36506  eV     2   --> A'             
     e(  7 -  8) =    -39.36506  eV     2   --> A''            
     e(  9 - 10) =    -39.36458  eV     2   --> A'             
     e(  9 - 10) =    -39.36458  eV     2   --> A''            
     e( 11 - 11) =    -24.14106  eV     1   --> A''            
     e( 12 - 12) =    -24.12409  eV     1   --> A'             
     e( 13 - 13) =    -24.12382  eV     1   --> A''            
     e( 14 - 14) =    -24.07849  eV     1   --> A''            
     e( 15 - 15) =    -24.07837  eV     1   --> A'             
     e( 16 - 16) =    -24.06106  eV     1   --> A'             
     e( 17 - 18) =    -24.05419  eV     2   --> A'             
     e( 17 - 18) =    -24.05419  eV     2   --> A''            
     e( 19 - 19) =    -24.03717  eV     1   --> A'             
     e( 20 - 20) =    -24.03694  eV     1   --> A''            
     e( 21 - 21) =     -6.43963  eV     1   --> A'             
     e( 22 - 22) =     -5.27320  eV     1   --> A''            
     e( 23 - 23) =      1.07239  eV     1   --> A''            
     e( 24 - 24) =      5.20280  eV     1   --> A''            
     e( 25 - 25) =      5.21538  eV     1   --> A'             
     e( 26 - 26) =      5.94226  eV     1   --> A'             
     e( 27 - 27) =      5.99354  eV     1   --> A'             
     e( 28 - 28) =      6.01319  eV     1   --> A''            
     e( 29 - 29) =      8.48942  eV     1   --> A'             
     e( 30 - 30) =      9.33313  eV     1   --> A''            
     e( 31 - 31) =     12.63579  eV     1   --> A'             
     e( 32 - 32) =     12.65346  eV     1   --> A''            
     e( 33 - 33) =     12.93928  eV     1   --> A'             
     e( 34 - 34) =     14.06777  eV     1   --> A''            
     e( 35 - 35) =     14.08370  eV     1   --> A'             
     e( 36 - 36) =     16.01005  eV     1   --> A''            
     e( 37 - 37) =     16.45730  eV     1   --> A'             
     e( 38 - 38) =     16.52886  eV     1   --> A''            
     e( 39 - 39) =     16.65428  eV     1   --> A'             
     e( 40 - 40) =     17.90736  eV     1   --> A'             
     e( 41 - 41) =     18.60077  eV     1   --> A''            
     e( 42 - 42) =     18.60824  eV     1   --> A'             
     e( 43 - 43) =     18.84199  eV     1   --> A''            
     e( 44 - 44) =     21.61238  eV     1   --> A''            
     e( 45 - 45) =     23.45678  eV     1   --> A'             

 **************************************************************************

 **************************************************************************

                    xk=(  -0.01732,  -0.00000,   0.00000  )

     Band symmetry, C_s (m)     point group:

     e(  1 -  1) =    -39.37263  eV     1   --> A'             
     e(  2 -  2) =    -39.37184  eV     1   --> A''            
     e(  3 -  4) =    -39.37101  eV     2   --> A'             
     e(  3 -  4) =    -39.37101  eV     2   --> A''            
     e(  5 -  6) =    -39.37036  eV     2   --> A'             
     e(  5 -  6) =    -39.37036  eV     2   --> A''            
     e(  7 -  8) =    -39.36503  eV     2   --> A'             
     e(  7 -  8) =    -39.36503  eV     2   --> A''            
     e(  9 - 10) =    -39.36456  eV     2   --> A'             
     e(  9 - 10) =    -39.36456  eV     2   --> A''            
     e( 11 - 11) =    -24.14103  eV     1   --> A''            
     e( 12 - 12) =    -24.12403  eV     1   --> A'             
     e( 13 - 13) =    -24.12377  eV     1   --> A''            
     e( 14 - 14) =    -24.07848  eV     1   --> A''            
     e( 15 - 15) =    -24.07837  eV     1   --> A'             
     e( 16 - 16) =    -24.06107  eV     1   --> A'             
     e( 17 - 18) =    -24.05416  eV     2   --> A'             
     e( 17 - 18) =    -24.05416  eV     2   --> A''            
     e( 19 - 19) =    -24.03713  eV     1   --> A'             
     e( 20 - 20) =    -24.03689  eV     1   --> A''            
     e( 21 - 21) =     -6.43987  eV     1   --> A'             
     e( 22 - 22) =     -5.27335  eV     1   --> A''            
     e( 23 - 23) =      1.07213  eV     1   --> A''            
     e( 24 - 24) =      5.20483  eV     1   --> A''            
     e( 25 - 25) =      5.21589  eV     1   --> A'             
     e( 26 - 26) =      5.94261  eV     1   --> A'             
     e( 27 - 27) =      5.99610  eV     1   --> A'             
     e( 28 - 28) =      6.01342  eV     1   --> A''            
     e( 29 - 29) =      8.48691  eV     1   --> A'             
     e( 30 - 30) =      9.33112  eV     1   --> A''            
     e( 31 - 31) =     12.63727  eV     1   --> A'             
     e( 32 - 32) =     12.65281  eV     1   --> A''            
     e( 33 - 33) =     12.93855  eV     1   --> A'             
     e( 34 - 34) =     14.06865  eV     1   --> A''            
     e( 35 - 35) =     14.08266  eV     1   --> A'             
     e( 36 - 36) =     16.01185  eV     1   --> A''            
     e( 37 - 37) =     16.46407  eV     1   --> A'             
     e( 38 - 38) =     16.52982  eV     1   --> A''            
     e( 39 - 39) =     16.64880  eV     1   --> A'             
     e( 40 - 40) =     17.90365  eV     1   --> A'             
     e( 41 - 41) =     18.59954  eV     1   --> A''            
     e( 42 - 42) =     18.60612  eV     1   --> A'             
     e( 43 - 43) =     18.83816  eV     1   --> A''            
     e( 44 - 44) =     21.61400  eV     1   --> A''            
     e( 45 - 45) =     23.45765  eV     1   --> A'             

 **************************************************************************

 **************************************************************************

                    xk=(  -0.01617,  -0.00000,   0.00000  )

     Band symmetry, C_s (m)     point group:

     e(  1 -  1) =    -39.37263  eV     1   --> A'             
     e(  2 -  2) =    -39.37184  eV     1   --> A''            
     e(  3 -  4) =    -39.37101  eV     2   --> A'             
     e(  3 -  4) =    -39.37101  eV     2   --> A''            
     e(  5 -  6) =    -39.37036  eV     2   --> A'             
     e(  5 -  6) =    -39.37036  eV     2   --> A''            
     e(  7 -  8) =    -39.36503  eV     2   --> A'             
     e(  7 -  8) =    -39.36503  eV     2   --> A''            
     e(  9 - 10) =    -39.36456  eV     2   --> A'             
     e(  9 - 10) =    -39.36456  eV     2   --> A''            
     e( 11 - 11) =    -24.14104  eV     1   --> A''            
     e( 12 - 12) =    -24.12400  eV     1   --> A'             
     e( 13 - 13) =    -24.12376  eV     1   --> A''            
     e( 14 - 14) =    -24.07849  eV     1   --> A''            
     e( 15 - 15) =    -24.07839  eV     1   --> A'             
     e( 16 - 16) =    -24.06109  eV     1   --> A'             
     e( 17 - 18) =    -24.05414  eV     2   --> A'             
     e( 17 - 18) =    -24.05414  eV     2   --> A''            
     e( 19 - 19) =    -24.03711  eV     1   --> A'             
     e( 20 - 20) =    -24.03690  eV     1   --> A''            
     e( 21 - 21) =     -6.44009  eV     1   --> A'             
     e( 22 - 22) =     -5.27349  eV     1   --> A''            
     e( 23 - 23) =      1.07189  eV     1   --> A''            
     e( 24 - 24) =      5.20673  eV     1   --> A''            
     e( 25 - 25) =      5.21637  eV     1   --> A'             
     e( 26 - 26) =      5.94294  eV     1   --> A'             
     e( 27 - 27) =      5.99851  eV     1   --> A'             
     e( 28 - 28) =      6.01363  eV     1   --> A''            
     e( 29 - 29) =      8.48457  eV     1   --> A'             
     e( 30 - 30) =      9.32925  eV     1   --> A''            
     e( 31 - 31) =     12.63866  eV     1   --> A'             
     e( 32 - 32) =     12.65221  eV     1   --> A''            
     e( 33 - 33) =     12.93788  eV     1   --> A'             
     e( 34 - 34) =     14.06947  eV     1   --> A''            
     e( 35 - 35) =     14.08167  eV     1   --> A'             
     e( 36 - 36) =     16.01354  eV     1   --> A''            
     e( 37 - 37) =     16.47072  eV     1   --> A'             
     e( 38 - 38) =     16.53073  eV     1   --> A''            
     e( 39 - 39) =     16.64339  eV     1   --> A'             
     e( 40 - 40) =     17.90015  eV     1   --> A'             
     e( 41 - 41) =     18.59840  eV     1   --> A''            
     e( 42 - 42) =     18.60415  eV     1   --> A'             
     e( 43 - 43) =     18.83456  eV     1   --> A''            
     e( 44 - 44) =     21.61552  eV     1   --> A''            
     e( 45 - 45) =     23.45846  eV     1   --> A'             

 **************************************************************************

 **************************************************************************

                    xk=(  -0.01501,  -0.00000,   0.00000  )

     Band symmetry, C_s (m)     point group:

     e(  1 -  1) =    -39.37263  eV     1   --> A'             
     e(  2 -  2) =    -39.37184  eV     1   --> A''            
     e(  3 -  4) =    -39.37101  eV     2   --> A'             
     e(  3 -  4) =    -39.37101  eV     2   --> A''            
     e(  5 -  6) =    -39.37036  eV     2   --> A'             
     e(  5 -  6) =    -39.37036  eV     2   --> A''            
     e(  7 -  8) =    -39.36503  eV     2   --> A'             
     e(  7 -  8) =    -39.36503  eV     2   --> A''            
     e(  9 - 10) =    -39.36456  eV     2   --> A'             
     e(  9 - 10) =    -39.36456  eV     2   --> A''            
     e( 11 - 11) =    -24.14106  eV     1   --> A''            
     e( 12 - 12) =    -24.12396  eV     1   --> A'             
     e( 13 - 13) =    -24.12375  eV     1   --> A''            
     e( 14 - 15) =    -24.07850  eV     2   --> A'             
     e( 14 - 15) =    -24.07850  eV     2   --> A''            
     e( 16 - 16) =    -24.06110  eV     1   --> A'             
     e( 17 - 18) =    -24.05413  eV     2   --> A'             
     e( 17 - 18) =    -24.05413  eV     2   --> A''            
     e( 19 - 19) =    -24.03710  eV     1   --> A'             
     e( 20 - 20) =    -24.03691  eV     1   --> A''            
     e( 21 - 21) =     -6.44030  eV     1   --> A'             
     e( 22 - 22) =     -5.27362  eV     1   --> A''            
     e( 23 - 23) =      1.07167  eV     1   --> A''            
     e( 24 - 24) =      5.20850  eV     1   --> A''            
     e( 25 - 25) =      5.21682  eV     1   --> A'             
     e( 26 - 26) =      5.94323  eV     1   --> A'             
     e( 27 - 27) =      6.00076  eV     1   --> A'             
     e( 28 - 28) =      6.01383  eV     1   --> A''            
     e( 29 - 29) =      8.48238  eV     1   --> A'             
     e( 30 - 30) =      9.32750  eV     1   --> A''            
     e( 31 - 31) =     12.63995  eV     1   --> A'             
     e( 32 - 32) =     12.65165  eV     1   --> A''            
     e( 33 - 33) =     12.93725  eV     1   --> A'             
     e( 34 - 34) =     14.07023  eV     1   --> A''            
     e( 35 - 35) =     14.08075  eV     1   --> A'             
     e( 36 - 36) =     16.01511  eV     1   --> A''            
     e( 37 - 37) =     16.47723  eV     1   --> A'             
     e( 38 - 38) =     16.53158  eV     1   --> A''            
     e( 39 - 39) =     16.63804  eV     1   --> A'             
     e( 40 - 40) =     17.89686  eV     1   --> A'             
     e( 41 - 41) =     18.59735  eV     1   --> A''            
     e( 42 - 42) =     18.60232  eV     1   --> A'             
     e( 43 - 43) =     18.83118  eV     1   --> A''            
     e( 44 - 44) =     21.61694  eV     1   --> A''            
     e( 45 - 45) =     23.45921  eV     1   --> A'             

 **************************************************************************

 **************************************************************************

                    xk=(  -0.01386,  -0.00000,   0.00000  )

     Band symmetry, C_s (m)     point group:

     e(  1 -  1) =    -39.37263  eV     1   --> A'             
     e(  2 -  2) =    -39.37184  eV     1   --> A''            
     e(  3 -  4) =    -39.37101  eV     2   --> A'             
     e(  3 -  4) =    -39.37101  eV     2   --> A''            
     e(  5 -  6) =    -39.37036  eV     2   --> A'             
     e(  5 -  6) =    -39.37036  eV     2   --> A''            
     e(  7 -  8) =    -39.36503  eV     2   --> A'             
     e(  7 -  8) =    -39.36503  eV     2   --> A''            
     e(  9 - 10) =    -39.36456  eV     2   --> A'             
     e(  9 - 10) =    -39.36456  eV     2   --> A''            
     e( 11 - 11) =    -24.14107  eV     1   --> A''            
     e( 12 - 12) =    -24.12393  eV     1   --> A'             
     e( 13 - 13) =    -24.12375  eV     1   --> A''            
     e( 14 - 15) =    -24.07851  eV     2   --> A'             
     e( 14 - 15) =    -24.07851  eV     2   --> A''            
     e( 16 - 16) =    -24.06112  eV     1   --> A'             
     e( 17 - 18) =    -24.05412  eV     2   --> A'             
     e( 17 - 18) =    -24.05412  eV     2   --> A''            
     e( 19 - 19) =    -24.03709  eV     1   --> A'             
     e( 20 - 20) =    -24.03692  eV     1   --> A''            
     e( 21 - 21) =     -6.44049  eV     1   --> A'             
     e( 22 - 22) =     -5.27374  eV     1   --> A''            
     e( 23 - 23) =      1.07147  eV     1   --> A''            
     e( 24 - 24) =      5.21014  eV     1   --> A''            
     e( 25 - 25) =      5.21724  eV     1   --> A'             
     e( 26 - 26) =      5.94350  eV     1   --> A'             
     e( 27 - 27) =      6.00286  eV     1   --> A'             
     e( 28 - 28) =      6.01402  eV     1   --> A''            
     e( 29 - 29) =      8.48034  eV     1   --> A'             
     e( 30 - 30) =      9.32588  eV     1   --> A''            
     e( 31 - 31) =     12.64116  eV     1   --> A'             
     e( 32 - 32) =     12.65114  eV     1   --> A''            
     e( 33 - 33) =     12.93666  eV     1   --> A'             
     e( 34 - 34) =     14.07093  eV     1   --> A''            
     e( 35 - 35) =     14.07990  eV     1   --> A'             
     e( 36 - 36) =     16.01655  eV     1   --> A''            
     e( 37 - 37) =     16.48361  eV     1   --> A'             
     e( 38 - 38) =     16.53238  eV     1   --> A''            
     e( 39 - 39) =     16.63276  eV     1   --> A'             
     e( 40 - 40) =     17.89378  eV     1   --> A'             
     e( 41 - 41) =     18.59638  eV     1   --> A''            
     e( 42 - 42) =     18.60063  eV     1   --> A'             
     e( 43 - 43) =     18.82804  eV     1   --> A''            
     e( 44 - 44) =     21.61826  eV     1   --> A''            
     e( 45 - 45) =     23.45990  eV     1   --> A'             

 **************************************************************************

 **************************************************************************

                    xk=(  -0.01270,  -0.00000,   0.00000  )

     Band symmetry, C_s (m)     point group:

     e(  1 -  1) =    -39.37263  eV     1   --> A'             
     e(  2 -  2) =    -39.37182  eV     1   --> A''            
     e(  3 -  4) =    -39.37097  eV     2   --> A'             
     e(  3 -  4) =    -39.37097  eV     2   --> A''            
     e(  5 -  6) =    -39.37031  eV     2   --> A'             
     e(  5 -  6) =    -39.37031  eV     2   --> A''            
     e(  7 -  8) =    -39.36497  eV     2   --> A'             
     e(  7 -  8) =    -39.36497  eV     2   --> A''            
     e(  9 - 10) =    -39.36451  eV     2   --> A'             
     e(  9 - 10) =    -39.36451  eV     2   --> A''            
     e( 11 - 11) =    -24.14107  eV     1   --> A''            
     e( 12 - 12) =    -24.12384  eV     1   --> A'             
     e( 13 - 13) =    -24.12373  eV     1   --> A''            
     e( 14 - 15) =    -24.07846  eV     2   --> A'             
     e( 14 - 15) =    -24.07846  eV     2   --> A''            
     e( 16 - 16) =    -24.06113  eV     1   --> A'             
     e( 17 - 18) =    -24.05405  eV     2   --> A'             
     e( 17 - 18) =    -24.05405  eV     2   --> A''            
     e( 19 - 20) =    -24.03701  eV     2   --> A'             
     e( 19 - 20) =    -24.03701  eV     2   --> A''            
     e( 21 - 21) =     -6.44067  eV     1   --> A'             
     e( 22 - 22) =     -5.27385  eV     1   --> A''            
     e( 23 - 23) =      1.07128  eV     1   --> A''            
     e( 24 - 24) =      5.21166  eV     1   --> A''            
     e( 25 - 25) =      5.21763  eV     1   --> A'             
     e( 26 - 26) =      5.94374  eV     1   --> A'             
     e( 27 - 27) =      6.00479  eV     1   --> A'             
     e( 28 - 28) =      6.01419  eV     1   --> A''            
     e( 29 - 29) =      8.47847  eV     1   --> A'             
     e( 30 - 30) =      9.32438  eV     1   --> A''            
     e( 31 - 31) =     12.64227  eV     1   --> A'             
     e( 32 - 32) =     12.65066  eV     1   --> A''            
     e( 33 - 33) =     12.93612  eV     1   --> A'             
     e( 34 - 34) =     14.07157  eV     1   --> A''            
     e( 35 - 35) =     14.07912  eV     1   --> A'             
     e( 36 - 36) =     16.01789  eV     1   --> A''            
     e( 37 - 37) =     16.48984  eV     1   --> A'             
     e( 38 - 38) =     16.53312  eV     1   --> A''            
     e( 39 - 39) =     16.62756  eV     1   --> A'             
     e( 40 - 40) =     17.89094  eV     1   --> A'             
     e( 41 - 41) =     18.59550  eV     1   --> A''            
     e( 42 - 42) =     18.59908  eV     1   --> A'             
     e( 43 - 43) =     18.82514  eV     1   --> A''            
     e( 44 - 44) =     21.61948  eV     1   --> A''            
     e( 45 - 45) =     23.46055  eV     1   -->   ?

 **************************************************************************

 **************************************************************************

                    xk=(  -0.01155,  -0.00000,   0.00000  )

     Band symmetry, C_s (m)     point group:

     e(  1 -  1) =    -39.37263  eV     1   --> A'             
     e(  2 -  2) =    -39.37182  eV     1   --> A''            
     e(  3 -  4) =    -39.37097  eV     2   --> A'             
     e(  3 -  4) =    -39.37097  eV     2   --> A''            
     e(  5 -  6) =    -39.37031  eV     2   --> A'             
     e(  5 -  6) =    -39.37031  eV     2   --> A''            
     e(  7 -  8) =    -39.36497  eV     2   --> A'             
     e(  7 -  8) =    -39.36497  eV     2   --> A''            
     e(  9 - 10) =    -39.36451  eV     2   --> A'             
     e(  9 - 10) =    -39.36451  eV     2   --> A''            
     e( 11 - 11) =    -24.14108  eV     1   --> A''            
     e( 12 - 13) =    -24.12382  eV     2   --> A'             
     e( 12 - 13) =    -24.12382  eV     2   --> A''            
     e( 14 - 15) =    -24.07846  eV     2   --> A'             
     e( 14 - 15) =    -24.07846  eV     2   --> A''            
     e( 16 - 16) =    -24.06114  eV     1   --> A'             
     e( 17 - 18) =    -24.05404  eV     2   --> A'             
     e( 17 - 18) =    -24.05404  eV     2   --> A''            
     e( 19 - 20) =    -24.03700  eV     2   --> A'             
     e( 19 - 20) =    -24.03700  eV     2   --> A''            
     e( 21 - 21) =     -6.44083  eV     1   --> A'             
     e( 22 - 22) =     -5.27396  eV     1   --> A''            
     e( 23 - 23) =      1.07110  eV     1   --> A''            
     e( 24 - 24) =      5.21304  eV     1   --> A''            
     e( 25 - 25) =      5.21798  eV     1   --> A'             
     e( 26 - 26) =      5.94396  eV     1   --> A'             
     e( 27 - 27) =      6.00656  eV     1   --> A'             
     e( 28 - 28) =      6.01434  eV     1   --> A''            
     e( 29 - 29) =      8.47675  eV     1   --> A'             
     e( 30 - 30) =      9.32302  eV     1   --> A''            
     e( 31 - 31) =     12.64328  eV     1   --> A'             
     e( 32 - 32) =     12.65022  eV     1   --> A''            
     e( 33 - 33) =     12.93563  eV     1   --> A'             
     e( 34 - 34) =     14.07216  eV     1   --> A''            
     e( 35 - 35) =     14.07841  eV     1   --> A'             
     e( 36 - 36) =     16.01910  eV     1   --> A''            
     e( 37 - 37) =     16.49591  eV     1   --> A'             
     e( 38 - 38) =     16.53380  eV     1   --> A''            
     e( 39 - 39) =     16.62243  eV     1   --> A'             
     e( 40 - 40) =     17.88832  eV     1   --> A'             
     e( 41 - 41) =     18.59470  eV     1   --> A''            
     e( 42 - 42) =     18.59767  eV     1   --> A'             
     e( 43 - 43) =     18.82248  eV     1   --> A''            
     e( 44 - 44) =     21.62060  eV     1   --> A''            
     e( 45 - 45) =     23.46113  eV     1   --> A'             

 **************************************************************************

 **************************************************************************

                    xk=(  -0.01039,  -0.00000,   0.00000  )

     Band symmetry, C_s (m)     point group:

     e(  1 -  1) =    -39.37262  eV     1   --> A'             
     e(  2 -  2) =    -39.37181  eV     1   --> A''            
     e(  3 -  4) =    -39.37095  eV     2   --> A'             
     e(  3 -  4) =    -39.37095  eV     2   --> A''            
     e(  5 -  6) =    -39.37027  eV     2   --> A'             
     e(  5 -  6) =    -39.37027  eV     2   --> A''            
     e(  7 -  8) =    -39.36492  eV     2   --> A'             
     e(  7 -  8) =    -39.36492  eV     2   --> A''            
     e(  9 - 10) =    -39.36449  eV     2   --> A'             
     e(  9 - 10) =    -39.36449  eV     2   --> A''            
     e( 11 - 11) =    -24.14108  eV     1   --> A''            
     e( 12 - 13) =    -24.12375  eV     2   --> A'             
     e( 12 - 13) =    -24.12375  eV     2   --> A''            
     e( 14 - 15) =    -24.07843  eV     2   --> A'             
     e( 14 - 15) =    -24.07843  eV     2   --> A''            
     e( 16 - 16) =    -24.06115  eV     1   --> A'             
     e( 17 - 18) =    -24.05400  eV     2   --> A'             
     e( 17 - 18) =    -24.05400  eV     2   --> A''            
     e( 19 - 20) =    -24.03694  eV     2   --> A'             
     e( 19 - 20) =    -24.03694  eV     2   --> A''            
     e( 21 - 21) =     -6.44097  eV     1   --> A'             
     e( 22 - 22) =     -5.27405  eV     1   --> A''            
     e( 23 - 23) =      1.07095  eV     1   --> A''            
     e( 24 - 24) =      5.21430  eV     1   --> A''            
     e( 25 - 25) =      5.21830  eV     1   --> A'             
     e( 26 - 26) =      5.94416  eV     1   --> A'             
     e( 27 - 27) =      6.00817  eV     1   --> A'             
     e( 28 - 28) =      6.01448  eV     1   --> A''            
     e( 29 - 29) =      8.47520  eV     1   --> A'             
     e( 30 - 30) =      9.32178  eV     1   --> A''            
     e( 31 - 31) =     12.64421  eV     1   --> A'             
     e( 32 - 32) =     12.64983  eV     1   --> A''            
     e( 33 - 33) =     12.93518  eV     1   --> A'             
     e( 34 - 34) =     14.07269  eV     1   --> A''            
     e( 35 - 35) =     14.07776  eV     1   --> A'             
     e( 36 - 36) =     16.02020  eV     1   --> A''            
     e( 37 - 37) =     16.50182  eV     1   --> A'             
     e( 38 - 38) =     16.53441  eV     1   --> A''            
     e( 39 - 39) =     16.61739  eV     1   --> A'             
     e( 40 - 40) =     17.88594  eV     1   --> A'             
     e( 41 - 41) =     18.59398  eV     1   --> A''            
     e( 42 - 42) =     18.59639  eV     1   --> A'             
     e( 43 - 43) =     18.82006  eV     1   --> A''            
     e( 44 - 44) =     21.62161  eV     1   --> A''            
     e( 45 - 45) =     23.46166  eV     1   --> A'             

 **************************************************************************

 **************************************************************************

                    xk=(  -0.00924,  -0.00000,   0.00000  )

     Band symmetry, C_s (m)     point group:

     e(  1 -  1) =    -39.37262  eV     1   --> A'             
     e(  2 -  2) =    -39.37181  eV     1   --> A''            
     e(  3 -  4) =    -39.37095  eV     2   --> A'             
     e(  3 -  4) =    -39.37095  eV     2   --> A''            
     e(  5 -  6) =    -39.37027  eV     2   --> A'             
     e(  5 -  6) =    -39.37027  eV     2   --> A''            
     e(  7 -  8) =    -39.36493  eV     2   --> A'             
     e(  7 -  8) =    -39.36493  eV     2   --> A''            
     e(  9 - 10) =    -39.36449  eV     2   --> A'             
     e(  9 - 10) =    -39.36449  eV     2   --> A''            
     e( 11 - 11) =    -24.14109  eV     1   --> A''            
     e( 12 - 13) =    -24.12373  eV     2   --> A'             
     e( 12 - 13) =    -24.12373  eV     2   --> A''            
     e( 14 - 15) =    -24.07844  eV     2   --> A'             
     e( 14 - 15) =    -24.07844  eV     2   --> A''            
     e( 16 - 16) =    -24.06116  eV     1   --> A'             
     e( 17 - 18) =    -24.05400  eV     2   --> A'             
     e( 17 - 18) =    -24.05400  eV     2   --> A''            
     e( 19 - 20) =    -24.03693  eV     2   --> A'             
     e( 19 - 20) =    -24.03693  eV     2   --> A''            
     e( 21 - 21) =     -6.44110  eV     1   --> A'             
     e( 22 - 22) =     -5.27413  eV     1   --> A''            
     e( 23 - 23) =      1.07081  eV     1   --> A''            
     e( 24 - 24) =      5.21542  eV     1   --> A''            
     e( 25 - 25) =      5.21858  eV     1   --> A'             
     e( 26 - 26) =      5.94433  eV     1   --> A'             
     e( 27 - 27) =      6.00961  eV     1   --> A'             
     e( 28 - 28) =      6.01461  eV     1   --> A''            
     e( 29 - 29) =      8.47381  eV     1   --> A'             
     e( 30 - 30) =      9.32067  eV     1   --> A''            
     e( 31 - 31) =     12.64503  eV     1   --> A'             
     e( 32 - 32) =     12.64948  eV     1   --> A''            
     e( 33 - 33) =     12.93478  eV     1   --> A'             
     e( 34 - 34) =     14.07317  eV     1   --> A''            
     e( 35 - 35) =     14.07718  eV     1   --> A'             
     e( 36 - 36) =     16.02118  eV     1   --> A''            
     e( 37 - 37) =     16.50753  eV     1   --> A'             
     e( 38 - 38) =     16.53497  eV     1   --> A''            
     e( 39 - 39) =     16.61246  eV     1   --> A'             
     e( 40 - 40) =     17.88379  eV     1   --> A'             
     e( 41 - 41) =     18.59335  eV     1   --> A''            
     e( 42 - 42) =     18.59526  eV     1   --> A'             
     e( 43 - 43) =     18.81789  eV     1   --> A''            
     e( 44 - 44) =     21.62252  eV     1   --> A''            
     e( 45 - 45) =     23.46213  eV     1   -->   ?

 **************************************************************************

 **************************************************************************

                    xk=(  -0.00808,  -0.00000,   0.00000  )

     Band symmetry, C_s (m)     point group:

     e(  1 -  1) =    -39.37263  eV     1   --> A'             
     e(  2 -  2) =    -39.37183  eV     1   --> A''            
     e(  3 -  4) =    -39.37098  eV     2   --> A'             
     e(  3 -  4) =    -39.37098  eV     2   --> A''            
     e(  5 -  6) =    -39.37029  eV     2   --> A'             
     e(  5 -  6) =    -39.37029  eV     2   --> A''            
     e(  7 -  8) =    -39.36494  eV     2   --> A'             
     e(  7 -  8) =    -39.36494  eV     2   --> A''            
     e(  9 - 10) =    -39.36452  eV     2   --> A'             
     e(  9 - 10) =    -39.36452  eV     2   --> A''            
     e( 11 - 11) =    -24.14111  eV     1   --> A''            
     e( 12 - 13) =    -24.12374  eV     2   --> A'             
     e( 12 - 13) =    -24.12374  eV     2   --> A''            
     e( 14 - 15) =    -24.07849  eV     2   --> A'             
     e( 14 - 15) =    -24.07849  eV     2   --> A''            
     e( 16 - 16) =    -24.06117  eV     1   --> A'             
     e( 17 - 18) =    -24.05402  eV     2   --> A'             
     e( 17 - 18) =    -24.05402  eV     2   --> A''            
     e( 19 - 20) =    -24.03695  eV     2   --> A'             
     e( 19 - 20) =    -24.03695  eV     2   --> A''            
     e( 21 - 21) =     -6.44122  eV     1   --> A'             
     e( 22 - 22) =     -5.27420  eV     1   --> A''            
     e( 23 - 23) =      1.07068  eV     1   --> A''            
     e( 24 - 24) =      5.21641  eV     1   --> A''            
     e( 25 - 25) =      5.21883  eV     1   --> A'             
     e( 26 - 26) =      5.94449  eV     1   --> A'             
     e( 27 - 27) =      6.01089  eV     1   --> A'             
     e( 28 - 28) =      6.01472  eV     1   --> A''            
     e( 29 - 29) =      8.47258  eV     1   --> A'             
     e( 30 - 30) =      9.31969  eV     1   --> A''            
     e( 31 - 31) =     12.64576  eV     1   --> A'             
     e( 32 - 32) =     12.64917  eV     1   --> A''            
     e( 33 - 33) =     12.93442  eV     1   --> A'             
     e( 34 - 34) =     14.07360  eV     1   --> A''            
     e( 35 - 35) =     14.07667  eV     1   --> A'             
     e( 36 - 36) =     16.02205  eV     1   --> A''            
     e( 37 - 37) =     16.51302  eV     1   --> A'             
     e( 38 - 38) =     16.53547  eV     1   --> A''            
     e( 39 - 39) =     16.60767  eV     1   --> A'             
     e( 40 - 40) =     17.88189  eV     1   --> A'             
     e( 41 - 41) =     18.59279  eV     1   --> A''            
     e( 42 - 42) =     18.59426  eV     1   --> A'             
     e( 43 - 43) =     18.81597  eV     1   --> A''            
     e( 44 - 44) =     21.62332  eV     1   --> A''            
     e( 45 - 45) =     23.46255  eV     1   --> A'             

 **************************************************************************

 **************************************************************************

                    xk=(  -0.00693,  -0.00000,   0.00000  )

     Band symmetry, C_s (m)     point group:

     e(  1 -  1) =    -39.37263  eV     1   --> A'             
     e(  2 -  2) =    -39.37183  eV     1   --> A''            
     e(  3 -  4) =    -39.37098  eV     2   --> A'             
     e(  3 -  4) =    -39.37098  eV     2   --> A''            
     e(  5 -  6) =    -39.37029  eV     2   --> A'             
     e(  5 -  6) =    -39.37029  eV     2   --> A''            
     e(  7 -  8) =    -39.36494  eV     2   --> A'             
     e(  7 -  8) =    -39.36494  eV     2   --> A''            
     e(  9 - 10) =    -39.36452  eV     2   --> A'             
     e(  9 - 10) =    -39.36452  eV     2   --> A''            
     e( 11 - 11) =    -24.14112  eV     1   --> A''            
     e( 12 - 13) =    -24.12372  eV     2   --> A'             
     e( 12 - 13) =    -24.12372  eV     2   --> A''            
     e( 14 - 15) =    -24.07850  eV     2   --> A'             
     e( 14 - 15) =    -24.07850  eV     2   --> A''            
     e( 16 - 16) =    -24.06118  eV     1   --> A'             
     e( 17 - 18) =    -24.05401  eV     2   --> A'             
     e( 17 - 18) =    -24.05401  eV     2   --> A''            
     e( 19 - 20) =    -24.03694  eV     2   --> A'             
     e( 19 - 20) =    -24.03694  eV     2   --> A''            
     e( 21 - 21) =     -6.44132  eV     1   --> A'             
     e( 22 - 22) =     -5.27427  eV     1   --> A''            
     e( 23 - 23) =      1.07057  eV     1   --> A''            
     e( 24 - 24) =      5.21727  eV     1   --> A''            
     e( 25 - 25) =      5.21904  eV     1   --> A'             
     e( 26 - 26) =      5.94462  eV     1   --> A'             
     e( 27 - 27) =      6.01200  eV     1   --> A'             
     e( 28 - 28) =      6.01481  eV     1   --> A''            
     e( 29 - 29) =      8.47151  eV     1   --> A'             
     e( 30 - 30) =      9.31885  eV     1   --> A''            
     e( 31 - 31) =     12.64639  eV     1   --> A'             
     e( 32 - 32) =     12.64889  eV     1   --> A''            
     e( 33 - 33) =     12.93412  eV     1   --> A'             
     e( 34 - 34) =     14.07397  eV     1   --> A''            
     e( 35 - 35) =     14.07623  eV     1   --> A'             
     e( 36 - 36) =     16.02280  eV     1   --> A''            
     e( 37 - 37) =     16.51824  eV     1   --> A'             
     e( 38 - 38) =     16.53590  eV     1   --> A''            
     e( 39 - 39) =     16.60306  eV     1   --> A'             
     e( 40 - 40) =     17.88024  eV     1   --> A'             
     e( 41 - 41) =     18.59231  eV     1   --> A''            
     e( 42 - 42) =     18.59339  eV     1   --> A'             
     e( 43 - 43) =     18.81429  eV     1   --> A''            
     e( 44 - 44) =     21.62402  eV     1   --> A''            
     e( 45 - 45) =     23.46291  eV     1   -->   ?

 **************************************************************************

 **************************************************************************

                    xk=(  -0.00577,  -0.00000,   0.00000  )

     Band symmetry, C_s (m)     point group:

     e(  1 -  1) =    -39.37263  eV     1   --> A'             
     e(  2 -  2) =    -39.37183  eV     1   --> A''            
     e(  3 -  4) =    -39.37098  eV     2   --> A'             
     e(  3 -  4) =    -39.37098  eV     2   --> A''            
     e(  5 -  6) =    -39.37029  eV     2   --> A'             
     e(  5 -  6) =    -39.37029  eV     2   --> A''            
     e(  7 -  8) =    -39.36494  eV     2   --> A'             
     e(  7 -  8) =    -39.36494  eV     2   --> A''            
     e(  9 - 10) =    -39.36452  eV     2   --> A'             
     e(  9 - 10) =    -39.36452  eV     2   --> A''            
     e( 11 - 11) =    -24.14112  eV     1   --> A''            
     e( 12 - 13) =    -24.12371  eV     2   --> A'             
     e( 12 - 13) =    -24.12371  eV     2   --> A''            
     e( 14 - 15) =    -24.07850  eV     2   --> A'             
     e( 14 - 15) =    -24.07850  eV     2   --> A''            
     e( 16 - 16) =    -24.06119  eV     1   --> A'             
     e( 17 - 18) =    -24.05400  eV     2   --> A'             
     e( 17 - 18) =    -24.05400  eV     2   --> A''            
     e( 19 - 20) =    -24.03693  eV     2   --> A'             
     e( 19 - 20) =    -24.03693  eV     2   --> A''            
     e( 21 - 21) =     -6.44140  eV     1   --> A'             
     e( 22 - 22) =     -5.27432  eV     1   --> A''            
     e( 23 - 23) =      1.07048  eV     1   --> A''            
     e( 24 - 24) =      5.21800  eV     1   --> A''            
     e( 25 - 25) =      5.21923  eV     1   --> A'             
     e( 26 - 26) =      5.94473  eV     1   --> A'             
     e( 27 - 27) =      6.01294  eV     1   --> A'             
     e( 28 - 28) =      6.01489  eV     1   --> A''            
     e( 29 - 29) =      8.47061  eV     1   --> A'             
     e( 30 - 30) =      9.31813  eV     1   --> A''            
     e( 31 - 31) =     12.64693  eV     1   --> A'             
     e( 32 - 32) =     12.64867  eV     1   --> A''            
     e( 33 - 33) =     12.93386  eV     1   --> A'             
     e( 34 - 34) =     14.07428  eV     1   --> A''            
     e( 35 - 35) =     14.07585  eV     1   --> A'             
     e( 36 - 36) =     16.02343  eV     1   --> A''            
     e( 37 - 37) =     16.52312  eV     1   --> A'             
     e( 38 - 38) =     16.53626  eV     1   --> A''            
     e( 39 - 39) =     16.59870  eV     1   --> A'             
     e( 40 - 40) =     17.87883  eV     1   --> A'             
     e( 41 - 41) =     18.59191  eV     1   --> A''            
     e( 42 - 42) =     18.59266  eV     1   --> A'             
     e( 43 - 43) =     18.81288  eV     1   --> A''            
     e( 44 - 44) =     21.62461  eV     1   --> A''            
     e( 45 - 45) =     23.46322  eV     1   -->   ?

 **************************************************************************

 **************************************************************************

                    xk=(  -0.00462,  -0.00000,   0.00000  )

     Band symmetry, C_s (m)     point group:

     e(  1 -  1) =    -39.37263  eV     1   --> A'             
     e(  2 -  2) =    -39.37183  eV     1   --> A''            
     e(  3 -  4) =    -39.37098  eV     2   --> A'             
     e(  3 -  4) =    -39.37098  eV     2   --> A''            
     e(  5 -  6) =    -39.37029  eV     2   --> A'             
     e(  5 -  6) =    -39.37029  eV     2   --> A''            
     e(  7 -  8) =    -39.36494  eV     2   --> A'             
     e(  7 -  8) =    -39.36494  eV     2   --> A''            
     e(  9 - 10) =    -39.36452  eV     2   --> A'             
     e(  9 - 10) =    -39.36452  eV     2   --> A''            
     e( 11 - 11) =    -24.14112  eV     1   --> A''            
     e( 12 - 13) =    -24.12370  eV     2   --> A'             
     e( 12 - 13) =    -24.12370  eV     2   --> A''            
     e( 14 - 15) =    -24.07850  eV     2   --> A'             
     e( 14 - 15) =    -24.07850  eV     2   --> A''            
     e( 16 - 16) =    -24.06119  eV     1   --> A'             
     e( 17 - 18) =    -24.05400  eV     2   --> A'             
     e( 17 - 18) =    -24.05400  eV     2   --> A''            
     e( 19 - 20) =    -24.03693  eV     2   --> A'             
     e( 19 - 20) =    -24.03693  eV     2   --> A''            
     e( 21 - 21) =     -6.44147  eV     1   --> A'             
     e( 22 - 22) =     -5.27437  eV     1   --> A''            
     e( 23 - 23) =      1.07041  eV     1   --> A''            
     e( 24 - 24) =      5.21859  eV     1   --> A''            
     e( 25 - 25) =      5.21938  eV     1   --> A'             
     e( 26 - 26) =      5.94482  eV     1   --> A'             
     e( 27 - 27) =      6.01371  eV     1   --> A'             
     e( 28 - 28) =      6.01496  eV     1   --> A''            
     e( 29 - 29) =      8.46987  eV     1   --> A'             
     e( 30 - 30) =      9.31754  eV     1   --> A''            
     e( 31 - 31) =     12.64736  eV     1   --> A'             
     e( 32 - 32) =     12.64848  eV     1   --> A''            
     e( 33 - 33) =     12.93364  eV     1   --> A'             
     e( 34 - 34) =     14.07454  eV     1   --> A''            
     e( 35 - 35) =     14.07555  eV     1   --> A'             
     e( 36 - 36) =     16.02395  eV     1   --> A''            
     e( 37 - 37) =     16.52755  eV     1   --> A'             
     e( 38 - 38) =     16.53656  eV     1   --> A''            
     e( 39 - 39) =     16.59470  eV     1   --> A'             
     e( 40 - 40) =     17.87768  eV     1   --> A'             
     e( 41 - 41) =     18.59158  eV     1   -->   ?
     e( 42 - 42) =     18.59206  eV     1   -->   ?
     e( 43 - 43) =     18.81171  eV     1   --> A''            
     e( 44 - 44) =     21.62510  eV     1   --> A''            
     e( 45 - 45) =     23.46349  eV     1   -->   ?

 **************************************************************************

 **************************************************************************

                    xk=(  -0.00346,  -0.00000,   0.00000  )

     Band symmetry, C_s (m)     point group:

     e(  1 -  1) =    -39.37263  eV     1   --> A'             
     e(  2 -  2) =    -39.37183  eV     1   --> A''            
     e(  3 -  4) =    -39.37098  eV     2   --> A'             
     e(  3 -  4) =    -39.37098  eV     2   --> A''            
     e(  5 -  6) =    -39.37029  eV     2   --> A'             
     e(  5 -  6) =    -39.37029  eV     2   --> A''            
     e(  7 -  8) =    -39.36494  eV     2   --> A'             
     e(  7 -  8) =    -39.36494  eV     2   --> A''            
     e(  9 - 10) =    -39.36453  eV     2   --> A'             
     e(  9 - 10) =    -39.36453  eV     2   --> A''            
     e( 11 - 11) =    -24.14113  eV     1   --> A''            
     e( 12 - 13) =    -24.12369  eV     2   --> A'             
     e( 12 - 13) =    -24.12369  eV     2   --> A''            
     e( 14 - 15) =    -24.07850  eV     2   --> A'             
     e( 14 - 15) =    -24.07850  eV     2   --> A''            
     e( 16 - 16) =    -24.06120  eV     1   --> A'             
     e( 17 - 18) =    -24.05399  eV     2   --> A'             
     e( 17 - 18) =    -24.05399  eV     2   --> A''            
     e( 19 - 20) =    -24.03693  eV     2   --> A'             
     e( 19 - 20) =    -24.03693  eV     2   --> A''            
     e( 21 - 21) =     -6.44153  eV     1   --> A'             
     e( 22 - 22) =     -5.27440  eV     1   --> A''            
     e( 23 - 23) =      1.07035  eV     1   --> A''            
     e( 24 - 24) =      5.21905  eV     1   -->   ?
     e( 25 - 25) =      5.21949  eV     1   -->   ?
     e( 26 - 26) =      5.94489  eV     1   --> A'             
     e( 27 - 27) =      6.01431  eV     1   --> A'             
     e( 28 - 28) =      6.01501  eV     1   --> A''            
     e( 29 - 29) =      8.46929  eV     1   --> A'             
     e( 30 - 30) =      9.31708  eV     1   --> A''            
     e( 31 - 31) =     12.64771  eV     1   --> A'             
     e( 32 - 32) =     12.64833  eV     1   --> A''            
     e( 33 - 33) =     12.93348  eV     1   --> A'             
     e( 34 - 34) =     14.07474  eV     1   -->   ?
     e( 35 - 35) =     14.07531  eV     1   -->   ?
     e( 36 - 36) =     16.02435  eV     1   --> A''            
     e( 37 - 37) =     16.53139  eV     1   --> A'             
     e( 38 - 38) =     16.53680  eV     1   --> A''            
     e( 39 - 39) =     16.59119  eV     1   --> A'             
     e( 40 - 40) =     17.87678  eV     1   --> A'             
     e( 41 - 41) =     18.59132  eV     1   -->   ?
     e( 42 - 42) =     18.59160  eV     1   -->   ?
     e( 43 - 43) =     18.81081  eV     1   --> A''            
     e( 44 - 44) =     21.62547  eV     1   --> A''            
     e( 45 - 45) =     23.46367  eV     1   -->   ?

 **************************************************************************

 **************************************************************************

                    xk=(  -0.00231,  -0.00000,   0.00000  )

     Band symmetry, C_s (m)     point group:

     e(  1 -  1) =    -39.37263  eV     1   --> A'             
     e(  2 -  2) =    -39.37183  eV     1   --> A''            
     e(  3 -  4) =    -39.37098  eV     2   --> A'             
     e(  3 -  4) =    -39.37098  eV     2   --> A''            
     e(  5 -  6) =    -39.37029  eV     2   --> A'             
     e(  5 -  6) =    -39.37029  eV     2   --> A''            
     e(  7 -  8) =    -39.36494  eV     2   --> A'             
     e(  7 -  8) =    -39.36494  eV     2   --> A''            
     e(  9 - 10) =    -39.36453  eV     2   --> A'             
     e(  9 - 10) =    -39.36453  eV     2   --> A''            
     e( 11 - 11) =    -24.14113  eV     1   --> A''            
     e( 12 - 13) =    -24.12368  eV     2   --> A'             
     e( 12 - 13) =    -24.12368  eV     2   --> A''            
     e( 14 - 15) =    -24.07851  eV     2   --> A'             
     e( 14 - 15) =    -24.07851  eV     2   --> A''            
     e( 16 - 16) =    -24.06120  eV     1   --> A'             
     e( 17 - 18) =    -24.05399  eV     2   --> A'             
     e( 17 - 18) =    -24.05399  eV     2   --> A''            
     e( 19 - 20) =    -24.03692  eV     2   --> A'             
     e( 19 - 20) =    -24.03692  eV     2   --> A''            
     e( 21 - 21) =     -6.44157  eV     1   --> A'             
     e( 22 - 22) =     -5.27442  eV     1   --> A''            
     e( 23 - 23) =      1.07031  eV     1   --> A''            
     e( 24 - 24) =      5.21938  eV     1   -->   ?
     e( 25 - 25) =      5.21958  eV     1   -->   ?
     e( 26 - 26) =      5.94494  eV     1   --> A'             
     e( 27 - 27) =      6.01474  eV     1   --> A'             
     e( 28 - 28) =      6.01505  eV     1   --> A''            
     e( 29 - 29) =      8.46888  eV     1   --> A'             
     e( 30 - 30) =      9.31676  eV     1   --> A''            
     e( 31 - 31) =     12.64795  eV     1   --> A'             
     e( 32 - 32) =     12.64823  eV     1   --> A''            
     e( 33 - 33) =     12.93336  eV     1   --> A'             
     e( 34 - 34) =     14.07488  eV     1   -->   ?
     e( 35 - 35) =     14.07514  eV     1   -->   ?
     e( 36 - 36) =     16.02464  eV     1   --> A''            
     e( 37 - 37) =     16.53443  eV     1   --> A'             
     e( 38 - 38) =     16.53696  eV     1   --> A''            
     e( 39 - 39) =     16.58839  eV     1   --> A'             
     e( 40 - 40) =     17.87614  eV     1   --> A'             
     e( 41 - 41) =     18.59114  eV     1   -->   ?
     e( 42 - 42) =     18.59127  eV     1   -->   ?
     e( 43 - 43) =     18.81016  eV     1   --> A''            
     e( 44 - 44) =     21.62574  eV     1   --> A''            
     e( 45 - 45) =     23.46383  eV     1   -->   ?

 **************************************************************************

 **************************************************************************

                    xk=(  -0.00115,  -0.00000,   0.00000  )

     Band symmetry, C_s (m)     point group:

     e(  1 -  1) =    -39.37263  eV     1   --> A'             
     e(  2 -  2) =    -39.37183  eV     1   --> A''            
     e(  3 -  4) =    -39.37098  eV     2   --> A'             
     e(  3 -  4) =    -39.37098  eV     2   --> A''            
     e(  5 -  6) =    -39.37029  eV     2   --> A'             
     e(  5 -  6) =    -39.37029  eV     2   --> A''            
     e(  7 -  8) =    -39.36494  eV     2   --> A'             
     e(  7 -  8) =    -39.36494  eV     2   --> A''            
     e(  9 - 10) =    -39.36453  eV     2   --> A'             
     e(  9 - 10) =    -39.36453  eV     2   --> A''            
     e( 11 - 11) =    -24.14113  eV     1   --> A''            
     e( 12 - 13) =    -24.12368  eV     2   --> A'             
     e( 12 - 13) =    -24.12368  eV     2   --> A''            
     e( 14 - 15) =    -24.07851  eV     2   --> A'             
     e( 14 - 15) =    -24.07851  eV     2   --> A''            
     e( 16 - 16) =    -24.06120  eV     1   --> A'             
     e( 17 - 18) =    -24.05399  eV     2   --> A'             
     e( 17 - 18) =    -24.05399  eV     2   --> A''            
     e( 19 - 20) =    -24.03692  eV     2   --> A'             
     e( 19 - 20) =    -24.03692  eV     2   --> A''            
     e( 21 - 21) =     -6.44159  eV     1   --> A'             
     e( 22 - 22) =     -5.27444  eV     1   --> A''            
     e( 23 - 23) =      1.07029  eV     1   --> A''            
     e( 24 - 25) =      5.21958  eV     2   --> A'             
     e( 24 - 25) =      5.21958  eV     2   --> A''            
     e( 26 - 26) =      5.94497  eV     1   --> A'             
     e( 27 - 28) =      6.01500  eV     2   --> A'             
     e( 27 - 28) =      6.01500  eV     2   --> A''            
     e( 29 - 29) =      8.46863  eV     1   --> A'             
     e( 30 - 30) =      9.31656  eV     1   --> A''            
     e( 31 - 32) =     12.64810  eV     2   --> A'             
     e( 31 - 32) =     12.64810  eV     2   --> A''            
     e( 33 - 33) =     12.93329  eV     1   --> A'             
     e( 34 - 35) =     14.07496  eV     2   --> A'             
     e( 34 - 35) =     14.07496  eV     2   --> A''            
     e( 36 - 36) =     16.02481  eV     1   --> A''            
     e( 37 - 37) =     16.53641  eV     1   --> A'             
     e( 38 - 38) =     16.53707  eV     1   --> A''            
     e( 39 - 39) =     16.58656  eV     1   --> A'             
     e( 40 - 40) =     17.87575  eV     1   --> A'             
     e( 41 - 42) =     18.59103  eV     2   --> A'             
     e( 41 - 42) =     18.59103  eV     2   --> A''            
     e( 43 - 43) =     18.80977  eV     1   --> A''            
     e( 44 - 44) =     21.62591  eV     1   --> A''            
     e( 45 - 45) =     23.46396  eV     1   -->   ?

 **************************************************************************

 **************************************************************************

                    xk=(   0.00000,   0.00000,   0.00000  )

     point group C_6v (6mm) 
     there are  6 classes
     the character table:

       E     2C6   2C3   C2    3s_v  3s_d 
A_1    1.00  1.00  1.00  1.00  1.00  1.00
A_2    1.00  1.00  1.00  1.00 -1.00 -1.00
B_1    1.00 -1.00  1.00 -1.00  1.00 -1.00
B_2    1.00 -1.00  1.00 -1.00 -1.00  1.00
E_1    2.00  1.00 -1.00 -2.00  0.00  0.00
E_2    2.00 -1.00 -1.00  2.00  0.00  0.00

     the symmetry operations in each class and the name of the first element:

     E        1
                                                                 
     2C6      3    4
                                                                 
     2C3      5    6
                                                                 
     C2       2
                                                                 
     3s_v     8   12   11
                                                                 
     3s_d     7    9   10
                                                                 

     Band symmetry, C_6v (6mm)  point group:

     e(  1 -  1) =    -39.37263  eV     1   --> A_1            
     e(  2 -  2) =    -39.37183  eV     1   --> B_1            
     e(  3 -  4) =    -39.37098  eV     2   --> E_2            
     e(  5 -  6) =    -39.37029  eV     2   --> E_1            
     e(  7 -  8) =    -39.36494  eV     2   --> E_1            
     e(  9 - 10) =    -39.36453  eV     2   --> E_2            
     e( 11 - 11) =    -24.14113  eV     1   --> B_1            
     e( 12 - 13) =    -24.12368  eV     2   --> E_1            
     e( 14 - 15) =    -24.07851  eV     2   --> E_2            
     e( 16 - 16) =    -24.06120  eV     1   --> A_1            
     e( 17 - 18) =    -24.05399  eV     2   --> E_2            
     e( 19 - 20) =    -24.03692  eV     2   --> E_1            
     e( 21 - 21) =     -6.44160  eV     1   --> A_1            
     e( 22 - 22) =     -5.27444  eV     1   --> B_1            
     e( 23 - 23) =      1.07028  eV     1   --> B_1            
     e( 24 - 25) =      5.21964  eV     2   --> E_2            
     e( 26 - 26) =      5.94498  eV     1   --> A_1            
     e( 27 - 28) =      6.01508  eV     2   --> E_1            
     e( 29 - 29) =      8.46855  eV     1   --> A_1            
     e( 30 - 30) =      9.31650  eV     1   --> B_1            
     e( 31 - 32) =     12.64814  eV     2   --> E_1            
     e( 33 - 33) =     12.93326  eV     1   --> A_1            
     e( 34 - 35) =     14.07499  eV     2   --> E_2            
     e( 36 - 36) =     16.02487  eV     1   --> B_1            
     e( 37 - 38) =     16.53710  eV     2   --> E_1            
     e( 39 - 39) =     16.58591  eV     1   --> A_1            
     e( 40 - 40) =     17.87562  eV     1   --> A_1            
     e( 41 - 42) =     18.59099  eV     2   --> E_2            
     e( 43 - 43) =     18.80964  eV     1   --> B_1            
     e( 44 - 44) =     21.62596  eV     1   --> B_1            
     e( 45 - 45) =     23.46392  eV     1   -->   ?

 **************************************************************************

 **************************************************************************

                    xk=(   0.00115,   0.00000,   0.00000  )

     point group C_s (m)    
     there are  2 classes
     the character table:

       E     s    
A'     1.00  1.00
A''    1.00 -1.00

     the symmetry operations in each class and the name of the first element:

     E        1
                                                                 
     s        2
                                                                 

     Band symmetry, C_s (m)     point group:

     e(  1 -  1) =    -39.37263  eV     1   --> A'             
     e(  2 -  2) =    -39.37183  eV     1   --> A''            
     e(  3 -  4) =    -39.37098  eV     2   --> A'             
     e(  3 -  4) =    -39.37098  eV     2   --> A''            
     e(  5 -  6) =    -39.37029  eV     2   --> A'             
     e(  5 -  6) =    -39.37029  eV     2   --> A''            
     e(  7 -  8) =    -39.36494  eV     2   --> A'             
     e(  7 -  8) =    -39.36494  eV     2   --> A''            
     e(  9 - 10) =    -39.36453  eV     2   --> A'             
     e(  9 - 10) =    -39.36453  eV     2   --> A''            
     e( 11 - 11) =    -24.14113  eV     1   --> A''            
     e( 12 - 13) =    -24.12368  eV     2   --> A'             
     e( 12 - 13) =    -24.12368  eV     2   --> A''            
     e( 14 - 15) =    -24.07851  eV     2   --> A'             
     e( 14 - 15) =    -24.07851  eV     2   --> A''            
     e( 16 - 16) =    -24.06120  eV     1   --> A'             
     e( 17 - 18) =    -24.05399  eV     2   --> A'             
     e( 17 - 18) =    -24.05399  eV     2   --> A''            
     e( 19 - 20) =    -24.03692  eV     2   --> A'             
     e( 19 - 20) =    -24.03692  eV     2   --> A''            
     e( 21 - 21) =     -6.44159  eV     1   --> A'             
     e( 22 - 22) =     -5.27444  eV     1   --> A''            
     e( 23 - 23) =      1.07029  eV     1   --> A''            
     e( 24 - 25) =      5.21958  eV     2   --> A'             
     e( 24 - 25) =      5.21958  eV     2   --> A''            
     e( 26 - 26) =      5.94497  eV     1   --> A'             
     e( 27 - 28) =      6.01500  eV     2   --> A'             
     e( 27 - 28) =      6.01500  eV     2   --> A''            
     e( 29 - 29) =      8.46863  eV     1   --> A'             
     e( 30 - 30) =      9.31656  eV     1   --> A''            
     e( 31 - 32) =     12.64810  eV     2   --> A'             
     e( 31 - 32) =     12.64810  eV     2   --> A''            
     e( 33 - 33) =     12.93329  eV     1   --> A'             
     e( 34 - 35) =     14.07496  eV     2   --> A'             
     e( 34 - 35) =     14.07496  eV     2   --> A''            
     e( 36 - 36) =     16.02481  eV     1   --> A''            
     e( 37 - 37) =     16.53641  eV     1   --> A'             
     e( 38 - 38) =     16.53707  eV     1   --> A''            
     e( 39 - 39) =     16.58656  eV     1   --> A'             
     e( 40 - 40) =     17.87575  eV     1   --> A'             
     e( 41 - 42) =     18.59103  eV     2   --> A'             
     e( 41 - 42) =     18.59103  eV     2   --> A''            
     e( 43 - 43) =     18.80977  eV     1   --> A''            
     e( 44 - 44) =     21.62591  eV     1   --> A''            
     e( 45 - 45) =     23.46394  eV     1   -->   ?

 **************************************************************************

 **************************************************************************

                    xk=(   0.00231,   0.00000,   0.00000  )

     Band symmetry, C_s (m)     point group:

     e(  1 -  1) =    -39.37263  eV     1   --> A'             
     e(  2 -  2) =    -39.37183  eV     1   --> A''            
     e(  3 -  4) =    -39.37098  eV     2   --> A'             
     e(  3 -  4) =    -39.37098  eV     2   --> A''            
     e(  5 -  6) =    -39.37029  eV     2   --> A'             
     e(  5 -  6) =    -39.37029  eV     2   --> A''            
     e(  7 -  8) =    -39.36494  eV     2   --> A'             
     e(  7 -  8) =    -39.36494  eV     2   --> A''            
     e(  9 - 10) =    -39.36453  eV     2   --> A'             
     e(  9 - 10) =    -39.36453  eV     2   --> A''            
     e( 11 - 11) =    -24.14113  eV     1   --> A''            
     e( 12 - 13) =    -24.12368  eV     2   --> A'             
     e( 12 - 13) =    -24.12368  eV     2   --> A''            
     e( 14 - 15) =    -24.07851  eV     2   --> A'             
     e( 14 - 15) =    -24.07851  eV     2   --> A''            
     e( 16 - 16) =    -24.06120  eV     1   --> A'             
     e( 17 - 18) =    -24.05399  eV     2   --> A'             
     e( 17 - 18) =    -24.05399  eV     2   --> A''            
     e( 19 - 20) =    -24.03692  eV     2   --> A'             
     e( 19 - 20) =    -24.03692  eV     2   --> A''            
     e( 21 - 21) =     -6.44157  eV     1   --> A'             
     e( 22 - 22) =     -5.27442  eV     1   --> A''            
     e( 23 - 23) =      1.07031  eV     1   --> A''            
     e( 24 - 24) =      5.21938  eV     1   -->   ?
     e( 25 - 25) =      5.21958  eV     1   -->   ?
     e( 26 - 26) =      5.94494  eV     1   --> A'             
     e( 27 - 27) =      6.01474  eV     1   --> A'             
     e( 28 - 28) =      6.01505  eV     1   --> A''            
     e( 29 - 29) =      8.46888  eV     1   --> A'             
     e( 30 - 30) =      9.31676  eV     1   --> A''            
     e( 31 - 31) =     12.64795  eV     1   --> A'             
     e( 32 - 32) =     12.64823  eV     1   --> A''            
     e( 33 - 33) =     12.93336  eV     1   --> A'             
     e( 34 - 34) =     14.07488  eV     1   -->   ?
     e( 35 - 35) =     14.07514  eV     1   -->   ?
     e( 36 - 36) =     16.02464  eV     1   --> A''            
     e( 37 - 37) =     16.53443  eV     1   --> A'             
     e( 38 - 38) =     16.53696  eV     1   --> A''            
     e( 39 - 39) =     16.58839  eV     1   --> A'             
     e( 40 - 40) =     17.87614  eV     1   --> A'             
     e( 41 - 41) =     18.59114  eV     1   -->   ?
     e( 42 - 42) =     18.59127  eV     1   -->   ?
     e( 43 - 43) =     18.81016  eV     1   --> A''            
     e( 44 - 44) =     21.62574  eV     1   --> A''            
     e( 45 - 45) =     23.46400  eV     1   -->   ?

 **************************************************************************

 **************************************************************************

                    xk=(   0.00346,   0.00000,   0.00000  )

     Band symmetry, C_s (m)     point group:

     e(  1 -  1) =    -39.37263  eV     1   --> A'             
     e(  2 -  2) =    -39.37183  eV     1   --> A''            
     e(  3 -  4) =    -39.37098  eV     2   --> A'             
     e(  3 -  4) =    -39.37098  eV     2   --> A''            
     e(  5 -  6) =    -39.37029  eV     2   --> A'             
     e(  5 -  6) =    -39.37029  eV     2   --> A''            
     e(  7 -  8) =    -39.36494  eV     2   --> A'             
     e(  7 -  8) =    -39.36494  eV     2   --> A''            
     e(  9 - 10) =    -39.36453  eV     2   --> A'             
     e(  9 - 10) =    -39.36453  eV     2   --> A''            
     e( 11 - 11) =    -24.14113  eV     1   --> A''            
     e( 12 - 13) =    -24.12369  eV     2   --> A'             
     e( 12 - 13) =    -24.12369  eV     2   --> A''            
     e( 14 - 15) =    -24.07850  eV     2   --> A'             
     e( 14 - 15) =    -24.07850  eV     2   --> A''            
     e( 16 - 16) =    -24.06120  eV     1   --> A'             
     e( 17 - 18) =    -24.05399  eV     2   --> A'             
     e( 17 - 18) =    -24.05399  eV     2   --> A''            
     e( 19 - 20) =    -24.03693  eV     2   --> A'             
     e( 19 - 20) =    -24.03693  eV     2   --> A''            
     e( 21 - 21) =     -6.44153  eV     1   --> A'             
     e( 22 - 22) =     -5.27440  eV     1   --> A''            
     e( 23 - 23) =      1.07035  eV     1   --> A''            
     e( 24 - 24) =      5.21905  eV     1   -->   ?
     e( 25 - 25) =      5.21949  eV     1   -->   ?
     e( 26 - 26) =      5.94489  eV     1   --> A'             
     e( 27 - 27) =      6.01431  eV     1   --> A'             
     e( 28 - 28) =      6.01501  eV     1   --> A''            
     e( 29 - 29) =      8.46929  eV     1   --> A'             
     e( 30 - 30) =      9.31708  eV     1   --> A''            
     e( 31 - 31) =     12.64771  eV     1   --> A'             
     e( 32 - 32) =     12.64833  eV     1   --> A''            
     e( 33 - 33) =     12.93348  eV     1   --> A'             
     e( 34 - 34) =     14.07474  eV     1   -->   ?
     e( 35 - 35) =     14.07531  eV     1   -->   ?
     e( 36 - 36) =     16.02435  eV     1   --> A''            
     e( 37 - 37) =     16.53139  eV     1   --> A'             
     e( 38 - 38) =     16.53680  eV     1   --> A''            
     e( 39 - 39) =     16.59119  eV     1   --> A'             
     e( 40 - 40) =     17.87678  eV     1   --> A'             
     e( 41 - 41) =     18.59132  eV     1   -->   ?
     e( 42 - 42) =     18.59160  eV     1   -->   ?
     e( 43 - 43) =     18.81081  eV     1   --> A''            
     e( 44 - 44) =     21.62547  eV     1   --> A''            
     e( 45 - 45) =     23.46397  eV     1   -->   ?

 **************************************************************************

 **************************************************************************

                    xk=(   0.00462,   0.00000,   0.00000  )

     Band symmetry, C_s (m)     point group:

     e(  1 -  1) =    -39.37263  eV     1   --> A'             
     e(  2 -  2) =    -39.37183  eV     1   --> A''            
     e(  3 -  4) =    -39.37098  eV     2   --> A'             
     e(  3 -  4) =    -39.37098  eV     2   --> A''            
     e(  5 -  6) =    -39.37029  eV     2   --> A'             
     e(  5 -  6) =    -39.37029  eV     2   --> A''            
     e(  7 -  8) =    -39.36494  eV     2   --> A'             
     e(  7 -  8) =    -39.36494  eV     2   --> A''            
     e(  9 - 10) =    -39.36452  eV     2   --> A'             
     e(  9 - 10) =    -39.36452  eV     2   --> A''            
     e( 11 - 11) =    -24.14112  eV     1   --> A''            
     e( 12 - 13) =    -24.12370  eV     2   --> A'             
     e( 12 - 13) =    -24.12370  eV     2   --> A''            
     e( 14 - 15) =    -24.07850  eV     2   --> A'             
     e( 14 - 15) =    -24.07850  eV     2   --> A''            
     e( 16 - 16) =    -24.06119  eV     1   --> A'             
     e( 17 - 18) =    -24.05400  eV     2   --> A'             
     e( 17 - 18) =    -24.05400  eV     2   --> A''            
     e( 19 - 20) =    -24.03693  eV     2   --> A'             
     e( 19 - 20) =    -24.03693  eV     2   --> A''            
     e( 21 - 21) =     -6.44147  eV     1   --> A'             
     e( 22 - 22) =     -5.27437  eV     1   --> A''            
     e( 23 - 23) =      1.07041  eV     1   --> A''            
     e( 24 - 24) =      5.21859  eV     1   --> A''            
     e( 25 - 25) =      5.21938  eV     1   --> A'             
     e( 26 - 26) =      5.94482  eV     1   --> A'             
     e( 27 - 27) =      6.01371  eV     1   --> A'             
     e( 28 - 28) =      6.01496  eV     1   --> A''            
     e( 29 - 29) =      8.46987  eV     1   --> A'             
     e( 30 - 30) =      9.31754  eV     1   --> A''            
     e( 31 - 31) =     12.64736  eV     1   --> A'             
     e( 32 - 32) =     12.64848  eV     1   --> A''            
     e( 33 - 33) =     12.93364  eV     1   --> A'             
     e( 34 - 34) =     14.07454  eV     1   --> A''            
     e( 35 - 35) =     14.07555  eV     1   --> A'             
     e( 36 - 36) =     16.02395  eV     1   --> A''            
     e( 37 - 37) =     16.52755  eV     1   --> A'             
     e( 38 - 38) =     16.53656  eV     1   --> A''            
     e( 39 - 39) =     16.59470  eV     1   --> A'             
     e( 40 - 40) =     17.87768  eV     1   --> A'             
     e( 41 - 41) =     18.59158  eV     1   -->   ?
     e( 42 - 42) =     18.59206  eV     1   -->   ?
     e( 43 - 43) =     18.81171  eV     1   --> A''            
     e( 44 - 44) =     21.62510  eV     1   --> A''            
     e( 45 - 45) =     23.46347  eV     1   -->   ?

 **************************************************************************

 **************************************************************************

                    xk=(   0.00577,   0.00000,   0.00000  )

     Band symmetry, C_s (m)     point group:

     e(  1 -  1) =    -39.37263  eV     1   --> A'             
     e(  2 -  2) =    -39.37183  eV     1   --> A''            
     e(  3 -  4) =    -39.37098  eV     2   --> A'             
     e(  3 -  4) =    -39.37098  eV     2   --> A''            
     e(  5 -  6) =    -39.37029  eV     2   --> A'             
     e(  5 -  6) =    -39.37029  eV     2   --> A''            
     e(  7 -  8) =    -39.36494  eV     2   --> A'             
     e(  7 -  8) =    -39.36494  eV     2   --> A''            
     e(  9 - 10) =    -39.36452  eV     2   --> A'             
     e(  9 - 10) =    -39.36452  eV     2   --> A''            
     e( 11 - 11) =    -24.14112  eV     1   --> A''            
     e( 12 - 13) =    -24.12371  eV     2   --> A'             
     e( 12 - 13) =    -24.12371  eV     2   --> A''            
     e( 14 - 15) =    -24.07850  eV     2   --> A'             
     e( 14 - 15) =    -24.07850  eV     2   --> A''            
     e( 16 - 16) =    -24.06119  eV     1   --> A'             
     e( 17 - 18) =    -24.05400  eV     2   --> A'             
     e( 17 - 18) =    -24.05400  eV     2   --> A''            
     e( 19 - 20) =    -24.03693  eV     2   --> A'             
     e( 19 - 20) =    -24.03693  eV     2   --> A''            
     e( 21 - 21) =     -6.44140  eV     1   --> A'             
     e( 22 - 22) =     -5.27432  eV     1   --> A''            
     e( 23 - 23) =      1.07048  eV     1   --> A''            
     e( 24 - 24) =      5.21800  eV     1   --> A''            
     e( 25 - 25) =      5.21923  eV     1   --> A'             
     e( 26 - 26) =      5.94473  eV     1   --> A'             
     e( 27 - 27) =      6.01294  eV     1   --> A'             
     e( 28 - 28) =      6.01489  eV     1   --> A''            
     e( 29 - 29) =      8.47061  eV     1   --> A'             
     e( 30 - 30) =      9.31813  eV     1   --> A''            
     e( 31 - 31) =     12.64693  eV     1   --> A'             
     e( 32 - 32) =     12.64867  eV     1   --> A''            
     e( 33 - 33) =     12.93386  eV     1   --> A'             
     e( 34 - 34) =     14.07428  eV     1   --> A''            
     e( 35 - 35) =     14.07585  eV     1   --> A'             
     e( 36 - 36) =     16.02343  eV     1   --> A''            
     e( 37 - 37) =     16.52312  eV     1   --> A'             
     e( 38 - 38) =     16.53626  eV     1   --> A''            
     e( 39 - 39) =     16.59870  eV     1   --> A'             
     e( 40 - 40) =     17.87883  eV     1   --> A'             
     e( 41 - 41) =     18.59191  eV     1   --> A''            
     e( 42 - 42) =     18.59266  eV     1   --> A'             
     e( 43 - 43) =     18.81288  eV     1   --> A''            
     e( 44 - 44) =     21.62461  eV     1   --> A''            
     e( 45 - 45) =     23.46322  eV     1   --> A'             

 **************************************************************************

 **************************************************************************

                    xk=(   0.00693,   0.00000,   0.00000  )

     Band symmetry, C_s (m)     point group:

     e(  1 -  1) =    -39.37263  eV     1   --> A'             
     e(  2 -  2) =    -39.37183  eV     1   --> A''            
     e(  3 -  4) =    -39.37098  eV     2   --> A'             
     e(  3 -  4) =    -39.37098  eV     2   --> A''            
     e(  5 -  6) =    -39.37029  eV     2   --> A'             
     e(  5 -  6) =    -39.37029  eV     2   --> A''            
     e(  7 -  8) =    -39.36494  eV     2   --> A'             
     e(  7 -  8) =    -39.36494  eV     2   --> A''            
     e(  9 - 10) =    -39.36452  eV     2   --> A'             
     e(  9 - 10) =    -39.36452  eV     2   --> A''            
     e( 11 - 11) =    -24.14112  eV     1   --> A''            
     e( 12 - 13) =    -24.12372  eV     2   --> A'             
     e( 12 - 13) =    -24.12372  eV     2   --> A''            
     e( 14 - 15) =    -24.07850  eV     2   --> A'             
     e( 14 - 15) =    -24.07850  eV     2   --> A''            
     e( 16 - 16) =    -24.06118  eV     1   --> A'             
     e( 17 - 18) =    -24.05401  eV     2   --> A'             
     e( 17 - 18) =    -24.05401  eV     2   --> A''            
     e( 19 - 20) =    -24.03694  eV     2   --> A'             
     e( 19 - 20) =    -24.03694  eV     2   --> A''            
     e( 21 - 21) =     -6.44132  eV     1   --> A'             
     e( 22 - 22) =     -5.27427  eV     1   --> A''            
     e( 23 - 23) =      1.07057  eV     1   --> A''            
     e( 24 - 24) =      5.21727  eV     1   --> A''            
     e( 25 - 25) =      5.21904  eV     1   --> A'             
     e( 26 - 26) =      5.94462  eV     1   --> A'             
     e( 27 - 27) =      6.01200  eV     1   --> A'             
     e( 28 - 28) =      6.01481  eV     1   --> A''            
     e( 29 - 29) =      8.47151  eV     1   --> A'             
     e( 30 - 30) =      9.31885  eV     1   --> A''            
     e( 31 - 31) =     12.64639  eV     1   --> A'             
     e( 32 - 32) =     12.64889  eV     1   --> A''            
     e( 33 - 33) =     12.93412  eV     1   --> A'             
     e( 34 - 34) =     14.07397  eV     1   --> A''            
     e( 35 - 35) =     14.07623  eV     1   --> A'             
     e( 36 - 36) =     16.02280  eV     1   --> A''            
     e( 37 - 37) =     16.51824  eV     1   --> A'             
     e( 38 - 38) =     16.53590  eV     1   --> A''            
     e( 39 - 39) =     16.60306  eV     1   --> A'             
     e( 40 - 40) =     17.88024  eV     1   --> A'             
     e( 41 - 41) =     18.59231  eV     1   --> A''            
     e( 42 - 42) =     18.59339  eV     1   --> A'             
     e( 43 - 43) =     18.81429  eV     1   --> A''            
     e( 44 - 44) =     21.62402  eV     1   --> A''            
     e( 45 - 45) =     23.46291  eV     1   -->   ?

 **************************************************************************

 **************************************************************************

                    xk=(   0.00808,   0.00000,   0.00000  )

     Band symmetry, C_s (m)     point group:

     e(  1 -  1) =    -39.37263  eV     1   --> A'             
     e(  2 -  2) =    -39.37183  eV     1   --> A''            
     e(  3 -  4) =    -39.37098  eV     2   --> A'             
     e(  3 -  4) =    -39.37098  eV     2   --> A''            
     e(  5 -  6) =    -39.37029  eV     2   --> A'             
     e(  5 -  6) =    -39.37029  eV     2   --> A''            
     e(  7 -  8) =    -39.36494  eV     2   --> A'             
     e(  7 -  8) =    -39.36494  eV     2   --> A''            
     e(  9 - 10) =    -39.36452  eV     2   --> A'             
     e(  9 - 10) =    -39.36452  eV     2   --> A''            
     e( 11 - 11) =    -24.14111  eV     1   --> A''            
     e( 12 - 13) =    -24.12374  eV     2   --> A'             
     e( 12 - 13) =    -24.12374  eV     2   --> A''            
     e( 14 - 15) =    -24.07849  eV     2   --> A'             
     e( 14 - 15) =    -24.07849  eV     2   --> A''            
     e( 16 - 16) =    -24.06117  eV     1   --> A'             
     e( 17 - 18) =    -24.05402  eV     2   --> A'             
     e( 17 - 18) =    -24.05402  eV     2   --> A''            
     e( 19 - 20) =    -24.03695  eV     2   --> A'             
     e( 19 - 20) =    -24.03695  eV     2   --> A''            
     e( 21 - 21) =     -6.44122  eV     1   --> A'             
     e( 22 - 22) =     -5.27420  eV     1   --> A''            
     e( 23 - 23) =      1.07068  eV     1   --> A''            
     e( 24 - 24) =      5.21641  eV     1   --> A''            
     e( 25 - 25) =      5.21883  eV     1   --> A'             
     e( 26 - 26) =      5.94449  eV     1   --> A'             
     e( 27 - 27) =      6.01089  eV     1   --> A'             
     e( 28 - 28) =      6.01472  eV     1   --> A''            
     e( 29 - 29) =      8.47258  eV     1   --> A'             
     e( 30 - 30) =      9.31969  eV     1   --> A''            
     e( 31 - 31) =     12.64576  eV     1   --> A'             
     e( 32 - 32) =     12.64917  eV     1   --> A''            
     e( 33 - 33) =     12.93442  eV     1   --> A'             
     e( 34 - 34) =     14.07360  eV     1   --> A''            
     e( 35 - 35) =     14.07667  eV     1   --> A'             
     e( 36 - 36) =     16.02205  eV     1   --> A''            
     e( 37 - 37) =     16.51302  eV     1   --> A'             
     e( 38 - 38) =     16.53547  eV     1   --> A''            
     e( 39 - 39) =     16.60767  eV     1   --> A'             
     e( 40 - 40) =     17.88189  eV     1   --> A'             
     e( 41 - 41) =     18.59279  eV     1   --> A''            
     e( 42 - 42) =     18.59426  eV     1   --> A'             
     e( 43 - 43) =     18.81597  eV     1   --> A''            
     e( 44 - 44) =     21.62332  eV     1   --> A''            
     e( 45 - 45) =     23.46255  eV     1   --> A'             

 **************************************************************************

 **************************************************************************

                    xk=(   0.00924,   0.00000,   0.00000  )

     Band symmetry, C_s (m)     point group:

     e(  1 -  1) =    -39.37262  eV     1   --> A'             
     e(  2 -  2) =    -39.37181  eV     1   --> A''            
     e(  3 -  4) =    -39.37095  eV     2   --> A'             
     e(  3 -  4) =    -39.37095  eV     2   --> A''            
     e(  5 -  6) =    -39.37027  eV     2   --> A'             
     e(  5 -  6) =    -39.37027  eV     2   --> A''            
     e(  7 -  8) =    -39.36493  eV     2   --> A'             
     e(  7 -  8) =    -39.36493  eV     2   --> A''            
     e(  9 - 10) =    -39.36449  eV     2   --> A'             
     e(  9 - 10) =    -39.36449  eV     2   --> A''            
     e( 11 - 11) =    -24.14109  eV     1   --> A''            
     e( 12 - 13) =    -24.12373  eV     2   --> A'             
     e( 12 - 13) =    -24.12373  eV     2   --> A''            
     e( 14 - 15) =    -24.07844  eV     2   --> A'             
     e( 14 - 15) =    -24.07844  eV     2   --> A''            
     e( 16 - 16) =    -24.06116  eV     1   --> A'             
     e( 17 - 18) =    -24.05400  eV     2   --> A'             
     e( 17 - 18) =    -24.05400  eV     2   --> A''            
     e( 19 - 20) =    -24.03693  eV     2   --> A'             
     e( 19 - 20) =    -24.03693  eV     2   --> A''            
     e( 21 - 21) =     -6.44110  eV     1   --> A'             
     e( 22 - 22) =     -5.27413  eV     1   --> A''            
     e( 23 - 23) =      1.07081  eV     1   --> A''            
     e( 24 - 24) =      5.21542  eV     1   --> A''            
     e( 25 - 25) =      5.21858  eV     1   --> A'             
     e( 26 - 26) =      5.94433  eV     1   --> A'             
     e( 27 - 27) =      6.00961  eV     1   --> A'             
     e( 28 - 28) =      6.01461  eV     1   --> A''            
     e( 29 - 29) =      8.47381  eV     1   --> A'             
     e( 30 - 30) =      9.32067  eV     1   --> A''            
     e( 31 - 31) =     12.64503  eV     1   --> A'             
     e( 32 - 32) =     12.64948  eV     1   --> A''            
     e( 33 - 33) =     12.93478  eV     1   --> A'             
     e( 34 - 34) =     14.07317  eV     1   --> A''            
     e( 35 - 35) =     14.07718  eV     1   --> A'             
     e( 36 - 36) =     16.02118  eV     1   --> A''            
     e( 37 - 37) =     16.50753  eV     1   --> A'             
     e( 38 - 38) =     16.53497  eV     1   --> A''            
     e( 39 - 39) =     16.61246  eV     1   --> A'             
     e( 40 - 40) =     17.88379  eV     1   --> A'             
     e( 41 - 41) =     18.59335  eV     1   --> A''            
     e( 42 - 42) =     18.59526  eV     1   --> A'             
     e( 43 - 43) =     18.81789  eV     1   --> A''            
     e( 44 - 44) =     21.62252  eV     1   --> A''            
     e( 45 - 45) =     23.46213  eV     1   --> A'             

 **************************************************************************

 **************************************************************************

                    xk=(   0.01039,   0.00000,   0.00000  )

     Band symmetry, C_s (m)     point group:

     e(  1 -  1) =    -39.37262  eV     1   --> A'             
     e(  2 -  2) =    -39.37181  eV     1   --> A''            
     e(  3 -  4) =    -39.37095  eV     2   --> A'             
     e(  3 -  4) =    -39.37095  eV     2   --> A''            
     e(  5 -  6) =    -39.37027  eV     2   --> A'             
     e(  5 -  6) =    -39.37027  eV     2   --> A''            
     e(  7 -  8) =    -39.36492  eV     2   --> A'             
     e(  7 -  8) =    -39.36492  eV     2   --> A''            
     e(  9 - 10) =    -39.36449  eV     2   --> A'             
     e(  9 - 10) =    -39.36449  eV     2   --> A''            
     e( 11 - 11) =    -24.14108  eV     1   --> A''            
     e( 12 - 13) =    -24.12375  eV     2   --> A'             
     e( 12 - 13) =    -24.12375  eV     2   --> A''            
     e( 14 - 15) =    -24.07843  eV     2   --> A'             
     e( 14 - 15) =    -24.07843  eV     2   --> A''            
     e( 16 - 16) =    -24.06115  eV     1   --> A'             
     e( 17 - 18) =    -24.05400  eV     2   --> A'             
     e( 17 - 18) =    -24.05400  eV     2   --> A''            
     e( 19 - 20) =    -24.03694  eV     2   --> A'             
     e( 19 - 20) =    -24.03694  eV     2   --> A''            
     e( 21 - 21) =     -6.44097  eV     1   --> A'             
     e( 22 - 22) =     -5.27405  eV     1   --> A''            
     e( 23 - 23) =      1.07095  eV     1   --> A''            
     e( 24 - 24) =      5.21430  eV     1   --> A''            
     e( 25 - 25) =      5.21830  eV     1   --> A'             
     e( 26 - 26) =      5.94416  eV     1   --> A'             
     e( 27 - 27) =      6.00817  eV     1   --> A'             
     e( 28 - 28) =      6.01448  eV     1   --> A''            
     e( 29 - 29) =      8.47520  eV     1   --> A'             
     e( 30 - 30) =      9.32178  eV     1   --> A''            
     e( 31 - 31) =     12.64421  eV     1   --> A'             
     e( 32 - 32) =     12.64983  eV     1   --> A''            
     e( 33 - 33) =     12.93518  eV     1   --> A'             
     e( 34 - 34) =     14.07269  eV     1   --> A''            
     e( 35 - 35) =     14.07776  eV     1   --> A'             
     e( 36 - 36) =     16.02020  eV     1   --> A''            
     e( 37 - 37) =     16.50182  eV     1   --> A'             
     e( 38 - 38) =     16.53441  eV     1   --> A''            
     e( 39 - 39) =     16.61739  eV     1   --> A'             
     e( 40 - 40) =     17.88594  eV     1   --> A'             
     e( 41 - 41) =     18.59398  eV     1   --> A''            
     e( 42 - 42) =     18.59639  eV     1   --> A'             
     e( 43 - 43) =     18.82006  eV     1   --> A''            
     e( 44 - 44) =     21.62161  eV     1   --> A''            
     e( 45 - 45) =     23.46166  eV     1   --> A'             

 **************************************************************************

 **************************************************************************

                    xk=(   0.01155,   0.00000,   0.00000  )

     Band symmetry, C_s (m)     point group:

     e(  1 -  1) =    -39.37263  eV     1   --> A'             
     e(  2 -  2) =    -39.37182  eV     1   --> A''            
     e(  3 -  4) =    -39.37097  eV     2   --> A'             
     e(  3 -  4) =    -39.37097  eV     2   --> A''            
     e(  5 -  6) =    -39.37031  eV     2   --> A'             
     e(  5 -  6) =    -39.37031  eV     2   --> A''            
     e(  7 -  8) =    -39.36497  eV     2   --> A'             
     e(  7 -  8) =    -39.36497  eV     2   --> A''            
     e(  9 - 10) =    -39.36451  eV     2   --> A'             
     e(  9 - 10) =    -39.36451  eV     2   --> A''            
     e( 11 - 11) =    -24.14108  eV     1   --> A''            
     e( 12 - 13) =    -24.12382  eV     2   --> A'             
     e( 12 - 13) =    -24.12382  eV     2   --> A''            
     e( 14 - 15) =    -24.07846  eV     2   --> A'             
     e( 14 - 15) =    -24.07846  eV     2   --> A''            
     e( 16 - 16) =    -24.06114  eV     1   --> A'             
     e( 17 - 18) =    -24.05404  eV     2   --> A'             
     e( 17 - 18) =    -24.05404  eV     2   --> A''            
     e( 19 - 20) =    -24.03700  eV     2   --> A'             
     e( 19 - 20) =    -24.03700  eV     2   --> A''            
     e( 21 - 21) =     -6.44083  eV     1   --> A'             
     e( 22 - 22) =     -5.27396  eV     1   --> A''            
     e( 23 - 23) =      1.07110  eV     1   --> A''            
     e( 24 - 24) =      5.21304  eV     1   --> A''            
     e( 25 - 25) =      5.21798  eV     1   --> A'             
     e( 26 - 26) =      5.94396  eV     1   --> A'             
     e( 27 - 27) =      6.00656  eV     1   --> A'             
     e( 28 - 28) =      6.01434  eV     1   --> A''            
     e( 29 - 29) =      8.47675  eV     1   --> A'             
     e( 30 - 30) =      9.32302  eV     1   --> A''            
     e( 31 - 31) =     12.64328  eV     1   --> A'             
     e( 32 - 32) =     12.65022  eV     1   --> A''            
     e( 33 - 33) =     12.93563  eV     1   --> A'             
     e( 34 - 34) =     14.07216  eV     1   --> A''            
     e( 35 - 35) =     14.07841  eV     1   --> A'             
     e( 36 - 36) =     16.01910  eV     1   --> A''            
     e( 37 - 37) =     16.49591  eV     1   --> A'             
     e( 38 - 38) =     16.53380  eV     1   --> A''            
     e( 39 - 39) =     16.62243  eV     1   --> A'             
     e( 40 - 40) =     17.88832  eV     1   --> A'             
     e( 41 - 41) =     18.59470  eV     1   --> A''            
     e( 42 - 42) =     18.59767  eV     1   --> A'             
     e( 43 - 43) =     18.82248  eV     1   --> A''            
     e( 44 - 44) =     21.62060  eV     1   --> A''            
     e( 45 - 45) =     23.46113  eV     1   --> A'             

 **************************************************************************

 **************************************************************************

                    xk=(   0.01270,   0.00000,   0.00000  )

     Band symmetry, C_s (m)     point group:

     e(  1 -  1) =    -39.37263  eV     1   --> A'             
     e(  2 -  2) =    -39.37182  eV     1   --> A''            
     e(  3 -  4) =    -39.37097  eV     2   --> A'             
     e(  3 -  4) =    -39.37097  eV     2   --> A''            
     e(  5 -  6) =    -39.37031  eV     2   --> A'             
     e(  5 -  6) =    -39.37031  eV     2   --> A''            
     e(  7 -  8) =    -39.36497  eV     2   --> A'             
     e(  7 -  8) =    -39.36497  eV     2   --> A''            
     e(  9 - 10) =    -39.36451  eV     2   --> A'             
     e(  9 - 10) =    -39.36451  eV     2   --> A''            
     e( 11 - 11) =    -24.14107  eV     1   --> A''            
     e( 12 - 12) =    -24.12384  eV     1   --> A'             
     e( 13 - 13) =    -24.12373  eV     1   --> A''            
     e( 14 - 15) =    -24.07846  eV     2   --> A'             
     e( 14 - 15) =    -24.07846  eV     2   --> A''            
     e( 16 - 16) =    -24.06113  eV     1   --> A'             
     e( 17 - 18) =    -24.05405  eV     2   --> A'             
     e( 17 - 18) =    -24.05405  eV     2   --> A''            
     e( 19 - 20) =    -24.03701  eV     2   --> A'             
     e( 19 - 20) =    -24.03701  eV     2   --> A''            
     e( 21 - 21) =     -6.44067  eV     1   --> A'             
     e( 22 - 22) =     -5.27385  eV     1   --> A''            
     e( 23 - 23) =      1.07128  eV     1   --> A''            
     e( 24 - 24) =      5.21166  eV     1   --> A''            
     e( 25 - 25) =      5.21763  eV     1   --> A'             
     e( 26 - 26) =      5.94374  eV     1   --> A'             
     e( 27 - 27) =      6.00479  eV     1   --> A'             
     e( 28 - 28) =      6.01419  eV     1   --> A''            
     e( 29 - 29) =      8.47847  eV     1   --> A'             
     e( 30 - 30) =      9.32438  eV     1   --> A''            
     e( 31 - 31) =     12.64227  eV     1   --> A'             
     e( 32 - 32) =     12.65066  eV     1   --> A''            
     e( 33 - 33) =     12.93612  eV     1   --> A'             
     e( 34 - 34) =     14.07157  eV     1   --> A''            
     e( 35 - 35) =     14.07912  eV     1   --> A'             
     e( 36 - 36) =     16.01789  eV     1   --> A''            
     e( 37 - 37) =     16.48984  eV     1   --> A'             
     e( 38 - 38) =     16.53312  eV     1   --> A''            
     e( 39 - 39) =     16.62756  eV     1   --> A'             
     e( 40 - 40) =     17.89094  eV     1   --> A'             
     e( 41 - 41) =     18.59550  eV     1   --> A''            
     e( 42 - 42) =     18.59908  eV     1   --> A'             
     e( 43 - 43) =     18.82514  eV     1   --> A''            
     e( 44 - 44) =     21.61948  eV     1   --> A''            
     e( 45 - 45) =     23.46054  eV     1   --> A'             

 **************************************************************************

 **************************************************************************

                    xk=(   0.01386,   0.00000,   0.00000  )

     Band symmetry, C_s (m)     point group:

     e(  1 -  1) =    -39.37263  eV     1   --> A'             
     e(  2 -  2) =    -39.37184  eV     1   --> A''            
     e(  3 -  4) =    -39.37101  eV     2   --> A'             
     e(  3 -  4) =    -39.37101  eV     2   --> A''            
     e(  5 -  6) =    -39.37036  eV     2   --> A'             
     e(  5 -  6) =    -39.37036  eV     2   --> A''            
     e(  7 -  8) =    -39.36503  eV     2   --> A'             
     e(  7 -  8) =    -39.36503  eV     2   --> A''            
     e(  9 - 10) =    -39.36456  eV     2   --> A'             
     e(  9 - 10) =    -39.36456  eV     2   --> A''            
     e( 11 - 11) =    -24.14107  eV     1   --> A''            
     e( 12 - 12) =    -24.12393  eV     1   --> A'             
     e( 13 - 13) =    -24.12375  eV     1   --> A''            
     e( 14 - 15) =    -24.07851  eV     2   --> A'             
     e( 14 - 15) =    -24.07851  eV     2   --> A''            
     e( 16 - 16) =    -24.06112  eV     1   --> A'             
     e( 17 - 18) =    -24.05412  eV     2   --> A'             
     e( 17 - 18) =    -24.05412  eV     2   --> A''            
     e( 19 - 19) =    -24.03709  eV     1   --> A'             
     e( 20 - 20) =    -24.03692  eV     1   --> A''            
     e( 21 - 21) =     -6.44049  eV     1   --> A'             
     e( 22 - 22) =     -5.27374  eV     1   --> A''            
     e( 23 - 23) =      1.07147  eV     1   --> A''            
     e( 24 - 24) =      5.21014  eV     1   --> A''            
     e( 25 - 25) =      5.21724  eV     1   --> A'             
     e( 26 - 26) =      5.94350  eV     1   --> A'             
     e( 27 - 27) =      6.00286  eV     1   --> A'             
     e( 28 - 28) =      6.01402  eV     1   --> A''            
     e( 29 - 29) =      8.48034  eV     1   --> A'             
     e( 30 - 30) =      9.32588  eV     1   --> A''            
     e( 31 - 31) =     12.64116  eV     1   --> A'             
     e( 32 - 32) =     12.65114  eV     1   --> A''            
     e( 33 - 33) =     12.93666  eV     1   --> A'             
     e( 34 - 34) =     14.07093  eV     1   --> A''            
     e( 35 - 35) =     14.07990  eV     1   --> A'             
     e( 36 - 36) =     16.01655  eV     1   --> A''            
     e( 37 - 37) =     16.48361  eV     1   --> A'             
     e( 38 - 38) =     16.53238  eV     1   --> A''            
     e( 39 - 39) =     16.63276  eV     1   --> A'             
     e( 40 - 40) =     17.89378  eV     1   --> A'             
     e( 41 - 41) =     18.59638  eV     1   --> A''            
     e( 42 - 42) =     18.60063  eV     1   --> A'             
     e( 43 - 43) =     18.82804  eV     1   --> A''            
     e( 44 - 44) =     21.61826  eV     1   --> A''            
     e( 45 - 45) =     23.45990  eV     1   --> A'             

 **************************************************************************

 **************************************************************************

                    xk=(   0.01501,   0.00000,   0.00000  )

     Band symmetry, C_s (m)     point group:

     e(  1 -  1) =    -39.37263  eV     1   --> A'             
     e(  2 -  2) =    -39.37184  eV     1   --> A''            
     e(  3 -  4) =    -39.37101  eV     2   --> A'             
     e(  3 -  4) =    -39.37101  eV     2   --> A''            
     e(  5 -  6) =    -39.37036  eV     2   --> A'             
     e(  5 -  6) =    -39.37036  eV     2   --> A''            
     e(  7 -  8) =    -39.36503  eV     2   --> A'             
     e(  7 -  8) =    -39.36503  eV     2   --> A''            
     e(  9 - 10) =    -39.36456  eV     2   --> A'             
     e(  9 - 10) =    -39.36456  eV     2   --> A''            
     e( 11 - 11) =    -24.14106  eV     1   --> A''            
     e( 12 - 12) =    -24.12396  eV     1   --> A'             
     e( 13 - 13) =    -24.12375  eV     1   --> A''            
     e( 14 - 15) =    -24.07850  eV     2   --> A'             
     e( 14 - 15) =    -24.07850  eV     2   --> A''            
     e( 16 - 16) =    -24.06110  eV     1   --> A'             
     e( 17 - 18) =    -24.05413  eV     2   --> A'             
     e( 17 - 18) =    -24.05413  eV     2   --> A''            
     e( 19 - 19) =    -24.03710  eV     1   --> A'             
     e( 20 - 20) =    -24.03691  eV     1   --> A''            
     e( 21 - 21) =     -6.44030  eV     1   --> A'             
     e( 22 - 22) =     -5.27362  eV     1   --> A''            
     e( 23 - 23) =      1.07167  eV     1   --> A''            
     e( 24 - 24) =      5.20850  eV     1   --> A''            
     e( 25 - 25) =      5.21682  eV     1   --> A'             
     e( 26 - 26) =      5.94323  eV     1   --> A'             
     e( 27 - 27) =      6.00076  eV     1   --> A'             
     e( 28 - 28) =      6.01383  eV     1   --> A''            
     e( 29 - 29) =      8.48238  eV     1   --> A'             
     e( 30 - 30) =      9.32750  eV     1   --> A''            
     e( 31 - 31) =     12.63995  eV     1   --> A'             
     e( 32 - 32) =     12.65165  eV     1   --> A''            
     e( 33 - 33) =     12.93725  eV     1   --> A'             
     e( 34 - 34) =     14.07023  eV     1   --> A''            
     e( 35 - 35) =     14.08075  eV     1   --> A'             
     e( 36 - 36) =     16.01511  eV     1   --> A''            
     e( 37 - 37) =     16.47723  eV     1   --> A'             
     e( 38 - 38) =     16.53158  eV     1   --> A''            
     e( 39 - 39) =     16.63804  eV     1   --> A'             
     e( 40 - 40) =     17.89686  eV     1   --> A'             
     e( 41 - 41) =     18.59735  eV     1   --> A''            
     e( 42 - 42) =     18.60232  eV     1   --> A'             
     e( 43 - 43) =     18.83118  eV     1   --> A''            
     e( 44 - 44) =     21.61694  eV     1   --> A''            
     e( 45 - 45) =     23.45921  eV     1   --> A'             

 **************************************************************************

 **************************************************************************

                    xk=(   0.01617,   0.00000,   0.00000  )

     Band symmetry, C_s (m)     point group:

     e(  1 -  1) =    -39.37263  eV     1   --> A'             
     e(  2 -  2) =    -39.37184  eV     1   --> A''            
     e(  3 -  4) =    -39.37101  eV     2   --> A'             
     e(  3 -  4) =    -39.37101  eV     2   --> A''            
     e(  5 -  6) =    -39.37036  eV     2   --> A'             
     e(  5 -  6) =    -39.37036  eV     2   --> A''            
     e(  7 -  8) =    -39.36503  eV     2   --> A'             
     e(  7 -  8) =    -39.36503  eV     2   --> A''            
     e(  9 - 10) =    -39.36456  eV     2   --> A'             
     e(  9 - 10) =    -39.36456  eV     2   --> A''            
     e( 11 - 11) =    -24.14104  eV     1   --> A''            
     e( 12 - 12) =    -24.12400  eV     1   --> A'             
     e( 13 - 13) =    -24.12376  eV     1   --> A''            
     e( 14 - 14) =    -24.07849  eV     1   --> A''            
     e( 15 - 15) =    -24.07839  eV     1   --> A'             
     e( 16 - 16) =    -24.06109  eV     1   --> A'             
     e( 17 - 18) =    -24.05414  eV     2   --> A'             
     e( 17 - 18) =    -24.05414  eV     2   --> A''            
     e( 19 - 19) =    -24.03711  eV     1   --> A'             
     e( 20 - 20) =    -24.03690  eV     1   --> A''            
     e( 21 - 21) =     -6.44009  eV     1   --> A'             
     e( 22 - 22) =     -5.27349  eV     1   --> A''            
     e( 23 - 23) =      1.07189  eV     1   --> A''            
     e( 24 - 24) =      5.20673  eV     1   --> A''            
     e( 25 - 25) =      5.21637  eV     1   --> A'             
     e( 26 - 26) =      5.94294  eV     1   --> A'             
     e( 27 - 27) =      5.99851  eV     1   --> A'             
     e( 28 - 28) =      6.01363  eV     1   --> A''            
     e( 29 - 29) =      8.48457  eV     1   --> A'             
     e( 30 - 30) =      9.32925  eV     1   --> A''            
     e( 31 - 31) =     12.63866  eV     1   --> A'             
     e( 32 - 32) =     12.65221  eV     1   --> A''            
     e( 33 - 33) =     12.93788  eV     1   --> A'             
     e( 34 - 34) =     14.06947  eV     1   --> A''            
     e( 35 - 35) =     14.08167  eV     1   --> A'             
     e( 36 - 36) =     16.01354  eV     1   --> A''            
     e( 37 - 37) =     16.47072  eV     1   --> A'             
     e( 38 - 38) =     16.53073  eV     1   --> A''            
     e( 39 - 39) =     16.64339  eV     1   --> A'             
     e( 40 - 40) =     17.90015  eV     1   --> A'             
     e( 41 - 41) =     18.59840  eV     1   --> A''            
     e( 42 - 42) =     18.60415  eV     1   --> A'             
     e( 43 - 43) =     18.83456  eV     1   --> A''            
     e( 44 - 44) =     21.61552  eV     1   --> A''            
     e( 45 - 45) =     23.45846  eV     1   --> A'             

 **************************************************************************

 **************************************************************************

                    xk=(   0.01732,   0.00000,   0.00000  )

     Band symmetry, C_s (m)     point group:

     e(  1 -  1) =    -39.37263  eV     1   --> A'             
     e(  2 -  2) =    -39.37184  eV     1   --> A''            
     e(  3 -  4) =    -39.37101  eV     2   --> A'             
     e(  3 -  4) =    -39.37101  eV     2   --> A''            
     e(  5 -  6) =    -39.37036  eV     2   --> A'             
     e(  5 -  6) =    -39.37036  eV     2   --> A''            
     e(  7 -  8) =    -39.36503  eV     2   --> A'             
     e(  7 -  8) =    -39.36503  eV     2   --> A''            
     e(  9 - 10) =    -39.36456  eV     2   --> A'             
     e(  9 - 10) =    -39.36456  eV     2   --> A''            
     e( 11 - 11) =    -24.14103  eV     1   --> A''            
     e( 12 - 12) =    -24.12403  eV     1   --> A'             
     e( 13 - 13) =    -24.12377  eV     1   --> A''            
     e( 14 - 14) =    -24.07848  eV     1   --> A''            
     e( 15 - 15) =    -24.07837  eV     1   --> A'             
     e( 16 - 16) =    -24.06107  eV     1   --> A'             
     e( 17 - 18) =    -24.05416  eV     2   --> A'             
     e( 17 - 18) =    -24.05416  eV     2   --> A''            
     e( 19 - 19) =    -24.03713  eV     1   --> A'             
     e( 20 - 20) =    -24.03689  eV     1   --> A''            
     e( 21 - 21) =     -6.43987  eV     1   --> A'             
     e( 22 - 22) =     -5.27335  eV     1   --> A''            
     e( 23 - 23) =      1.07213  eV     1   --> A''            
     e( 24 - 24) =      5.20483  eV     1   --> A''            
     e( 25 - 25) =      5.21589  eV     1   --> A'             
     e( 26 - 26) =      5.94261  eV     1   --> A'             
     e( 27 - 27) =      5.99610  eV     1   --> A'             
     e( 28 - 28) =      6.01342  eV     1   --> A''            
     e( 29 - 29) =      8.48691  eV     1   --> A'             
     e( 30 - 30) =      9.33112  eV     1   --> A''            
     e( 31 - 31) =     12.63727  eV     1   --> A'             
     e( 32 - 32) =     12.65281  eV     1   --> A''            
     e( 33 - 33) =     12.93855  eV     1   --> A'             
     e( 34 - 34) =     14.06865  eV     1   --> A''            
     e( 35 - 35) =     14.08266  eV     1   --> A'             
     e( 36 - 36) =     16.01185  eV     1   --> A''            
     e( 37 - 37) =     16.46407  eV     1   --> A'             
     e( 38 - 38) =     16.52982  eV     1   --> A''            
     e( 39 - 39) =     16.64880  eV     1   --> A'             
     e( 40 - 40) =     17.90365  eV     1   --> A'             
     e( 41 - 41) =     18.59954  eV     1   --> A''            
     e( 42 - 42) =     18.60612  eV     1   --> A'             
     e( 43 - 43) =     18.83816  eV     1   --> A''            
     e( 44 - 44) =     21.61400  eV     1   --> A''            
     e( 45 - 45) =     23.45765  eV     1   --> A'             

 **************************************************************************

 **************************************************************************

                    xk=(   0.01848,   0.00000,   0.00000  )

     Band symmetry, C_s (m)     point group:

     e(  1 -  1) =    -39.37265  eV     1   --> A'             
     e(  2 -  2) =    -39.37191  eV     1   --> A''            
     e(  3 -  4) =    -39.37103  eV     2   --> A'             
     e(  3 -  4) =    -39.37103  eV     2   --> A''            
     e(  5 -  6) =    -39.37039  eV     2   --> A'             
     e(  5 -  6) =    -39.37039  eV     2   --> A''            
     e(  7 -  8) =    -39.36506  eV     2   --> A'             
     e(  7 -  8) =    -39.36506  eV     2   --> A''            
     e(  9 - 10) =    -39.36458  eV     2   --> A'             
     e(  9 - 10) =    -39.36458  eV     2   --> A''            
     e( 11 - 11) =    -24.14106  eV     1   --> A''            
     e( 12 - 12) =    -24.12409  eV     1   --> A'             
     e( 13 - 13) =    -24.12382  eV     1   --> A''            
     e( 14 - 14) =    -24.07849  eV     1   --> A''            
     e( 15 - 15) =    -24.07837  eV     1   --> A'             
     e( 16 - 16) =    -24.06106  eV     1   --> A'             
     e( 17 - 18) =    -24.05419  eV     2   --> A'             
     e( 17 - 18) =    -24.05419  eV     2   --> A''            
     e( 19 - 19) =    -24.03717  eV     1   --> A'             
     e( 20 - 20) =    -24.03694  eV     1   --> A''            
     e( 21 - 21) =     -6.43963  eV     1   --> A'             
     e( 22 - 22) =     -5.27320  eV     1   --> A''            
     e( 23 - 23) =      1.07239  eV     1   --> A''            
     e( 24 - 24) =      5.20280  eV     1   --> A''            
     e( 25 - 25) =      5.21538  eV     1   --> A'             
     e( 26 - 26) =      5.94226  eV     1   --> A'             
     e( 27 - 27) =      5.99354  eV     1   --> A'             
     e( 28 - 28) =      6.01319  eV     1   --> A''            
     e( 29 - 29) =      8.48942  eV     1   --> A'             
     e( 30 - 30) =      9.33313  eV     1   --> A''            
     e( 31 - 31) =     12.63579  eV     1   --> A'             
     e( 32 - 32) =     12.65346  eV     1   --> A''            
     e( 33 - 33) =     12.93928  eV     1   --> A'             
     e( 34 - 34) =     14.06777  eV     1   --> A''            
     e( 35 - 35) =     14.08370  eV     1   --> A'             
     e( 36 - 36) =     16.01005  eV     1   --> A''            
     e( 37 - 37) =     16.45730  eV     1   --> A'             
     e( 38 - 38) =     16.52886  eV     1   --> A''            
     e( 39 - 39) =     16.65428  eV     1   --> A'             
     e( 40 - 40) =     17.90736  eV     1   --> A'             
     e( 41 - 41) =     18.60077  eV     1   --> A''            
     e( 42 - 42) =     18.60824  eV     1   --> A'             
     e( 43 - 43) =     18.84199  eV     1   --> A''            
     e( 44 - 44) =     21.61238  eV     1   --> A''            
     e( 45 - 45) =     23.45678  eV     1   --> A'             

 **************************************************************************

 **************************************************************************

                    xk=(   0.01963,   0.00000,   0.00000  )

     Band symmetry, C_s (m)     point group:

     e(  1 -  1) =    -39.37265  eV     1   --> A'             
     e(  2 -  2) =    -39.37191  eV     1   --> A''            
     e(  3 -  4) =    -39.37103  eV     2   --> A'             
     e(  3 -  4) =    -39.37103  eV     2   --> A''            
     e(  5 -  6) =    -39.37039  eV     2   --> A'             
     e(  5 -  6) =    -39.37039  eV     2   --> A''            
     e(  7 -  8) =    -39.36507  eV     2   --> A'             
     e(  7 -  8) =    -39.36507  eV     2   --> A''            
     e(  9 - 10) =    -39.36458  eV     2   --> A'             
     e(  9 - 10) =    -39.36458  eV     2   --> A''            
     e( 11 - 11) =    -24.14105  eV     1   --> A''            
     e( 12 - 12) =    -24.12413  eV     1   --> A'             
     e( 13 - 13) =    -24.12383  eV     1   --> A''            
     e( 14 - 14) =    -24.07848  eV     1   --> A''            
     e( 15 - 15) =    -24.07835  eV     1   --> A'             
     e( 16 - 16) =    -24.06105  eV     1   --> A'             
     e( 17 - 18) =    -24.05421  eV     2   --> A'             
     e( 17 - 18) =    -24.05421  eV     2   --> A''            
     e( 19 - 19) =    -24.03718  eV     1   --> A'             
     e( 20 - 20) =    -24.03693  eV     1   --> A''            
     e( 21 - 21) =     -6.43938  eV     1   --> A'             
     e( 22 - 22) =     -5.27303  eV     1   --> A''            
     e( 23 - 23) =      1.07266  eV     1   --> A''            
     e( 24 - 24) =      5.20065  eV     1   --> A''            
     e( 25 - 25) =      5.21482  eV     1   --> A'             
     e( 26 - 26) =      5.94187  eV     1   --> A'             
     e( 27 - 27) =      5.99083  eV     1   --> A'             
     e( 28 - 28) =      6.01294  eV     1   --> A''            
     e( 29 - 29) =      8.49208  eV     1   --> A'             
     e( 30 - 30) =      9.33526  eV     1   --> A''            
     e( 31 - 31) =     12.63422  eV     1   --> A'             
     e( 32 - 32) =     12.65414  eV     1   --> A''            
     e( 33 - 33) =     12.94005  eV     1   --> A'             
     e( 34 - 34) =     14.06685  eV     1   --> A''            
     e( 35 - 35) =     14.08482  eV     1   --> A'             
     e( 36 - 36) =     16.00813  eV     1   --> A''            
     e( 37 - 37) =     16.45041  eV     1   --> A'             
     e( 38 - 38) =     16.52785  eV     1   --> A''            
     e( 39 - 39) =     16.65982  eV     1   --> A'             
     e( 40 - 40) =     17.91127  eV     1   --> A'             
     e( 41 - 41) =     18.60210  eV     1   --> A''            
     e( 42 - 42) =     18.61050  eV     1   --> A'             
     e( 43 - 43) =     18.84604  eV     1   --> A''            
     e( 44 - 44) =     21.61066  eV     1   --> A''            
     e( 45 - 45) =     23.45586  eV     1   --> A'             

 **************************************************************************

 **************************************************************************

                    xk=(   0.02078,   0.00000,   0.00000  )

     Band symmetry, C_s (m)     point group:

     e(  1 -  1) =    -39.37265  eV     1   --> A'             
     e(  2 -  2) =    -39.37191  eV     1   --> A''            
     e(  3 -  4) =    -39.37103  eV     2   --> A'             
     e(  3 -  4) =    -39.37103  eV     2   --> A''            
     e(  5 -  6) =    -39.37039  eV     2   --> A'             
     e(  5 -  6) =    -39.37039  eV     2   --> A''            
     e(  7 -  8) =    -39.36507  eV     2   --> A'             
     e(  7 -  8) =    -39.36507  eV     2   --> A''            
     e(  9 - 10) =    -39.36458  eV     2   --> A'             
     e(  9 - 10) =    -39.36458  eV     2   --> A''            
     e( 11 - 11) =    -24.14103  eV     1   --> A''            
     e( 12 - 12) =    -24.12417  eV     1   --> A'             
     e( 13 - 13) =    -24.12384  eV     1   --> A''            
     e( 14 - 14) =    -24.07847  eV     1   --> A''            
     e( 15 - 15) =    -24.07832  eV     1   --> A'             
     e( 16 - 16) =    -24.06102  eV     1   --> A'             
     e( 17 - 18) =    -24.05422  eV     2   --> A'             
     e( 17 - 18) =    -24.05422  eV     2   --> A''            
     e( 19 - 19) =    -24.03720  eV     1   --> A'             
     e( 20 - 20) =    -24.03692  eV     1   --> A''            
     e( 21 - 21) =     -6.43911  eV     1   --> A'             
     e( 22 - 22) =     -5.27286  eV     1   --> A''            
     e( 23 - 23) =      1.07295  eV     1   --> A''            
     e( 24 - 24) =      5.19837  eV     1   --> A''            
     e( 25 - 25) =      5.21424  eV     1   --> A'             
     e( 26 - 26) =      5.94145  eV     1   --> A'             
     e( 27 - 27) =      5.98799  eV     1   --> A'             
     e( 28 - 28) =      6.01268  eV     1   --> A''            
     e( 29 - 29) =      8.49489  eV     1   --> A'             
     e( 30 - 30) =      9.33751  eV     1   --> A''            
     e( 31 - 31) =     12.63256  eV     1   --> A'             
     e( 32 - 32) =     12.65486  eV     1   --> A''            
     e( 33 - 33) =     12.94086  eV     1   --> A'             
     e( 34 - 34) =     14.06587  eV     1   --> A''            
     e( 35 - 35) =     14.08601  eV     1   --> A'             
     e( 36 - 36) =     16.00609  eV     1   --> A''            
     e( 37 - 37) =     16.44339  eV     1   --> A'             
     e( 38 - 38) =     16.52679  eV     1   --> A''            
     e( 39 - 39) =     16.66544  eV     1   --> A'             
     e( 40 - 40) =     17.91538  eV     1   --> A'             
     e( 41 - 41) =     18.60351  eV     1   --> A''            
     e( 42 - 42) =     18.61292  eV     1   --> A'             
     e( 43 - 43) =     18.85032  eV     1   --> A''            
     e( 44 - 44) =     21.60885  eV     1   --> A''            
     e( 45 - 45) =     23.45489  eV     1   --> A'             

 **************************************************************************

 **************************************************************************

                    xk=(   0.02194,   0.00000,   0.00000  )

     Band symmetry, C_s (m)     point group:

     e(  1 -  1) =    -39.37265  eV     1   --> A'             
     e(  2 -  2) =    -39.37191  eV     1   --> A''            
     e(  3 -  4) =    -39.37103  eV     2   --> A'             
     e(  3 -  4) =    -39.37103  eV     2   --> A''            
     e(  5 -  6) =    -39.37039  eV     2   --> A'             
     e(  5 -  6) =    -39.37039  eV     2   --> A''            
     e(  7 -  8) =    -39.36507  eV     2   --> A'             
     e(  7 -  8) =    -39.36507  eV     2   --> A''            
     e(  9 - 10) =    -39.36458  eV     2   --> A'             
     e(  9 - 10) =    -39.36458  eV     2   --> A''            
     e( 11 - 11) =    -24.14101  eV     1   --> A''            
     e( 12 - 12) =    -24.12422  eV     1   --> A'             
     e( 13 - 13) =    -24.12385  eV     1   --> A''            
     e( 14 - 14) =    -24.07846  eV     1   --> A''            
     e( 15 - 15) =    -24.07830  eV     1   --> A'             
     e( 16 - 16) =    -24.06100  eV     1   --> A'             
     e( 17 - 18) =    -24.05424  eV     2   --> A'             
     e( 17 - 18) =    -24.05424  eV     2   --> A''            
     e( 19 - 19) =    -24.03722  eV     1   --> A'             
     e( 20 - 20) =    -24.03691  eV     1   --> A''            
     e( 21 - 21) =     -6.43883  eV     1   --> A'             
     e( 22 - 22) =     -5.27268  eV     1   --> A''            
     e( 23 - 23) =      1.07325  eV     1   --> A''            
     e( 24 - 24) =      5.19596  eV     1   --> A''            
     e( 25 - 25) =      5.21362  eV     1   --> A'             
     e( 26 - 26) =      5.94098  eV     1   --> A'             
     e( 27 - 27) =      5.98500  eV     1   --> A'             
     e( 28 - 28) =      6.01240  eV     1   --> A''            
     e( 29 - 29) =      8.49785  eV     1   --> A'             
     e( 30 - 30) =      9.33989  eV     1   --> A''            
     e( 31 - 31) =     12.63081  eV     1   --> A'             
     e( 32 - 32) =     12.65563  eV     1   --> A''            
     e( 33 - 33) =     12.94172  eV     1   --> A'             
     e( 34 - 34) =     14.06484  eV     1   --> A''            
     e( 35 - 35) =     14.08726  eV     1   --> A'             
     e( 36 - 36) =     16.00393  eV     1   --> A''            
     e( 37 - 37) =     16.43626  eV     1   --> A'             
     e( 38 - 38) =     16.52569  eV     1   --> A''            
     e( 39 - 39) =     16.67111  eV     1   --> A'             
     e( 40 - 40) =     17.91967  eV     1   --> A'             
     e( 41 - 41) =     18.60503  eV     1   --> A''            
     e( 42 - 42) =     18.61548  eV     1   --> A'             
     e( 43 - 43) =     18.85480  eV     1   --> A''            
     e( 44 - 44) =     21.60694  eV     1   --> A''            
     e( 45 - 45) =     23.45386  eV     1   --> A'             

 **************************************************************************

 **************************************************************************

                    xk=(   0.02309,   0.00000,   0.00000  )

     Band symmetry, C_s (m)     point group:

     e(  1 -  1) =    -39.37265  eV     1   --> A'             
     e(  2 -  2) =    -39.37191  eV     1   --> A''            
     e(  3 -  4) =    -39.37103  eV     2   --> A'             
     e(  3 -  4) =    -39.37103  eV     2   --> A''            
     e(  5 -  6) =    -39.37039  eV     2   --> A'             
     e(  5 -  6) =    -39.37039  eV     2   --> A''            
     e(  7 -  8) =    -39.36507  eV     2   --> A'             
     e(  7 -  8) =    -39.36507  eV     2   --> A''            
     e(  9 - 10) =    -39.36458  eV     2   --> A'             
     e(  9 - 10) =    -39.36458  eV     2   --> A''            
     e( 11 - 11) =    -24.14100  eV     1   --> A''            
     e( 12 - 12) =    -24.12426  eV     1   --> A'             
     e( 13 - 13) =    -24.12386  eV     1   --> A''            
     e( 14 - 14) =    -24.07845  eV     1   --> A''            
     e( 15 - 15) =    -24.07827  eV     1   --> A'             
     e( 16 - 16) =    -24.06098  eV     1   --> A'             
     e( 17 - 17) =    -24.05427  eV     1   --> A''            
     e( 18 - 18) =    -24.05417  eV     1   --> A'             
     e( 19 - 19) =    -24.03724  eV     1   --> A'             
     e( 20 - 20) =    -24.03689  eV     1   --> A''            
     e( 21 - 21) =     -6.43853  eV     1   --> A'             
     e( 22 - 22) =     -5.27249  eV     1   --> A''            
     e( 23 - 23) =      1.07357  eV     1   --> A''            
     e( 24 - 24) =      5.19343  eV     1   --> A''            
     e( 25 - 25) =      5.21296  eV     1   --> A'             
     e( 26 - 26) =      5.94046  eV     1   --> A'             
     e( 27 - 27) =      5.98190  eV     1   --> A'             
     e( 28 - 28) =      6.01210  eV     1   --> A''            
     e( 29 - 29) =      8.50096  eV     1   --> A'             
     e( 30 - 30) =      9.34240  eV     1   --> A''            
     e( 31 - 31) =     12.62897  eV     1   --> A'             
     e( 32 - 32) =     12.65643  eV     1   --> A''            
     e( 33 - 33) =     12.94262  eV     1   --> A'             
     e( 34 - 34) =     14.06376  eV     1   --> A''            
     e( 35 - 35) =     14.08858  eV     1   --> A'             
     e( 36 - 36) =     16.00164  eV     1   --> A''            
     e( 37 - 37) =     16.42902  eV     1   --> A'             
     e( 38 - 38) =     16.52453  eV     1   --> A''            
     e( 39 - 39) =     16.67686  eV     1   --> A'             
     e( 40 - 40) =     17.92415  eV     1   --> A'             
     e( 41 - 41) =     18.60664  eV     1   --> A''            
     e( 42 - 42) =     18.61819  eV     1   --> A'             
     e( 43 - 43) =     18.85950  eV     1   --> A''            
     e( 44 - 44) =     21.60494  eV     1   --> A''            
     e( 45 - 45) =     23.45277  eV     1   --> A'             

 **************************************************************************

 **************************************************************************

                    xk=(   0.02425,   0.00000,   0.00000  )

     Band symmetry, C_s (m)     point group:

     e(  1 -  1) =    -39.37268  eV     1   --> A'             
     e(  2 -  2) =    -39.37198  eV     1   --> A''            
     e(  3 -  4) =    -39.37107  eV     2   --> A'             
     e(  3 -  4) =    -39.37107  eV     2   --> A''            
     e(  5 -  5) =    -39.37049  eV     1   --> A'             
     e(  6 -  6) =    -39.37038  eV     1   --> A''            
     e(  7 -  7) =    -39.36518  eV     1   --> A'             
     e(  8 -  8) =    -39.36506  eV     1   --> A''            
     e(  9 - 10) =    -39.36462  eV     2   --> A'             
     e(  9 - 10) =    -39.36462  eV     2   --> A''            
     e( 11 - 11) =    -24.14103  eV     1   --> A''            
     e( 12 - 12) =    -24.12439  eV     1   --> A'             
     e( 13 - 13) =    -24.12387  eV     1   --> A''            
     e( 14 - 14) =    -24.07847  eV     1   --> A''            
     e( 15 - 15) =    -24.07825  eV     1   --> A'             
     e( 16 - 16) =    -24.06097  eV     1   --> A'             
     e( 17 - 17) =    -24.05431  eV     1   --> A''            
     e( 18 - 18) =    -24.05418  eV     1   --> A'             
     e( 19 - 19) =    -24.03734  eV     1   --> A'             
     e( 20 - 20) =    -24.03688  eV     1   --> A''            
     e( 21 - 21) =     -6.43821  eV     1   --> A'             
     e( 22 - 22) =     -5.27229  eV     1   --> A''            
     e( 23 - 23) =      1.07391  eV     1   --> A''            
     e( 24 - 24) =      5.19078  eV     1   --> A''            
     e( 25 - 25) =      5.21227  eV     1   --> A'             
     e( 26 - 26) =      5.93989  eV     1   --> A'             
     e( 27 - 27) =      5.97867  eV     1   --> A'             
     e( 28 - 28) =      6.01179  eV     1   --> A''            
     e( 29 - 29) =      8.50422  eV     1   --> A'             
     e( 30 - 30) =      9.34503  eV     1   --> A''            
     e( 31 - 31) =     12.62704  eV     1   --> A'             
     e( 32 - 32) =     12.65728  eV     1   --> A''            
     e( 33 - 33) =     12.94356  eV     1   --> A'             
     e( 34 - 34) =     14.06261  eV     1   --> A''            
     e( 35 - 35) =     14.08997  eV     1   --> A'             
     e( 36 - 36) =     15.99924  eV     1   --> A''            
     e( 37 - 37) =     16.42166  eV     1   --> A'             
     e( 38 - 38) =     16.52334  eV     1   --> A''            
     e( 39 - 39) =     16.68269  eV     1   --> A'             
     e( 40 - 40) =     17.92880  eV     1   --> A'             
     e( 41 - 41) =     18.60834  eV     1   --> A''            
     e( 42 - 42) =     18.62106  eV     1   --> A'             
     e( 43 - 43) =     18.86441  eV     1   --> A''            
     e( 44 - 44) =     21.60285  eV     1   --> A''            
     e( 45 - 45) =     23.45163  eV     1   --> A'             

 **************************************************************************

 **************************************************************************

                    xk=(   0.02540,   0.00000,   0.00000  )

     Band symmetry, C_s (m)     point group:

     e(  1 -  1) =    -39.37268  eV     1   --> A'             
     e(  2 -  2) =    -39.37197  eV     1   --> A''            
     e(  3 -  4) =    -39.37102  eV     2   --> A'             
     e(  3 -  4) =    -39.37102  eV     2   --> A''            
     e(  5 -  5) =    -39.37047  eV     1   --> A'             
     e(  6 -  6) =    -39.37033  eV     1   --> A''            
     e(  7 -  7) =    -39.36516  eV     1   --> A'             
     e(  8 -  8) =    -39.36499  eV     1   --> A''            
     e(  9 - 10) =    -39.36456  eV     2   --> A'             
     e(  9 - 10) =    -39.36456  eV     2   --> A''            
     e( 11 - 11) =    -24.14100  eV     1   --> A''            
     e( 12 - 12) =    -24.12443  eV     1   --> A'             
     e( 13 - 13) =    -24.12384  eV     1   --> A''            
     e( 14 - 14) =    -24.07836  eV     1   --> A''            
     e( 15 - 15) =    -24.07822  eV     1   --> A'             
     e( 16 - 16) =    -24.06094  eV     1   --> A'             
     e( 17 - 18) =    -24.05428  eV     2   --> A'             
     e( 17 - 18) =    -24.05428  eV     2   --> A''            
     e( 19 - 19) =    -24.03734  eV     1   --> A'             
     e( 20 - 20) =    -24.03681  eV     1   --> A''            
     e( 21 - 21) =     -6.43788  eV     1   --> A'             
     e( 22 - 22) =     -5.27208  eV     1   --> A''            
     e( 23 - 23) =      1.07427  eV     1   --> A''            
     e( 24 - 24) =      5.18800  eV     1   --> A''            
     e( 25 - 25) =      5.21155  eV     1   --> A'             
     e( 26 - 26) =      5.93924  eV     1   --> A'             
     e( 27 - 27) =      5.97534  eV     1   --> A'             
     e( 28 - 28) =      6.01146  eV     1   --> A''            
     e( 29 - 29) =      8.50763  eV     1   --> A'             
     e( 30 - 30) =      9.34778  eV     1   --> A''            
     e( 31 - 31) =     12.62503  eV     1   --> A'             
     e( 32 - 32) =     12.65817  eV     1   --> A''            
     e( 33 - 33) =     12.94455  eV     1   --> A'             
     e( 34 - 34) =     14.06142  eV     1   --> A''            
     e( 35 - 35) =     14.09142  eV     1   --> A'             
     e( 36 - 36) =     15.99672  eV     1   --> A''            
     e( 37 - 37) =     16.41419  eV     1   --> A'             
     e( 38 - 38) =     16.52211  eV     1   --> A''            
     e( 39 - 39) =     16.68859  eV     1   --> A'             
     e( 40 - 40) =     17.93361  eV     1   --> A'             
     e( 41 - 41) =     18.61015  eV     1   --> A''            
     e( 42 - 42) =     18.62408  eV     1   --> A'             
     e( 43 - 43) =     18.86952  eV     1   --> A''            
     e( 44 - 44) =     21.60067  eV     1   --> A''            
     e( 45 - 45) =     23.45043  eV     1   --> A'             

 **************************************************************************

 **************************************************************************

                    xk=(   0.02656,   0.00000,   0.00000  )

     Band symmetry, C_s (m)     point group:

     e(  1 -  1) =    -39.37268  eV     1   --> A'             
     e(  2 -  2) =    -39.37197  eV     1   --> A''            
     e(  3 -  4) =    -39.37102  eV     2   --> A'             
     e(  3 -  4) =    -39.37102  eV     2   --> A''            
     e(  5 -  5) =    -39.37047  eV     1   --> A'             
     e(  6 -  6) =    -39.37033  eV     1   --> A''            
     e(  7 -  7) =    -39.36516  eV     1   --> A'             
     e(  8 -  8) =    -39.36499  eV     1   --> A''            
     e(  9 - 10) =    -39.36456  eV     2   --> A'             
     e(  9 - 10) =    -39.36456  eV     2   --> A''            
     e( 11 - 11) =    -24.14098  eV     1   --> A''            
     e( 12 - 12) =    -24.12448  eV     1   --> A'             
     e( 13 - 13) =    -24.12385  eV     1   --> A''            
     e( 14 - 14) =    -24.07834  eV     1   --> A''            
     e( 15 - 15) =    -24.07819  eV     1   --> A'             
     e( 16 - 16) =    -24.06091  eV     1   --> A'             
     e( 17 - 18) =    -24.05431  eV     2   --> A'             
     e( 17 - 18) =    -24.05431  eV     2   --> A''            
     e( 19 - 19) =    -24.03736  eV     1   --> A'             
     e( 20 - 20) =    -24.03680  eV     1   --> A''            
     e( 21 - 21) =     -6.43754  eV     1   --> A'             
     e( 22 - 22) =     -5.27186  eV     1   --> A''            
     e( 23 - 23) =      1.07464  eV     1   --> A''            
     e( 24 - 24) =      5.18510  eV     1   --> A''            
     e( 25 - 25) =      5.21079  eV     1   --> A'             
     e( 26 - 26) =      5.93851  eV     1   --> A'             
     e( 27 - 27) =      5.97192  eV     1   --> A'             
     e( 28 - 28) =      6.01112  eV     1   --> A''            
     e( 29 - 29) =      8.51119  eV     1   --> A'             
     e( 30 - 30) =      9.35065  eV     1   --> A''            
     e( 31 - 31) =     12.62293  eV     1   --> A'             
     e( 32 - 32) =     12.65910  eV     1   --> A''            
     e( 33 - 33) =     12.94559  eV     1   --> A'             
     e( 34 - 34) =     14.06018  eV     1   --> A''            
     e( 35 - 35) =     14.09294  eV     1   --> A'             
     e( 36 - 36) =     15.99408  eV     1   --> A''            
     e( 37 - 37) =     16.40662  eV     1   --> A'             
     e( 38 - 38) =     16.52083  eV     1   --> A''            
     e( 39 - 39) =     16.69457  eV     1   --> A'             
     e( 40 - 40) =     17.93858  eV     1   --> A'             
     e( 41 - 41) =     18.61206  eV     1   --> A''            
     e( 42 - 42) =     18.62726  eV     1   --> A'             
     e( 43 - 43) =     18.87483  eV     1   --> A''            
     e( 44 - 44) =     21.59840  eV     1   --> A''            
     e( 45 - 45) =     23.44918  eV     1   --> A'             

 **************************************************************************

 **************************************************************************

                    xk=(   0.02771,   0.00000,   0.00000  )

     Band symmetry, C_s (m)     point group:

     e(  1 -  1) =    -39.37268  eV     1   --> A'             
     e(  2 -  2) =    -39.37197  eV     1   --> A''            
     e(  3 -  4) =    -39.37102  eV     2   --> A'             
     e(  3 -  4) =    -39.37102  eV     2   --> A''            
     e(  5 -  5) =    -39.37047  eV     1   --> A'             
     e(  6 -  6) =    -39.37033  eV     1   --> A''            
     e(  7 -  7) =    -39.36516  eV     1   --> A'             
     e(  8 -  8) =    -39.36499  eV     1   --> A''            
     e(  9 - 10) =    -39.36456  eV     2   --> A'             
     e(  9 - 10) =    -39.36456  eV     2   --> A''            
     e( 11 - 11) =    -24.14096  eV     1   --> A''            
     e( 12 - 12) =    -24.12454  eV     1   --> A'             
     e( 13 - 13) =    -24.12386  eV     1   --> A''            
     e( 14 - 14) =    -24.07833  eV     1   --> A''            
     e( 15 - 15) =    -24.07816  eV     1   --> A'             
     e( 16 - 16) =    -24.06089  eV     1   --> A'             
     e( 17 - 17) =    -24.05433  eV     1   --> A''            
     e( 18 - 18) =    -24.05423  eV     1   --> A'             
     e( 19 - 19) =    -24.03739  eV     1   --> A'             
     e( 20 - 20) =    -24.03678  eV     1   --> A''            
     e( 21 - 21) =     -6.43718  eV     1   --> A'             
     e( 22 - 22) =     -5.27163  eV     1   --> A''            
     e( 23 - 23) =      1.07502  eV     1   --> A''            
     e( 24 - 24) =      5.18207  eV     1   --> A''            
     e( 25 - 25) =      5.21000  eV     1   --> A'             
     e( 26 - 26) =      5.93767  eV     1   --> A'             
     e( 27 - 27) =      5.96845  eV     1   --> A'             
     e( 28 - 28) =      6.01076  eV     1   --> A''            
     e( 29 - 29) =      8.51489  eV     1   --> A'             
     e( 30 - 30) =      9.35365  eV     1   --> A''            
     e( 31 - 31) =     12.62074  eV     1   --> A'             
     e( 32 - 32) =     12.66006  eV     1   --> A''            
     e( 33 - 33) =     12.94666  eV     1   --> A'             
     e( 34 - 34) =     14.05889  eV     1   --> A''            
     e( 35 - 35) =     14.09453  eV     1   --> A'             
     e( 36 - 36) =     15.99132  eV     1   --> A''            
     e( 37 - 37) =     16.39893  eV     1   --> A'             
     e( 38 - 38) =     16.51952  eV     1   --> A''            
     e( 39 - 39) =     16.70063  eV     1   --> A'             
     e( 40 - 40) =     17.94371  eV     1   --> A'             
     e( 41 - 41) =     18.61407  eV     1   --> A''            
     e( 42 - 42) =     18.63060  eV     1   --> A'             
     e( 43 - 43) =     18.88034  eV     1   --> A''            
     e( 44 - 44) =     21.59604  eV     1   --> A''            
     e( 45 - 45) =     23.44787  eV     1   --> A'             

 **************************************************************************

 **************************************************************************

                    xk=(   0.02887,   0.00000,   0.00000  )

     Band symmetry, C_s (m)     point group:

     e(  1 -  1) =    -39.37268  eV     1   --> A'             
     e(  2 -  2) =    -39.37197  eV     1   --> A''            
     e(  3 -  4) =    -39.37102  eV     2   --> A'             
     e(  3 -  4) =    -39.37102  eV     2   --> A''            
     e(  5 -  5) =    -39.37047  eV     1   --> A'             
     e(  6 -  6) =    -39.37033  eV     1   --> A''            
     e(  7 -  7) =    -39.36516  eV     1   --> A'             
     e(  8 -  8) =    -39.36499  eV     1   --> A''            
     e(  9 - 10) =    -39.36456  eV     2   --> A'             
     e(  9 - 10) =    -39.36456  eV     2   --> A''            
     e( 11 - 11) =    -24.14094  eV     1   --> A''            
     e( 12 - 12) =    -24.12459  eV     1   --> A'             
     e( 13 - 13) =    -24.12387  eV     1   --> A''            
     e( 14 - 14) =    -24.07832  eV     1   --> A''            
     e( 15 - 15) =    -24.07813  eV     1   --> A'             
     e( 16 - 16) =    -24.06086  eV     1   --> A'             
     e( 17 - 17) =    -24.05436  eV     1   --> A''            
     e( 18 - 18) =    -24.05425  eV     1   --> A'             
     e( 19 - 19) =    -24.03741  eV     1   --> A'             
     e( 20 - 20) =    -24.03677  eV     1   --> A''            
     e( 21 - 21) =     -6.43680  eV     1   --> A'             
     e( 22 - 22) =     -5.27140  eV     1   --> A''            
     e( 23 - 23) =      1.07543  eV     1   --> A''            
     e( 24 - 24) =      5.17892  eV     1   --> A''            
     e( 25 - 25) =      5.20918  eV     1   --> A'             
     e( 26 - 26) =      5.93669  eV     1   --> A'             
     e( 27 - 27) =      5.96495  eV     1   --> A'             
     e( 28 - 28) =      6.01039  eV     1   --> A''            
     e( 29 - 29) =      8.51873  eV     1   --> A'             
     e( 30 - 30) =      9.35677  eV     1   --> A''            
     e( 31 - 31) =     12.61847  eV     1   --> A'             
     e( 32 - 32) =     12.66107  eV     1   --> A''            
     e( 33 - 33) =     12.94778  eV     1   --> A'             
     e( 34 - 34) =     14.05754  eV     1   --> A''            
     e( 35 - 35) =     14.09619  eV     1   --> A'             
     e( 36 - 36) =     15.98843  eV     1   --> A''            
     e( 37 - 37) =     16.39114  eV     1   --> A'             
     e( 38 - 38) =     16.51818  eV     1   --> A''            
     e( 39 - 39) =     16.70678  eV     1   --> A'             
     e( 40 - 40) =     17.94898  eV     1   --> A'             
     e( 41 - 41) =     18.61618  eV     1   --> A''            
     e( 42 - 42) =     18.63410  eV     1   --> A'             
     e( 43 - 43) =     18.88603  eV     1   --> A''            
     e( 44 - 44) =     21.59360  eV     1   --> A''            
     e( 45 - 45) =     23.44650  eV     1   --> A'             

 **************************************************************************

 **************************************************************************

                    xk=(   0.03002,   0.00000,   0.00000  )

     Band symmetry, C_s (m)     point group:

     e(  1 -  1) =    -39.37266  eV     1   --> A'             
     e(  2 -  2) =    -39.37208  eV     1   --> A''            
     e(  3 -  4) =    -39.37102  eV     2   --> A'             
     e(  3 -  4) =    -39.37102  eV     2   --> A''            
     e(  5 -  6) =    -39.37040  eV     2   --> A'             
     e(  5 -  6) =    -39.37040  eV     2   --> A''            
     e(  7 -  8) =    -39.36508  eV     2   --> A'             
     e(  7 -  8) =    -39.36508  eV     2   --> A''            
     e(  9 - 10) =    -39.36455  eV     2   --> A'             
     e(  9 - 10) =    -39.36455  eV     2   --> A''            
     e( 11 - 11) =    -24.14098  eV     1   --> A''            
     e( 12 - 12) =    -24.12462  eV     1   --> A'             
     e( 13 - 13) =    -24.12389  eV     1   --> A''            
     e( 14 - 14) =    -24.07835  eV     1   --> A''            
     e( 15 - 15) =    -24.07809  eV     1   --> A'             
     e( 16 - 16) =    -24.06081  eV     1   --> A'             
     e( 17 - 17) =    -24.05440  eV     1   --> A''            
     e( 18 - 18) =    -24.05425  eV     1   --> A'             
     e( 19 - 19) =    -24.03738  eV     1   --> A'             
     e( 20 - 20) =    -24.03676  eV     1   --> A''            
     e( 21 - 21) =     -6.43641  eV     1   --> A'             
     e( 22 - 22) =     -5.27115  eV     1   --> A''            
     e( 23 - 23) =      1.07585  eV     1   --> A''            
     e( 24 - 24) =      5.17565  eV     1   --> A''            
     e( 25 - 25) =      5.20832  eV     1   --> A'             
     e( 26 - 26) =      5.93552  eV     1   --> A'             
     e( 27 - 27) =      5.96146  eV     1   --> A'             
     e( 28 - 28) =      6.00999  eV     1   --> A''            
     e( 29 - 29) =      8.52272  eV     1   --> A'             
     e( 30 - 30) =      9.36000  eV     1   --> A''            
     e( 31 - 31) =     12.61612  eV     1   --> A'             
     e( 32 - 32) =     12.66212  eV     1   --> A''            
     e( 33 - 33) =     12.94894  eV     1   --> A'             
     e( 34 - 34) =     14.05615  eV     1   --> A''            
     e( 35 - 35) =     14.09791  eV     1   --> A'             
     e( 36 - 36) =     15.98542  eV     1   --> A''            
     e( 37 - 37) =     16.38327  eV     1   --> A'             
     e( 38 - 38) =     16.51681  eV     1   --> A''            
     e( 39 - 39) =     16.71302  eV     1   --> A'             
     e( 40 - 40) =     17.95438  eV     1   --> A'             
     e( 41 - 41) =     18.61840  eV     1   --> A''            
     e( 42 - 42) =     18.63777  eV     1   --> A'             
     e( 43 - 43) =     18.89192  eV     1   --> A''            
     e( 44 - 44) =     21.59108  eV     1   --> A''            
     e( 45 - 45) =     23.44508  eV     1   --> A'             

 **************************************************************************

 **************************************************************************

                    xk=(   0.03118,   0.00000,   0.00000  )

     Band symmetry, C_s (m)     point group:

     e(  1 -  1) =    -39.37267  eV     1   --> A'             
     e(  2 -  2) =    -39.37208  eV     1   --> A''            
     e(  3 -  4) =    -39.37102  eV     2   --> A'             
     e(  3 -  4) =    -39.37102  eV     2   --> A''            
     e(  5 -  6) =    -39.37040  eV     2   --> A'             
     e(  5 -  6) =    -39.37040  eV     2   --> A''            
     e(  7 -  8) =    -39.36508  eV     2   --> A'             
     e(  7 -  8) =    -39.36508  eV     2   --> A''            
     e(  9 - 10) =    -39.36455  eV     2   --> A'             
     e(  9 - 10) =    -39.36455  eV     2   --> A''            
     e( 11 - 11) =    -24.14096  eV     1   --> A''            
     e( 12 - 12) =    -24.12468  eV     1   --> A'             
     e( 13 - 13) =    -24.12390  eV     1   --> A''            
     e( 14 - 14) =    -24.07834  eV     1   --> A''            
     e( 15 - 15) =    -24.07806  eV     1   --> A'             
     e( 16 - 16) =    -24.06077  eV     1   --> A'             
     e( 17 - 17) =    -24.05442  eV     1   --> A''            
     e( 18 - 18) =    -24.05427  eV     1   --> A'             
     e( 19 - 19) =    -24.03741  eV     1   --> A'             
     e( 20 - 20) =    -24.03674  eV     1   --> A''            
     e( 21 - 21) =     -6.43600  eV     1   --> A'             
     e( 22 - 22) =     -5.27089  eV     1   --> A''            
     e( 23 - 23) =      1.07628  eV     1   --> A''            
     e( 24 - 24) =      5.17226  eV     1   --> A''            
     e( 25 - 25) =      5.20742  eV     1   --> A'             
     e( 26 - 26) =      5.93410  eV     1   --> A'             
     e( 27 - 27) =      5.95807  eV     1   --> A'             
     e( 28 - 28) =      6.00958  eV     1   --> A''            
     e( 29 - 29) =      8.52684  eV     1   --> A'             
     e( 30 - 30) =      9.36336  eV     1   --> A''            
     e( 31 - 31) =     12.61369  eV     1   --> A'             
     e( 32 - 32) =     12.66321  eV     1   --> A''            
     e( 33 - 33) =     12.95014  eV     1   --> A'             
     e( 34 - 34) =     14.05471  eV     1   --> A''            
     e( 35 - 35) =     14.09970  eV     1   --> A'             
     e( 36 - 36) =     15.98229  eV     1   --> A''            
     e( 37 - 37) =     16.37527  eV     1   --> A'             
     e( 38 - 38) =     16.51541  eV     1   --> A''            
     e( 39 - 39) =     16.71934  eV     1   --> A'             
     e( 40 - 40) =     17.95991  eV     1   --> A'             
     e( 41 - 41) =     18.62072  eV     1   --> A''            
     e( 42 - 42) =     18.64160  eV     1   --> A'             
     e( 43 - 43) =     18.89799  eV     1   --> A''            
     e( 44 - 44) =     21.58847  eV     1   --> A''            
     e( 45 - 45) =     23.44361  eV     1   --> A'             

 **************************************************************************

 **************************************************************************

                    xk=(   0.03233,   0.00000,   0.00000  )

     Band symmetry, C_s (m)     point group:

     e(  1 -  1) =    -39.37267  eV     1   --> A'             
     e(  2 -  2) =    -39.37208  eV     1   --> A''            
     e(  3 -  4) =    -39.37102  eV     2   --> A'             
     e(  3 -  4) =    -39.37102  eV     2   --> A''            
     e(  5 -  6) =    -39.37040  eV     2   --> A'             
     e(  5 -  6) =    -39.37040  eV     2   --> A''            
     e(  7 -  8) =    -39.36508  eV     2   --> A'             
     e(  7 -  8) =    -39.36508  eV     2   --> A''            
     e(  9 - 10) =    -39.36455  eV     2   --> A'             
     e(  9 - 10) =    -39.36455  eV     2   --> A''            
     e( 11 - 11) =    -24.14093  eV     1   --> A''            
     e( 12 - 12) =    -24.12475  eV     1   --> A'             
     e( 13 - 13) =    -24.12391  eV     1   --> A''            
     e( 14 - 14) =    -24.07832  eV     1   --> A''            
     e( 15 - 15) =    -24.07802  eV     1   --> A'             
     e( 16 - 16) =    -24.06074  eV     1   --> A'             
     e( 17 - 17) =    -24.05445  eV     1   --> A''            
     e( 18 - 18) =    -24.05429  eV     1   --> A'             
     e( 19 - 19) =    -24.03743  eV     1   --> A'             
     e( 20 - 20) =    -24.03672  eV     1   --> A''            
     e( 21 - 21) =     -6.43558  eV     1   --> A'             
     e( 22 - 22) =     -5.27062  eV     1   --> A''            
     e( 23 - 23) =      1.07673  eV     1   --> A''            
     e( 24 - 24) =      5.16875  eV     1   --> A''            
     e( 25 - 25) =      5.20649  eV     1   --> A'             
     e( 26 - 26) =      5.93234  eV     1   --> A'             
     e( 27 - 27) =      5.95485  eV     1   --> A'             
     e( 28 - 28) =      6.00916  eV     1   --> A''            
     e( 29 - 29) =      8.53110  eV     1   --> A'             
     e( 30 - 30) =      9.36683  eV     1   --> A''            
     e( 31 - 31) =     12.61117  eV     1   --> A'             
     e( 32 - 32) =     12.66434  eV     1   --> A''            
     e( 33 - 33) =     12.95139  eV     1   --> A'             
     e( 34 - 34) =     14.05322  eV     1   --> A''            
     e( 35 - 35) =     14.10155  eV     1   --> A'             
     e( 36 - 36) =     15.97904  eV     1   --> A''            
     e( 37 - 37) =     16.36719  eV     1   --> A'             
     e( 38 - 38) =     16.51398  eV     1   --> A''            
     e( 39 - 39) =     16.72576  eV     1   --> A'             
     e( 40 - 40) =     17.96556  eV     1   --> A'             
     e( 41 - 41) =     18.62315  eV     1   --> A''            
     e( 42 - 42) =     18.64560  eV     1   --> A'             
     e( 43 - 43) =     18.90425  eV     1   --> A''            
     e( 44 - 44) =     21.58579  eV     1   --> A''            
     e( 45 - 45) =     23.44208  eV     1   --> A'             

 **************************************************************************

 **************************************************************************

                    xk=(   0.03349,   0.00000,   0.00000  )

     Band symmetry, C_s (m)     point group:

     e(  1 -  1) =    -39.37267  eV     1   --> A'             
     e(  2 -  2) =    -39.37208  eV     1   --> A''            
     e(  3 -  4) =    -39.37102  eV     2   --> A'             
     e(  3 -  4) =    -39.37102  eV     2   --> A''            
     e(  5 -  6) =    -39.37040  eV     2   --> A'             
     e(  5 -  6) =    -39.37040  eV     2   --> A''            
     e(  7 -  8) =    -39.36508  eV     2   --> A'             
     e(  7 -  8) =    -39.36508  eV     2   --> A''            
     e(  9 - 10) =    -39.36455  eV     2   --> A'             
     e(  9 - 10) =    -39.36455  eV     2   --> A''            
     e( 11 - 11) =    -24.14091  eV     1   --> A''            
     e( 12 - 12) =    -24.12482  eV     1   --> A'             
     e( 13 - 13) =    -24.12392  eV     1   --> A''            
     e( 14 - 14) =    -24.07831  eV     1   --> A''            
     e( 15 - 15) =    -24.07799  eV     1   --> A'             
     e( 16 - 16) =    -24.06071  eV     1   --> A'             
     e( 17 - 17) =    -24.05448  eV     1   --> A''            
     e( 18 - 18) =    -24.05431  eV     1   --> A'             
     e( 19 - 19) =    -24.03746  eV     1   --> A'             
     e( 20 - 20) =    -24.03671  eV     1   --> A''            
     e( 21 - 21) =     -6.43514  eV     1   --> A'             
     e( 22 - 22) =     -5.27034  eV     1   --> A''            
     e( 23 - 23) =      1.07720  eV     1   --> A''            
     e( 24 - 24) =      5.16512  eV     1   --> A''            
     e( 25 - 25) =      5.20552  eV     1   --> A'             
     e( 26 - 26) =      5.93017  eV     1   --> A'             
     e( 27 - 27) =      5.95188  eV     1   --> A'             
     e( 28 - 28) =      6.00871  eV     1   --> A''            
     e( 29 - 29) =      8.53550  eV     1   --> A'             
     e( 30 - 30) =      9.37042  eV     1   --> A''            
     e( 31 - 31) =     12.60858  eV     1   --> A'             
     e( 32 - 32) =     12.66551  eV     1   --> A''            
     e( 33 - 33) =     12.95267  eV     1   --> A'             
     e( 34 - 34) =     14.05167  eV     1   --> A''            
     e( 35 - 35) =     14.10347  eV     1   --> A'             
     e( 36 - 36) =     15.97567  eV     1   --> A''            
     e( 37 - 37) =     16.35900  eV     1   --> A'             
     e( 38 - 38) =     16.51252  eV     1   --> A''            
     e( 39 - 39) =     16.73228  eV     1   --> A'             
     e( 40 - 40) =     17.97132  eV     1   --> A'             
     e( 41 - 41) =     18.62568  eV     1   --> A''            
     e( 42 - 42) =     18.64978  eV     1   --> A'             
     e( 43 - 43) =     18.91068  eV     1   --> A''            
     e( 44 - 44) =     21.58303  eV     1   --> A''            
     e( 45 - 45) =     23.44049  eV     1   --> A'             

 **************************************************************************

 **************************************************************************

                    xk=(   0.03464,   0.00000,   0.00000  )

     Band symmetry, C_s (m)     point group:

     e(  1 -  1) =    -39.37267  eV     1   --> A'             
     e(  2 -  2) =    -39.37208  eV     1   --> A''            
     e(  3 -  4) =    -39.37102  eV     2   --> A'             
     e(  3 -  4) =    -39.37102  eV     2   --> A''            
     e(  5 -  6) =    -39.37041  eV     2   --> A'             
     e(  5 -  6) =    -39.37041  eV     2   --> A''            
     e(  7 -  8) =    -39.36509  eV     2   --> A'             
     e(  7 -  8) =    -39.36509  eV     2   --> A''            
     e(  9 - 10) =    -39.36455  eV     2   --> A'             
     e(  9 - 10) =    -39.36455  eV     2   --> A''            
     e( 11 - 11) =    -24.14088  eV     1   --> A''            
     e( 12 - 12) =    -24.12488  eV     1   --> A'             
     e( 13 - 13) =    -24.12394  eV     1   --> A''            
     e( 14 - 14) =    -24.07829  eV     1   --> A''            
     e( 15 - 15) =    -24.07795  eV     1   --> A'             
     e( 16 - 16) =    -24.06068  eV     1   --> A'             
     e( 17 - 17) =    -24.05451  eV     1   --> A''            
     e( 18 - 18) =    -24.05433  eV     1   --> A'             
     e( 19 - 19) =    -24.03749  eV     1   --> A'             
     e( 20 - 20) =    -24.03669  eV     1   --> A''            
     e( 21 - 21) =     -6.43469  eV     1   --> A'             
     e( 22 - 22) =     -5.27006  eV     1   --> A''            
     e( 23 - 23) =      1.07769  eV     1   --> A''            
     e( 24 - 24) =      5.16138  eV     1   --> A''            
     e( 25 - 25) =      5.20452  eV     1   --> A'             
     e( 26 - 26) =      5.92751  eV     1   --> A'             
     e( 27 - 27) =      5.94925  eV     1   --> A'             
     e( 28 - 28) =      6.00825  eV     1   --> A''            
     e( 29 - 29) =      8.54003  eV     1   --> A'             
     e( 30 - 30) =      9.37413  eV     1   --> A''            
     e( 31 - 31) =     12.60590  eV     1   --> A'             
     e( 32 - 32) =     12.66671  eV     1   --> A''            
     e( 33 - 33) =     12.95400  eV     1   --> A'             
     e( 34 - 34) =     14.05008  eV     1   --> A''            
     e( 35 - 35) =     14.10545  eV     1   --> A'             
     e( 36 - 36) =     15.97218  eV     1   --> A''            
     e( 37 - 37) =     16.35072  eV     1   --> A'             
     e( 38 - 38) =     16.51105  eV     1   --> A''            
     e( 39 - 39) =     16.73889  eV     1   --> A'             
     e( 40 - 40) =     17.97718  eV     1   --> A'             
     e( 41 - 41) =     18.62832  eV     1   --> A''            
     e( 42 - 42) =     18.65412  eV     1   --> A'             
     e( 43 - 43) =     18.91728  eV     1   --> A''            
     e( 44 - 44) =     21.58019  eV     1   --> A''            
     e( 45 - 45) =     23.43885  eV     1   --> A'             

 **************************************************************************

 **************************************************************************

                    xk=(   0.03580,   0.00000,   0.00000  )

     Band symmetry, C_s (m)     point group:

     e(  1 -  1) =    -39.37267  eV     1   --> A'             
     e(  2 -  2) =    -39.37208  eV     1   --> A''            
     e(  3 -  4) =    -39.37098  eV     2   --> A'             
     e(  3 -  4) =    -39.37098  eV     2   --> A''            
     e(  5 -  6) =    -39.37034  eV     2   --> A'             
     e(  5 -  6) =    -39.37034  eV     2   --> A''            
     e(  7 -  8) =    -39.36500  eV     2   --> A'             
     e(  7 -  8) =    -39.36500  eV     2   --> A''            
     e(  9 - 10) =    -39.36449  eV     2   --> A'             
     e(  9 - 10) =    -39.36449  eV     2   --> A''            
     e( 11 - 11) =    -24.14085  eV     1   --> A''            
     e( 12 - 12) =    -24.12491  eV     1   --> A'             
     e( 13 - 13) =    -24.12395  eV     1   --> A''            
     e( 14 - 14) =    -24.07822  eV     1   --> A''            
     e( 15 - 15) =    -24.07786  eV     1   --> A'             
     e( 16 - 16) =    -24.06064  eV     1   --> A'             
     e( 17 - 17) =    -24.05452  eV     1   --> A''            
     e( 18 - 18) =    -24.05432  eV     1   --> A'             
     e( 19 - 19) =    -24.03745  eV     1   --> A'             
     e( 20 - 20) =    -24.03667  eV     1   --> A''            
     e( 21 - 21) =     -6.43422  eV     1   --> A'             
     e( 22 - 22) =     -5.26976  eV     1   --> A''            
     e( 23 - 23) =      1.07819  eV     1   --> A''            
     e( 24 - 24) =      5.15752  eV     1   --> A''            
     e( 25 - 25) =      5.20348  eV     1   --> A'             
     e( 26 - 26) =      5.92433  eV     1   --> A'             
     e( 27 - 27) =      5.94698  eV     1   --> A'             
     e( 28 - 28) =      6.00778  eV     1   --> A''            
     e( 29 - 29) =      8.54469  eV     1   --> A'             
     e( 30 - 30) =      9.37795  eV     1   --> A''            
     e( 31 - 31) =     12.60315  eV     1   --> A'             
     e( 32 - 32) =     12.66796  eV     1   --> A''            
     e( 33 - 33) =     12.95537  eV     1   --> A'             
     e( 34 - 34) =     14.04845  eV     1   --> A''            
     e( 35 - 35) =     14.10750  eV     1   --> A'             
     e( 36 - 36) =     15.96856  eV     1   --> A''            
     e( 37 - 37) =     16.34236  eV     1   --> A'             
     e( 38 - 38) =     16.50955  eV     1   --> A''            
     e( 39 - 39) =     16.74560  eV     1   --> A'             
     e( 40 - 40) =     17.98315  eV     1   --> A'             
     e( 41 - 41) =     18.63107  eV     1   --> A''            
     e( 42 - 42) =     18.65864  eV     1   --> A'             
     e( 43 - 43) =     18.92405  eV     1   --> A''            
     e( 44 - 44) =     21.57728  eV     1   --> A''            
     e( 45 - 45) =     23.43715  eV     1   --> A'             

 **************************************************************************

 **************************************************************************

                    xk=(   0.03695,   0.00000,   0.00000  )

     Band symmetry, C_s (m)     point group:

     e(  1 -  1) =    -39.37267  eV     1   --> A'             
     e(  2 -  2) =    -39.37208  eV     1   --> A''            
     e(  3 -  4) =    -39.37098  eV     2   --> A'             
     e(  3 -  4) =    -39.37098  eV     2   --> A''            
     e(  5 -  6) =    -39.37034  eV     2   --> A'             
     e(  5 -  6) =    -39.37034  eV     2   --> A''            
     e(  7 -  8) =    -39.36500  eV     2   --> A'             
     e(  7 -  8) =    -39.36500  eV     2   --> A''            
     e(  9 - 10) =    -39.36449  eV     2   --> A'             
     e(  9 - 10) =    -39.36449  eV     2   --> A''            
     e( 11 - 11) =    -24.14082  eV     1   --> A''            
     e( 12 - 12) =    -24.12498  eV     1   --> A'             
     e( 13 - 13) =    -24.12396  eV     1   --> A''            
     e( 14 - 14) =    -24.07821  eV     1   --> A''            
     e( 15 - 15) =    -24.07782  eV     1   --> A'             
     e( 16 - 16) =    -24.06060  eV     1   --> A'             
     e( 17 - 17) =    -24.05455  eV     1   --> A''            
     e( 18 - 18) =    -24.05435  eV     1   --> A'             
     e( 19 - 19) =    -24.03748  eV     1   --> A'             
     e( 20 - 20) =    -24.03665  eV     1   --> A''            
     e( 21 - 21) =     -6.43374  eV     1   --> A'             
     e( 22 - 22) =     -5.26945  eV     1   --> A''            
     e( 23 - 23) =      1.07871  eV     1   --> A''            
     e( 24 - 24) =      5.15355  eV     1   --> A''            
     e( 25 - 25) =      5.20241  eV     1   --> A'             
     e( 26 - 26) =      5.92063  eV     1   --> A'             
     e( 27 - 27) =      5.94507  eV     1   --> A'             
     e( 28 - 28) =      6.00728  eV     1   --> A''            
     e( 29 - 29) =      8.54948  eV     1   --> A'             
     e( 30 - 30) =      9.38189  eV     1   --> A''            
     e( 31 - 31) =     12.60033  eV     1   --> A'             
     e( 32 - 32) =     12.66925  eV     1   --> A''            
     e( 33 - 33) =     12.95678  eV     1   --> A'             
     e( 34 - 34) =     14.04676  eV     1   --> A''            
     e( 35 - 35) =     14.10962  eV     1   --> A'             
     e( 36 - 36) =     15.96482  eV     1   --> A''            
     e( 37 - 37) =     16.33390  eV     1   --> A'             
     e( 38 - 38) =     16.50804  eV     1   --> A''            
     e( 39 - 39) =     16.75241  eV     1   --> A'             
     e( 40 - 40) =     17.98920  eV     1   --> A'             
     e( 41 - 41) =     18.63392  eV     1   --> A''            
     e( 42 - 42) =     18.66335  eV     1   --> A'             
     e( 43 - 43) =     18.93099  eV     1   --> A''            
     e( 44 - 44) =     21.57430  eV     1   --> A''            
     e( 45 - 45) =     23.43540  eV     1   --> A'             

 **************************************************************************

 **************************************************************************

                    xk=(   0.03811,   0.00000,   0.00000  )

     Band symmetry, C_s (m)     point group:

     e(  1 -  1) =    -39.37264  eV     1   --> A'             
     e(  2 -  2) =    -39.37208  eV     1   --> A''            
     e(  3 -  4) =    -39.37098  eV     2   --> A'             
     e(  3 -  4) =    -39.37098  eV     2   --> A''            
     e(  5 -  6) =    -39.37034  eV     2   --> A'             
     e(  5 -  6) =    -39.37034  eV     2   --> A''            
     e(  7 -  8) =    -39.36500  eV     2   --> A'             
     e(  7 -  8) =    -39.36500  eV     2   --> A''            
     e(  9 - 10) =    -39.36449  eV     2   --> A'             
     e(  9 - 10) =    -39.36449  eV     2   --> A''            
     e( 11 - 11) =    -24.14080  eV     1   --> A''            
     e( 12 - 12) =    -24.12504  eV     1   --> A'             
     e( 13 - 13) =    -24.12398  eV     1   --> A''            
     e( 14 - 14) =    -24.07819  eV     1   --> A''            
     e( 15 - 15) =    -24.07775  eV     1   --> A'             
     e( 16 - 16) =    -24.06055  eV     1   --> A'             
     e( 17 - 17) =    -24.05458  eV     1   --> A''            
     e( 18 - 18) =    -24.05432  eV     1   --> A'             
     e( 19 - 19) =    -24.03750  eV     1   --> A'             
     e( 20 - 20) =    -24.03663  eV     1   --> A''            
     e( 21 - 21) =     -6.43324  eV     1   --> A'             
     e( 22 - 22) =     -5.26914  eV     1   --> A''            
     e( 23 - 23) =      1.07924  eV     1   --> A''            
     e( 24 - 24) =      5.14946  eV     1   --> A''            
     e( 25 - 25) =      5.20130  eV     1   --> A'             
     e( 26 - 26) =      5.91649  eV     1   --> A'             
     e( 27 - 27) =      5.94346  eV     1   --> A'             
     e( 28 - 28) =      6.00677  eV     1   --> A''            
     e( 29 - 29) =      8.55440  eV     1   --> A'             
     e( 30 - 30) =      9.38594  eV     1   --> A''            
     e( 31 - 31) =     12.59742  eV     1   --> A'             
     e( 32 - 32) =     12.67057  eV     1   --> A''            
     e( 33 - 33) =     12.95823  eV     1   --> A'             
     e( 34 - 34) =     14.04503  eV     1   --> A''            
     e( 35 - 35) =     14.11180  eV     1   --> A'             
     e( 36 - 36) =     15.96096  eV     1   --> A''            
     e( 37 - 37) =     16.32535  eV     1   --> A'             
     e( 38 - 38) =     16.50651  eV     1   --> A''            
     e( 39 - 39) =     16.75933  eV     1   --> A'             
     e( 40 - 40) =     17.99533  eV     1   --> A'             
     e( 41 - 41) =     18.63688  eV     1   --> A''            
     e( 42 - 42) =     18.66823  eV     1   --> A'             
     e( 43 - 43) =     18.93810  eV     1   --> A''            
     e( 44 - 44) =     21.57125  eV     1   --> A''            
     e( 45 - 45) =     23.43359  eV     1   --> A'             

 **************************************************************************

 **************************************************************************

                    xk=(   0.03926,   0.00000,   0.00000  )

     Band symmetry, C_s (m)     point group:

     e(  1 -  1) =    -39.37264  eV     1   --> A'             
     e(  2 -  2) =    -39.37208  eV     1   --> A''            
     e(  3 -  4) =    -39.37098  eV     2   --> A'             
     e(  3 -  4) =    -39.37098  eV     2   --> A''            
     e(  5 -  6) =    -39.37034  eV     2   --> A'             
     e(  5 -  6) =    -39.37034  eV     2   --> A''            
     e(  7 -  8) =    -39.36500  eV     2   --> A'             
     e(  7 -  8) =    -39.36500  eV     2   --> A''            
     e(  9 - 10) =    -39.36449  eV     2   --> A'             
     e(  9 - 10) =    -39.36449  eV     2   --> A''            
     e( 11 - 11) =    -24.14077  eV     1   --> A''            
     e( 12 - 12) =    -24.12511  eV     1   --> A'             
     e( 13 - 13) =    -24.12399  eV     1   --> A''            
     e( 14 - 14) =    -24.07818  eV     1   --> A''            
     e( 15 - 15) =    -24.07771  eV     1   --> A'             
     e( 16 - 16) =    -24.06051  eV     1   --> A'             
     e( 17 - 17) =    -24.05462  eV     1   --> A''            
     e( 18 - 18) =    -24.05434  eV     1   --> A'             
     e( 19 - 19) =    -24.03753  eV     1   --> A'             
     e( 20 - 20) =    -24.03661  eV     1   --> A''            
     e( 21 - 21) =     -6.43272  eV     1   --> A'             
     e( 22 - 22) =     -5.26881  eV     1   --> A''            
     e( 23 - 23) =      1.07979  eV     1   --> A''            
     e( 24 - 24) =      5.14525  eV     1   --> A''            
     e( 25 - 25) =      5.20016  eV     1   --> A'             
     e( 26 - 26) =      5.91196  eV     1   --> A'             
     e( 27 - 27) =      5.94207  eV     1   --> A'             
     e( 28 - 28) =      6.00623  eV     1   --> A''            
     e( 29 - 29) =      8.55945  eV     1   --> A'             
     e( 30 - 30) =      9.39011  eV     1   --> A''            
     e( 31 - 31) =     12.59445  eV     1   --> A'             
     e( 32 - 32) =     12.67194  eV     1   --> A''            
     e( 33 - 33) =     12.95972  eV     1   --> A'             
     e( 34 - 34) =     14.04326  eV     1   --> A''            
     e( 35 - 35) =     14.11404  eV     1   --> A'             
     e( 36 - 36) =     15.95698  eV     1   --> A''            
     e( 37 - 37) =     16.31673  eV     1   --> A'             
     e( 38 - 38) =     16.50496  eV     1   --> A''            
     e( 39 - 39) =     16.76636  eV     1   --> A'             
     e( 40 - 40) =     18.00154  eV     1   --> A'             
     e( 41 - 41) =     18.63995  eV     1   --> A''            
     e( 42 - 42) =     18.67330  eV     1   --> A'             
     e( 43 - 43) =     18.94536  eV     1   --> A''            
     e( 44 - 44) =     21.56813  eV     1   --> A''            
     e( 45 - 45) =     23.43172  eV     1   --> A'             

 **************************************************************************

 **************************************************************************

                    xk=(   0.04041,   0.00000,   0.00000  )

     Band symmetry, C_s (m)     point group:

     e(  1 -  1) =    -39.37268  eV     1   --> A'             
     e(  2 -  2) =    -39.37221  eV     1   --> A''            
     e(  3 -  4) =    -39.37102  eV     2   --> A'             
     e(  3 -  4) =    -39.37102  eV     2   --> A''            
     e(  5 -  6) =    -39.37035  eV     2   --> A'             
     e(  5 -  6) =    -39.37035  eV     2   --> A''            
     e(  7 -  8) =    -39.36501  eV     2   --> A'             
     e(  7 -  8) =    -39.36501  eV     2   --> A''            
     e(  9 - 10) =    -39.36454  eV     2   --> A'             
     e(  9 - 10) =    -39.36454  eV     2   --> A''            
     e( 11 - 11) =    -24.14081  eV     1   --> A''            
     e( 12 - 12) =    -24.12522  eV     1   --> A'             
     e( 13 - 13) =    -24.12402  eV     1   --> A''            
     e( 14 - 14) =    -24.07819  eV     1   --> A''            
     e( 15 - 15) =    -24.07770  eV     1   --> A'             
     e( 16 - 16) =    -24.06049  eV     1   --> A'             
     e( 17 - 17) =    -24.05467  eV     1   --> A''            
     e( 18 - 18) =    -24.05438  eV     1   --> A'             
     e( 19 - 19) =    -24.03758  eV     1   --> A'             
     e( 20 - 20) =    -24.03660  eV     1   --> A''            
     e( 21 - 21) =     -6.43219  eV     1   --> A'             
     e( 22 - 22) =     -5.26847  eV     1   --> A''            
     e( 23 - 23) =      1.08035  eV     1   --> A''            
     e( 24 - 24) =      5.14094  eV     1   --> A''            
     e( 25 - 25) =      5.19897  eV     1   --> A'             
     e( 26 - 26) =      5.90711  eV     1   --> A'             
     e( 27 - 27) =      5.94086  eV     1   --> A'             
     e( 28 - 28) =      6.00568  eV     1   --> A''            
     e( 29 - 29) =      8.56462  eV     1   --> A'             
     e( 30 - 30) =      9.39438  eV     1   --> A''            
     e( 31 - 31) =     12.59140  eV     1   --> A'             
     e( 32 - 32) =     12.67334  eV     1   --> A''            
     e( 33 - 33) =     12.96125  eV     1   --> A'             
     e( 34 - 34) =     14.04144  eV     1   --> A''            
     e( 35 - 35) =     14.11636  eV     1   --> A'             
     e( 36 - 36) =     15.95288  eV     1   --> A''            
     e( 37 - 37) =     16.30802  eV     1   --> A'             
     e( 38 - 38) =     16.50341  eV     1   --> A''            
     e( 39 - 39) =     16.77349  eV     1   --> A'             
     e( 40 - 40) =     18.00781  eV     1   --> A'             
     e( 41 - 41) =     18.64312  eV     1   --> A''            
     e( 42 - 42) =     18.67855  eV     1   --> A'             
     e( 43 - 43) =     18.95278  eV     1   --> A''            
     e( 44 - 44) =     21.56495  eV     1   --> A''            
     e( 45 - 45) =     23.42980  eV     1   --> A'             

 **************************************************************************

 **************************************************************************

                    xk=(   0.04157,   0.00000,   0.00000  )

     Band symmetry, C_s (m)     point group:

     e(  1 -  1) =    -39.37268  eV     1   --> A'             
     e(  2 -  2) =    -39.37221  eV     1   --> A''            
     e(  3 -  4) =    -39.37102  eV     2   --> A'             
     e(  3 -  4) =    -39.37102  eV     2   --> A''            
     e(  5 -  6) =    -39.37035  eV     2   --> A'             
     e(  5 -  6) =    -39.37035  eV     2   --> A''            
     e(  7 -  8) =    -39.36501  eV     2   --> A'             
     e(  7 -  8) =    -39.36501  eV     2   --> A''            
     e(  9 - 10) =    -39.36454  eV     2   --> A'             
     e(  9 - 10) =    -39.36454  eV     2   --> A''            
     e( 11 - 11) =    -24.14078  eV     1   --> A''            
     e( 12 - 12) =    -24.12530  eV     1   --> A'             
     e( 13 - 13) =    -24.12404  eV     1   --> A''            
     e( 14 - 14) =    -24.07818  eV     1   --> A''            
     e( 15 - 15) =    -24.07766  eV     1   --> A'             
     e( 16 - 16) =    -24.06045  eV     1   --> A'             
     e( 17 - 17) =    -24.05471  eV     1   --> A''            
     e( 18 - 18) =    -24.05441  eV     1   --> A'             
     e( 19 - 19) =    -24.03761  eV     1   --> A'             
     e( 20 - 20) =    -24.03658  eV     1   --> A''            
     e( 21 - 21) =     -6.43165  eV     1   --> A'             
     e( 22 - 22) =     -5.26813  eV     1   --> A''            
     e( 23 - 23) =      1.08094  eV     1   --> A''            
     e( 24 - 24) =      5.13651  eV     1   --> A''            
     e( 25 - 25) =      5.19776  eV     1   --> A'             
     e( 26 - 26) =      5.90199  eV     1   --> A'             
     e( 27 - 27) =      5.93978  eV     1   --> A'             
     e( 28 - 28) =      6.00512  eV     1   --> A''            
     e( 29 - 29) =      8.56991  eV     1   --> A'             
     e( 30 - 30) =      9.39877  eV     1   --> A''            
     e( 31 - 31) =     12.58828  eV     1   --> A'             
     e( 32 - 32) =     12.67478  eV     1   --> A''            
     e( 33 - 33) =     12.96282  eV     1   --> A'             
     e( 34 - 34) =     14.03957  eV     1   --> A''            
     e( 35 - 35) =     14.11873  eV     1   --> A'             
     e( 36 - 36) =     15.94865  eV     1   --> A''            
     e( 37 - 37) =     16.29924  eV     1   --> A'             
     e( 38 - 38) =     16.50185  eV     1   --> A''            
     e( 39 - 39) =     16.78073  eV     1   --> A'             
     e( 40 - 40) =     18.01414  eV     1   --> A'             
     e( 41 - 41) =     18.64641  eV     1   --> A''            
     e( 42 - 42) =     18.68399  eV     1   --> A'             
     e( 43 - 43) =     18.96035  eV     1   --> A''            
     e( 44 - 44) =     21.56171  eV     1   --> A''            
     e( 45 - 45) =     23.42783  eV     1   --> A'             

 **************************************************************************

 **************************************************************************

                    xk=(   0.04272,   0.00000,   0.00000  )

     Band symmetry, C_s (m)     point group:

     e(  1 -  1) =    -39.37268  eV     1   --> A'             
     e(  2 -  2) =    -39.37222  eV     1   --> A''            
     e(  3 -  4) =    -39.37102  eV     2   --> A'             
     e(  3 -  4) =    -39.37102  eV     2   --> A''            
     e(  5 -  6) =    -39.37035  eV     2   --> A'             
     e(  5 -  6) =    -39.37035  eV     2   --> A''            
     e(  7 -  8) =    -39.36501  eV     2   --> A'             
     e(  7 -  8) =    -39.36501  eV     2   --> A''            
     e(  9 - 10) =    -39.36454  eV     2   --> A'             
     e(  9 - 10) =    -39.36454  eV     2   --> A''            
     e( 11 - 11) =    -24.14075  eV     1   --> A''            
     e( 12 - 12) =    -24.12538  eV     1   --> A'             
     e( 13 - 13) =    -24.12405  eV     1   --> A''            
     e( 14 - 14) =    -24.07816  eV     1   --> A''            
     e( 15 - 15) =    -24.07762  eV     1   --> A'             
     e( 16 - 16) =    -24.06041  eV     1   --> A'             
     e( 17 - 17) =    -24.05475  eV     1   --> A''            
     e( 18 - 18) =    -24.05443  eV     1   --> A'             
     e( 19 - 19) =    -24.03765  eV     1   --> A'             
     e( 20 - 20) =    -24.03656  eV     1   --> A''            
     e( 21 - 21) =     -6.43109  eV     1   --> A'             
     e( 22 - 22) =     -5.26778  eV     1   --> A''            
     e( 23 - 23) =      1.08153  eV     1   --> A''            
     e( 24 - 24) =      5.13197  eV     1   --> A''            
     e( 25 - 25) =      5.19650  eV     1   --> A'             
     e( 26 - 26) =      5.89664  eV     1   --> A'             
     e( 27 - 27) =      5.93879  eV     1   --> A'             
     e( 28 - 28) =      6.00453  eV     1   --> A''            
     e( 29 - 29) =      8.57533  eV     1   --> A'             
     e( 30 - 30) =      9.40327  eV     1   --> A''            
     e( 31 - 31) =     12.58508  eV     1   --> A'             
     e( 32 - 32) =     12.67626  eV     1   --> A''            
     e( 33 - 33) =     12.96442  eV     1   --> A'             
     e( 34 - 34) =     14.03766  eV     1   --> A''            
     e( 35 - 35) =     14.12118  eV     1   --> A'             
     e( 36 - 36) =     15.94431  eV     1   --> A''            
     e( 37 - 37) =     16.29038  eV     1   --> A'             
     e( 38 - 38) =     16.50028  eV     1   --> A''            
     e( 39 - 39) =     16.78807  eV     1   --> A'             
     e( 40 - 40) =     18.02052  eV     1   --> A'             
     e( 41 - 41) =     18.64979  eV     1   --> A''            
     e( 42 - 42) =     18.68963  eV     1   --> A'             
     e( 43 - 43) =     18.96807  eV     1   --> A''            
     e( 44 - 44) =     21.55840  eV     1   --> A''            
     e( 45 - 45) =     23.42580  eV     1   --> A'             

 **************************************************************************

 **************************************************************************

                    xk=(   0.04388,   0.00000,   0.00000  )

     Band symmetry, C_s (m)     point group:

     e(  1 -  1) =    -39.37268  eV     1   --> A'             
     e(  2 -  2) =    -39.37222  eV     1   --> A''            
     e(  3 -  4) =    -39.37102  eV     2   --> A'             
     e(  3 -  4) =    -39.37102  eV     2   --> A''            
     e(  5 -  6) =    -39.37035  eV     2   --> A'             
     e(  5 -  6) =    -39.37035  eV     2   --> A''            
     e(  7 -  8) =    -39.36501  eV     2   --> A'             
     e(  7 -  8) =    -39.36501  eV     2   --> A''            
     e(  9 - 10) =    -39.36454  eV     2   --> A'             
     e(  9 - 10) =    -39.36454  eV     2   --> A''            
     e( 11 - 11) =    -24.14072  eV     1   --> A''            
     e( 12 - 12) =    -24.12546  eV     1   --> A'             
     e( 13 - 13) =    -24.12406  eV     1   --> A''            
     e( 14 - 14) =    -24.07814  eV     1   --> A''            
     e( 15 - 15) =    -24.07757  eV     1   --> A'             
     e( 16 - 16) =    -24.06037  eV     1   --> A'             
     e( 17 - 17) =    -24.05478  eV     1   --> A''            
     e( 18 - 18) =    -24.05446  eV     1   --> A'             
     e( 19 - 19) =    -24.03768  eV     1   --> A'             
     e( 20 - 20) =    -24.03653  eV     1   --> A''            
     e( 21 - 21) =     -6.43051  eV     1   --> A'             
     e( 22 - 22) =     -5.26741  eV     1   --> A''            
     e( 23 - 23) =      1.08215  eV     1   --> A''            
     e( 24 - 24) =      5.12733  eV     1   --> A''            
     e( 25 - 25) =      5.19521  eV     1   --> A'             
     e( 26 - 26) =      5.89108  eV     1   --> A'             
     e( 27 - 27) =      5.93785  eV     1   --> A'             
     e( 28 - 28) =      6.00393  eV     1   --> A''            
     e( 29 - 29) =      8.58086  eV     1   --> A'             
     e( 30 - 30) =      9.40787  eV     1   --> A''            
     e( 31 - 31) =     12.58182  eV     1   --> A'             
     e( 32 - 32) =     12.67778  eV     1   --> A''            
     e( 33 - 33) =     12.96607  eV     1   --> A'             
     e( 34 - 34) =     14.03571  eV     1   --> A''            
     e( 35 - 35) =     14.12369  eV     1   --> A'             
     e( 36 - 36) =     15.93984  eV     1   --> A''            
     e( 37 - 37) =     16.28144  eV     1   --> A'             
     e( 38 - 38) =     16.49871  eV     1   --> A''            
     e( 39 - 39) =     16.79553  eV     1   --> A'             
     e( 40 - 40) =     18.02695  eV     1   --> A'             
     e( 41 - 41) =     18.65329  eV     1   --> A''            
     e( 42 - 42) =     18.69545  eV     1   --> A'             
     e( 43 - 43) =     18.97594  eV     1   --> A''            
     e( 44 - 44) =     21.55504  eV     1   --> A''            
     e( 45 - 45) =     23.42371  eV     1   --> A'             

 **************************************************************************

 **************************************************************************

                    xk=(   0.04503,   0.00000,   0.00000  )

     Band symmetry, C_s (m)     point group:

     e(  1 -  1) =    -39.37268  eV     1   --> A'             
     e(  2 -  2) =    -39.37222  eV     1   --> A''            
     e(  3 -  4) =    -39.37102  eV     2   --> A'             
     e(  3 -  4) =    -39.37102  eV     2   --> A''            
     e(  5 -  6) =    -39.37035  eV     2   --> A'             
     e(  5 -  6) =    -39.37035  eV     2   --> A''            
     e(  7 -  8) =    -39.36501  eV     2   --> A'             
     e(  7 -  8) =    -39.36501  eV     2   --> A''            
     e(  9 - 10) =    -39.36455  eV     2   --> A'             
     e(  9 - 10) =    -39.36455  eV     2   --> A''            
     e( 11 - 11) =    -24.14069  eV     1   --> A''            
     e( 12 - 12) =    -24.12555  eV     1   --> A'             
     e( 13 - 13) =    -24.12408  eV     1   --> A''            
     e( 14 - 14) =    -24.07812  eV     1   --> A''            
     e( 15 - 15) =    -24.07753  eV     1   --> A'             
     e( 16 - 16) =    -24.06032  eV     1   --> A'             
     e( 17 - 17) =    -24.05482  eV     1   --> A''            
     e( 18 - 18) =    -24.05449  eV     1   --> A'             
     e( 19 - 19) =    -24.03772  eV     1   --> A'             
     e( 20 - 20) =    -24.03651  eV     1   --> A''            
     e( 21 - 21) =     -6.42992  eV     1   --> A'             
     e( 22 - 22) =     -5.26704  eV     1   --> A''            
     e( 23 - 23) =      1.08278  eV     1   --> A''            
     e( 24 - 24) =      5.12258  eV     1   --> A''            
     e( 25 - 25) =      5.19388  eV     1   --> A'             
     e( 26 - 26) =      5.88534  eV     1   --> A'             
     e( 27 - 27) =      5.93697  eV     1   --> A'             
     e( 28 - 28) =      6.00330  eV     1   --> A''            
     e( 29 - 29) =      8.58651  eV     1   --> A'             
     e( 30 - 30) =      9.41259  eV     1   --> A''            
     e( 31 - 31) =     12.57850  eV     1   --> A'             
     e( 32 - 32) =     12.67934  eV     1   --> A''            
     e( 33 - 33) =     12.96775  eV     1   --> A'             
     e( 34 - 34) =     14.03371  eV     1   --> A''            
     e( 35 - 35) =     14.12626  eV     1   --> A'             
     e( 36 - 36) =     15.93526  eV     1   --> A''            
     e( 37 - 37) =     16.27244  eV     1   --> A'             
     e( 38 - 38) =     16.49713  eV     1   --> A''            
     e( 39 - 39) =     16.80311  eV     1   --> A'             
     e( 40 - 40) =     18.03341  eV     1   --> A'             
     e( 41 - 41) =     18.65688  eV     1   --> A''            
     e( 42 - 42) =     18.70147  eV     1   --> A'             
     e( 43 - 43) =     18.98395  eV     1   --> A''            
     e( 44 - 44) =     21.55162  eV     1   --> A''            
     e( 45 - 45) =     23.42157  eV     1   --> A'             

 **************************************************************************

 **************************************************************************

                    xk=(   0.04619,   0.00000,   0.00000  )

     Band symmetry, C_s (m)     point group:

     e(  1 -  1) =    -39.37270  eV     1   --> A'             
     e(  2 -  2) =    -39.37227  eV     1   --> A''            
     e(  3 -  4) =    -39.37105  eV     2   --> A'             
     e(  3 -  4) =    -39.37105  eV     2   --> A''            
     e(  5 -  6) =    -39.37042  eV     2   --> A'             
     e(  5 -  6) =    -39.37042  eV     2   --> A''            
     e(  7 -  8) =    -39.36511  eV     2   --> A'             
     e(  7 -  8) =    -39.36511  eV     2   --> A''            
     e(  9 - 10) =    -39.36459  eV     2   --> A'             
     e(  9 - 10) =    -39.36459  eV     2   --> A''            
     e( 11 - 11) =    -24.14067  eV     1   --> A''            
     e( 12 - 12) =    -24.12566  eV     1   --> A'             
     e( 13 - 13) =    -24.12415  eV     1   --> A''            
     e( 14 - 14) =    -24.07814  eV     1   --> A''            
     e( 15 - 15) =    -24.07750  eV     1   --> A'             
     e( 16 - 16) =    -24.06029  eV     1   --> A'             
     e( 17 - 17) =    -24.05488  eV     1   --> A''            
     e( 18 - 18) =    -24.05453  eV     1   --> A'             
     e( 19 - 19) =    -24.03777  eV     1   --> A'             
     e( 20 - 20) =    -24.03657  eV     1   --> A''            
     e( 21 - 21) =     -6.42932  eV     1   --> A'             
     e( 22 - 22) =     -5.26666  eV     1   --> A''            
     e( 23 - 23) =      1.08343  eV     1   --> A''            
     e( 24 - 24) =      5.11771  eV     1   --> A''            
     e( 25 - 25) =      5.19251  eV     1   --> A'             
     e( 26 - 26) =      5.87943  eV     1   --> A'             
     e( 27 - 27) =      5.93611  eV     1   --> A'             
     e( 28 - 28) =      6.00267  eV     1   --> A''            
     e( 29 - 29) =      8.59227  eV     1   --> A'             
     e( 30 - 30) =      9.41740  eV     1   --> A''            
     e( 31 - 31) =     12.57510  eV     1   --> A'             
     e( 32 - 32) =     12.68093  eV     1   --> A''            
     e( 33 - 33) =     12.96948  eV     1   --> A'             
     e( 34 - 34) =     14.03168  eV     1   --> A''            
     e( 35 - 35) =     14.12890  eV     1   --> A'             
     e( 36 - 36) =     15.93055  eV     1   --> A''            
     e( 37 - 37) =     16.26337  eV     1   --> A'             
     e( 38 - 38) =     16.49556  eV     1   --> A''            
     e( 39 - 39) =     16.81079  eV     1   --> A'             
     e( 40 - 40) =     18.03991  eV     1   --> A'             
     e( 41 - 41) =     18.66059  eV     1   --> A''            
     e( 42 - 42) =     18.70769  eV     1   --> A'             
     e( 43 - 43) =     18.99210  eV     1   --> A''            
     e( 44 - 44) =     21.54815  eV     1   --> A''            
     e( 45 - 45) =     23.41937  eV     1   --> A'             

 **************************************************************************

 **************************************************************************

                    xk=(   0.04734,   0.00000,   0.00000  )

     Band symmetry, C_s (m)     point group:

     e(  1 -  1) =    -39.37270  eV     1   --> A'             
     e(  2 -  2) =    -39.37228  eV     1   --> A''            
     e(  3 -  4) =    -39.37105  eV     2   --> A'             
     e(  3 -  4) =    -39.37105  eV     2   --> A''            
     e(  5 -  6) =    -39.37042  eV     2   --> A'             
     e(  5 -  6) =    -39.37042  eV     2   --> A''            
     e(  7 -  8) =    -39.36511  eV     2   --> A'             
     e(  7 -  8) =    -39.36511  eV     2   --> A''            
     e(  9 - 10) =    -39.36460  eV     2   --> A'             
     e(  9 - 10) =    -39.36460  eV     2   --> A''            
     e( 11 - 11) =    -24.14064  eV     1   --> A''            
     e( 12 - 12) =    -24.12575  eV     1   --> A'             
     e( 13 - 13) =    -24.12416  eV     1   --> A''            
     e( 14 - 14) =    -24.07812  eV     1   --> A''            
     e( 15 - 15) =    -24.07745  eV     1   --> A'             
     e( 16 - 16) =    -24.06024  eV     1   --> A'             
     e( 17 - 17) =    -24.05492  eV     1   --> A''            
     e( 18 - 18) =    -24.05456  eV     1   --> A'             
     e( 19 - 19) =    -24.03781  eV     1   --> A'             
     e( 20 - 20) =    -24.03655  eV     1   --> A''            
     e( 21 - 21) =     -6.42870  eV     1   --> A'             
     e( 22 - 22) =     -5.26627  eV     1   --> A''            
     e( 23 - 23) =      1.08409  eV     1   --> A''            
     e( 24 - 24) =      5.11275  eV     1   --> A''            
     e( 25 - 25) =      5.19110  eV     1   --> A'             
     e( 26 - 26) =      5.87337  eV     1   --> A'             
     e( 27 - 27) =      5.93527  eV     1   --> A'             
     e( 28 - 28) =      6.00201  eV     1   --> A''            
     e( 29 - 29) =      8.59814  eV     1   --> A'             
     e( 30 - 30) =      9.42233  eV     1   --> A''            
     e( 31 - 31) =     12.57164  eV     1   --> A'             
     e( 32 - 32) =     12.68256  eV     1   --> A''            
     e( 33 - 33) =     12.97124  eV     1   --> A'             
     e( 34 - 34) =     14.02960  eV     1   --> A''            
     e( 35 - 35) =     14.13160  eV     1   --> A'             
     e( 36 - 36) =     15.92573  eV     1   --> A''            
     e( 37 - 37) =     16.25424  eV     1   --> A'             
     e( 38 - 38) =     16.49398  eV     1   --> A''            
     e( 39 - 39) =     16.81860  eV     1   --> A'             
     e( 40 - 40) =     18.04643  eV     1   --> A'             
     e( 41 - 41) =     18.66439  eV     1   --> A''            
     e( 42 - 42) =     18.71410  eV     1   --> A'             
     e( 43 - 43) =     19.00039  eV     1   --> A''            
     e( 44 - 44) =     21.54462  eV     1   --> A''            
     e( 45 - 45) =     23.41712  eV     1   --> A'             

 **************************************************************************

 **************************************************************************

                    xk=(   0.04850,   0.00000,   0.00000  )

     Band symmetry, C_s (m)     point group:

     e(  1 -  1) =    -39.37270  eV     1   --> A'             
     e(  2 -  2) =    -39.37228  eV     1   --> A''            
     e(  3 -  4) =    -39.37105  eV     2   --> A'             
     e(  3 -  4) =    -39.37105  eV     2   --> A''            
     e(  5 -  6) =    -39.37042  eV     2   --> A'             
     e(  5 -  6) =    -39.37042  eV     2   --> A''            
     e(  7 -  8) =    -39.36511  eV     2   --> A'             
     e(  7 -  8) =    -39.36511  eV     2   --> A''            
     e(  9 - 10) =    -39.36460  eV     2   --> A'             
     e(  9 - 10) =    -39.36460  eV     2   --> A''            
     e( 11 - 11) =    -24.14060  eV     1   --> A''            
     e( 12 - 12) =    -24.12584  eV     1   --> A'             
     e( 13 - 13) =    -24.12418  eV     1   --> A''            
     e( 14 - 14) =    -24.07810  eV     1   --> A''            
     e( 15 - 15) =    -24.07740  eV     1   --> A'             
     e( 16 - 16) =    -24.06020  eV     1   --> A'             
     e( 17 - 17) =    -24.05496  eV     1   --> A''            
     e( 18 - 18) =    -24.05459  eV     1   --> A'             
     e( 19 - 19) =    -24.03785  eV     1   --> A'             
     e( 20 - 20) =    -24.03652  eV     1   --> A''            
     e( 21 - 21) =     -6.42806  eV     1   --> A'             
     e( 22 - 22) =     -5.26587  eV     1   --> A''            
     e( 23 - 23) =      1.08477  eV     1   --> A''            
     e( 24 - 24) =      5.10768  eV     1   --> A''            
     e( 25 - 25) =      5.18966  eV     1   --> A'             
     e( 26 - 26) =      5.86716  eV     1   --> A'             
     e( 27 - 27) =      5.93444  eV     1   --> A'             
     e( 28 - 28) =      6.00133  eV     1   --> A''            
     e( 29 - 29) =      8.60413  eV     1   --> A'             
     e( 30 - 30) =      9.42736  eV     1   --> A''            
     e( 31 - 31) =     12.56811  eV     1   --> A'             
     e( 32 - 32) =     12.68423  eV     1   --> A''            
     e( 33 - 33) =     12.97304  eV     1   --> A'             
     e( 34 - 34) =     14.02748  eV     1   --> A''            
     e( 35 - 35) =     14.13437  eV     1   --> A'             
     e( 36 - 36) =     15.92079  eV     1   --> A''            
     e( 37 - 37) =     16.24504  eV     1   --> A'             
     e( 38 - 38) =     16.49241  eV     1   --> A''            
     e( 39 - 39) =     16.82651  eV     1   --> A'             
     e( 40 - 40) =     18.05297  eV     1   --> A'             
     e( 41 - 41) =     18.66830  eV     1   --> A''            
     e( 42 - 42) =     18.72072  eV     1   --> A'             
     e( 43 - 43) =     19.00882  eV     1   --> A''            
     e( 44 - 44) =     21.54105  eV     1   --> A''            
     e( 45 - 45) =     23.41481  eV     1   --> A'             

 **************************************************************************

 **************************************************************************

                    xk=(   0.04965,   0.00000,   0.00000  )

     Band symmetry, C_s (m)     point group:

     e(  1 -  1) =    -39.37264  eV     1   -->   ?
     e(  2 -  2) =    -39.37226  eV     1   -->   ?
     e(  3 -  4) =    -39.37103  eV     2   --> A'             
     e(  3 -  4) =    -39.37103  eV     2   --> A''            
     e(  5 -  6) =    -39.37035  eV     2   --> A'             
     e(  5 -  6) =    -39.37035  eV     2   --> A''            
     e(  7 -  8) =    -39.36505  eV     2   --> A'             
     e(  7 -  8) =    -39.36505  eV     2   --> A''            
     e(  9 - 10) =    -39.36456  eV     2   --> A'             
     e(  9 - 10) =    -39.36456  eV     2   --> A''            
     e( 11 - 11) =    -24.14056  eV     1   --> A''            
     e( 12 - 12) =    -24.12591  eV     1   --> A'             
     e( 13 - 13) =    -24.12416  eV     1   --> A''            
     e( 14 - 14) =    -24.07805  eV     1   --> A''            
     e( 15 - 15) =    -24.07733  eV     1   --> A'             
     e( 16 - 16) =    -24.06010  eV     1   --> A'             
     e( 17 - 17) =    -24.05498  eV     1   --> A''            
     e( 18 - 18) =    -24.05460  eV     1   --> A'             
     e( 19 - 19) =    -24.03786  eV     1   --> A'             
     e( 20 - 20) =    -24.03646  eV     1   --> A''            
     e( 21 - 21) =     -6.42741  eV     1   --> A'             
     e( 22 - 22) =     -5.26546  eV     1   --> A''            
     e( 23 - 23) =      1.08546  eV     1   --> A''            
     e( 24 - 24) =      5.10251  eV     1   --> A''            
     e( 25 - 25) =      5.18818  eV     1   --> A'             
     e( 26 - 26) =      5.86082  eV     1   --> A'             
     e( 27 - 27) =      5.93363  eV     1   --> A'             
     e( 28 - 28) =      6.00063  eV     1   --> A''            
     e( 29 - 29) =      8.61022  eV     1   --> A'             
     e( 30 - 30) =      9.43249  eV     1   --> A''            
     e( 31 - 31) =     12.56452  eV     1   --> A'             
     e( 32 - 32) =     12.68594  eV     1   --> A''            
     e( 33 - 33) =     12.97487  eV     1   --> A'             
     e( 34 - 34) =     14.02532  eV     1   --> A''            
     e( 35 - 35) =     14.13720  eV     1   --> A'             
     e( 36 - 36) =     15.91574  eV     1   --> A''            
     e( 37 - 37) =     16.23579  eV     1   --> A'             
     e( 38 - 38) =     16.49084  eV     1   --> A''            
     e( 39 - 39) =     16.83454  eV     1   --> A'             
     e( 40 - 40) =     18.05952  eV     1   --> A'             
     e( 41 - 41) =     18.67231  eV     1   --> A''            
     e( 42 - 42) =     18.72753  eV     1   --> A'             
     e( 43 - 43) =     19.01738  eV     1   --> A''            
     e( 44 - 44) =     21.53743  eV     1   --> A''            
     e( 45 - 45) =     23.41245  eV     1   --> A'             

 **************************************************************************

 **************************************************************************

                    xk=(   0.05081,   0.00000,   0.00000  )

     Band symmetry, C_s (m)     point group:

     e(  1 -  1) =    -39.37265  eV     1   -->   ?
     e(  2 -  2) =    -39.37226  eV     1   -->   ?
     e(  3 -  4) =    -39.37103  eV     2   --> A'             
     e(  3 -  4) =    -39.37103  eV     2   --> A''            
     e(  5 -  6) =    -39.37035  eV     2   --> A'             
     e(  5 -  6) =    -39.37035  eV     2   --> A''            
     e(  7 -  8) =    -39.36505  eV     2   --> A'             
     e(  7 -  8) =    -39.36505  eV     2   --> A''            
     e(  9 - 10) =    -39.36456  eV     2   --> A'             
     e(  9 - 10) =    -39.36456  eV     2   --> A''            
     e( 11 - 11) =    -24.14052  eV     1   --> A''            
     e( 12 - 12) =    -24.12601  eV     1   --> A'             
     e( 13 - 13) =    -24.12417  eV     1   --> A''            
     e( 14 - 14) =    -24.07803  eV     1   --> A''            
     e( 15 - 15) =    -24.07728  eV     1   --> A'             
     e( 16 - 16) =    -24.06005  eV     1   --> A'             
     e( 17 - 17) =    -24.05502  eV     1   --> A''            
     e( 18 - 18) =    -24.05463  eV     1   --> A'             
     e( 19 - 19) =    -24.03790  eV     1   --> A'             
     e( 20 - 20) =    -24.03644  eV     1   --> A''            
     e( 21 - 21) =     -6.42674  eV     1   --> A'             
     e( 22 - 22) =     -5.26504  eV     1   --> A''            
     e( 23 - 23) =      1.08618  eV     1   --> A''            
     e( 24 - 24) =      5.09724  eV     1   --> A''            
     e( 25 - 25) =      5.18666  eV     1   --> A'             
     e( 26 - 26) =      5.85435  eV     1   --> A'             
     e( 27 - 27) =      5.93281  eV     1   --> A'             
     e( 28 - 28) =      5.99991  eV     1   --> A''            
     e( 29 - 29) =      8.61642  eV     1   --> A'             
     e( 30 - 30) =      9.43772  eV     1   --> A''            
     e( 31 - 31) =     12.56087  eV     1   --> A'             
     e( 32 - 32) =     12.68768  eV     1   --> A''            
     e( 33 - 33) =     12.97674  eV     1   --> A'             
     e( 34 - 34) =     14.02312  eV     1   --> A''            
     e( 35 - 35) =     14.14009  eV     1   --> A'             
     e( 36 - 36) =     15.91057  eV     1   --> A''            
     e( 37 - 37) =     16.22648  eV     1   --> A'             
     e( 38 - 38) =     16.48928  eV     1   --> A''            
     e( 39 - 39) =     16.84269  eV     1   --> A'             
     e( 40 - 40) =     18.06608  eV     1   --> A'             
     e( 41 - 41) =     18.67642  eV     1   --> A''            
     e( 42 - 42) =     18.73456  eV     1   --> A'             
     e( 43 - 43) =     19.02606  eV     1   --> A''            
     e( 44 - 44) =     21.53377  eV     1   --> A''            
     e( 45 - 45) =     23.41003  eV     1   --> A'             

 **************************************************************************

 **************************************************************************

                    xk=(   0.05196,   0.00000,   0.00000  )

     Band symmetry, C_s (m)     point group:

     e(  1 -  1) =    -39.37257  eV     1   -->   ?
     e(  2 -  2) =    -39.37224  eV     1   -->   ?
     e(  3 -  3) =    -39.37099  eV     1   --> A''            
     e(  4 -  4) =    -39.37086  eV     1   --> A'             
     e(  5 -  6) =    -39.37033  eV     2   --> A'             
     e(  5 -  6) =    -39.37033  eV     2   --> A''            
     e(  7 -  8) =    -39.36501  eV     2   --> A'             
     e(  7 -  8) =    -39.36501  eV     2   --> A''            
     e(  9 -  9) =    -39.36455  eV     1   --> A''            
     e( 10 - 10) =    -39.36441  eV     1   --> A'             
     e( 11 - 11) =    -24.14047  eV     1   --> A''            
     e( 12 - 12) =    -24.12610  eV     1   --> A'             
     e( 13 - 13) =    -24.12418  eV     1   --> A''            
     e( 14 - 14) =    -24.07798  eV     1   --> A''            
     e( 15 - 15) =    -24.07718  eV     1   --> A'             
     e( 16 - 16) =    -24.05996  eV     1   --> A'             
     e( 17 - 17) =    -24.05502  eV     1   --> A''            
     e( 18 - 18) =    -24.05459  eV     1   --> A'             
     e( 19 - 19) =    -24.03794  eV     1   --> A'             
     e( 20 - 20) =    -24.03639  eV     1   --> A''            
     e( 21 - 21) =     -6.42605  eV     1   --> A'             
     e( 22 - 22) =     -5.26460  eV     1   --> A''            
     e( 23 - 23) =      1.08690  eV     1   --> A''            
     e( 24 - 24) =      5.09187  eV     1   --> A''            
     e( 25 - 25) =      5.18510  eV     1   --> A'             
     e( 26 - 26) =      5.84774  eV     1   --> A'             
     e( 27 - 27) =      5.93200  eV     1   --> A'             
     e( 28 - 28) =      5.99917  eV     1   --> A''            
     e( 29 - 29) =      8.62272  eV     1   --> A'             
     e( 30 - 30) =      9.44305  eV     1   --> A''            
     e( 31 - 31) =     12.55716  eV     1   --> A'             
     e( 32 - 32) =     12.68946  eV     1   --> A''            
     e( 33 - 33) =     12.97865  eV     1   --> A'             
     e( 34 - 34) =     14.02087  eV     1   --> A''            
     e( 35 - 35) =     14.14304  eV     1   --> A'             
     e( 36 - 36) =     15.90528  eV     1   --> A''            
     e( 37 - 37) =     16.21711  eV     1   --> A'             
     e( 38 - 38) =     16.48772  eV     1   --> A''            
     e( 39 - 39) =     16.85095  eV     1   --> A'             
     e( 40 - 40) =     18.07264  eV     1   --> A'             
     e( 41 - 41) =     18.68063  eV     1   --> A''            
     e( 42 - 42) =     18.74178  eV     1   --> A'             
     e( 43 - 43) =     19.03488  eV     1   --> A''            
     e( 44 - 44) =     21.53006  eV     1   --> A''            
     e( 45 - 45) =     23.40756  eV     1   --> A'             

 **************************************************************************

 **************************************************************************

                    xk=(   0.05312,   0.00000,   0.00000  )

     Band symmetry, C_s (m)     point group:

     e(  1 -  1) =    -39.37259  eV     1   -->   ?
     e(  2 -  2) =    -39.37229  eV     1   -->   ?
     e(  3 -  3) =    -39.37104  eV     1   --> A''            
     e(  4 -  4) =    -39.37087  eV     1   --> A'             
     e(  5 -  6) =    -39.37038  eV     2   --> A'             
     e(  5 -  6) =    -39.37038  eV     2   --> A''            
     e(  7 -  8) =    -39.36506  eV     2   --> A'             
     e(  7 -  8) =    -39.36506  eV     2   --> A''            
     e(  9 -  9) =    -39.36459  eV     1   --> A''            
     e( 10 - 10) =    -39.36443  eV     1   --> A'             
     e( 11 - 11) =    -24.14046  eV     1   --> A''            
     e( 12 - 12) =    -24.12624  eV     1   --> A'             
     e( 13 - 13) =    -24.12421  eV     1   --> A''            
     e( 14 - 14) =    -24.07800  eV     1   --> A''            
     e( 15 - 15) =    -24.07715  eV     1   --> A'             
     e( 16 - 16) =    -24.05991  eV     1   --> A'             
     e( 17 - 17) =    -24.05510  eV     1   --> A''            
     e( 18 - 18) =    -24.05464  eV     1   --> A'             
     e( 19 - 19) =    -24.03803  eV     1   --> A'             
     e( 20 - 20) =    -24.03638  eV     1   --> A''            
     e( 21 - 21) =     -6.42536  eV     1   --> A'             
     e( 22 - 22) =     -5.26417  eV     1   --> A''            
     e( 23 - 23) =      1.08765  eV     1   --> A''            
     e( 24 - 24) =      5.08640  eV     1   --> A''            
     e( 25 - 25) =      5.18351  eV     1   --> A'             
     e( 26 - 26) =      5.84102  eV     1   --> A'             
     e( 27 - 27) =      5.93118  eV     1   --> A'             
     e( 28 - 28) =      5.99841  eV     1   --> A''            
     e( 29 - 29) =      8.62913  eV     1   --> A'             
     e( 30 - 30) =      9.44848  eV     1   --> A''            
     e( 31 - 31) =     12.55339  eV     1   --> A'             
     e( 32 - 32) =     12.69128  eV     1   --> A''            
     e( 33 - 33) =     12.98059  eV     1   --> A'             
     e( 34 - 34) =     14.01859  eV     1   --> A''            
     e( 35 - 35) =     14.14606  eV     1   --> A'             
     e( 36 - 36) =     15.89989  eV     1   --> A''            
     e( 37 - 37) =     16.20769  eV     1   --> A'             
     e( 38 - 38) =     16.48617  eV     1   --> A''            
     e( 39 - 39) =     16.85933  eV     1   --> A'             
     e( 40 - 40) =     18.07920  eV     1   --> A'             
     e( 41 - 41) =     18.68494  eV     1   --> A''            
     e( 42 - 42) =     18.74921  eV     1   --> A'             
     e( 43 - 43) =     19.04381  eV     1   --> A''            
     e( 44 - 44) =     21.52631  eV     1   --> A''            
     e( 45 - 45) =     23.40504  eV     1   --> A'             

 **************************************************************************

 **************************************************************************

                    xk=(   0.05427,   0.00000,   0.00000  )

     Band symmetry, C_s (m)     point group:

     e(  1 -  1) =    -39.37259  eV     1   -->   ?
     e(  2 -  2) =    -39.37229  eV     1   -->   ?
     e(  3 -  3) =    -39.37105  eV     1   --> A''            
     e(  4 -  4) =    -39.37088  eV     1   --> A'             
     e(  5 -  6) =    -39.37038  eV     2   --> A'             
     e(  5 -  6) =    -39.37038  eV     2   --> A''            
     e(  7 -  8) =    -39.36506  eV     2   --> A'             
     e(  7 -  8) =    -39.36506  eV     2   --> A''            
     e(  9 -  9) =    -39.36460  eV     1   --> A''            
     e( 10 - 10) =    -39.36443  eV     1   --> A'             
     e( 11 - 11) =    -24.14042  eV     1   --> A''            
     e( 12 - 12) =    -24.12634  eV     1   --> A'             
     e( 13 - 13) =    -24.12422  eV     1   --> A''            
     e( 14 - 14) =    -24.07798  eV     1   --> A''            
     e( 15 - 15) =    -24.07710  eV     1   --> A'             
     e( 16 - 16) =    -24.05986  eV     1   --> A'             
     e( 17 - 17) =    -24.05515  eV     1   --> A''            
     e( 18 - 18) =    -24.05467  eV     1   --> A'             
     e( 19 - 19) =    -24.03807  eV     1   --> A'             
     e( 20 - 20) =    -24.03636  eV     1   --> A''            
     e( 21 - 21) =     -6.42464  eV     1   --> A'             
     e( 22 - 22) =     -5.26372  eV     1   --> A''            
     e( 23 - 23) =      1.08841  eV     1   --> A''            
     e( 24 - 24) =      5.08083  eV     1   --> A''            
     e( 25 - 25) =      5.18187  eV     1   --> A'             
     e( 26 - 26) =      5.83418  eV     1   --> A'             
     e( 27 - 27) =      5.93035  eV     1   --> A'             
     e( 28 - 28) =      5.99763  eV     1   --> A''            
     e( 29 - 29) =      8.63564  eV     1   --> A'             
     e( 30 - 30) =      9.45402  eV     1   --> A''            
     e( 31 - 31) =     12.54956  eV     1   --> A'             
     e( 32 - 32) =     12.69313  eV     1   --> A''            
     e( 33 - 33) =     12.98258  eV     1   --> A'             
     e( 34 - 34) =     14.01628  eV     1   --> A''            
     e( 35 - 35) =     14.14915  eV     1   --> A'             
     e( 36 - 36) =     15.89438  eV     1   --> A''            
     e( 37 - 37) =     16.19822  eV     1   --> A'             
     e( 38 - 38) =     16.48464  eV     1   --> A''            
     e( 39 - 39) =     16.86783  eV     1   --> A'             
     e( 40 - 40) =     18.08575  eV     1   --> A'             
     e( 41 - 41) =     18.68934  eV     1   --> A''            
     e( 42 - 42) =     18.75685  eV     1   --> A'             
     e( 43 - 43) =     19.05287  eV     1   --> A''            
     e( 44 - 44) =     21.52253  eV     1   --> A''            
     e( 45 - 45) =     23.40245  eV     1   --> A'             

 **************************************************************************

 **************************************************************************

                    xk=(   0.05543,   0.00000,   0.00000  )

     Band symmetry, C_s (m)     point group:

     e(  1 -  1) =    -39.37259  eV     1   -->   ?
     e(  2 -  2) =    -39.37229  eV     1   -->   ?
     e(  3 -  3) =    -39.37105  eV     1   --> A''            
     e(  4 -  4) =    -39.37088  eV     1   --> A'             
     e(  5 -  6) =    -39.37039  eV     2   --> A'             
     e(  5 -  6) =    -39.37039  eV     2   --> A''            
     e(  7 -  8) =    -39.36506  eV     2   --> A'             
     e(  7 -  8) =    -39.36506  eV     2   --> A''            
     e(  9 -  9) =    -39.36460  eV     1   --> A''            
     e( 10 - 10) =    -39.36443  eV     1   --> A'             
     e( 11 - 11) =    -24.14038  eV     1   --> A''            
     e( 12 - 12) =    -24.12645  eV     1   --> A'             
     e( 13 - 13) =    -24.12424  eV     1   --> A''            
     e( 14 - 14) =    -24.07795  eV     1   --> A''            
     e( 15 - 15) =    -24.07705  eV     1   --> A'             
     e( 16 - 16) =    -24.05981  eV     1   --> A'             
     e( 17 - 17) =    -24.05519  eV     1   --> A''            
     e( 18 - 18) =    -24.05471  eV     1   --> A'             
     e( 19 - 19) =    -24.03811  eV     1   --> A'             
     e( 20 - 20) =    -24.03633  eV     1   --> A''            
     e( 21 - 21) =     -6.42391  eV     1   --> A'             
     e( 22 - 22) =     -5.26326  eV     1   --> A''            
     e( 23 - 23) =      1.08918  eV     1   --> A''            
     e( 24 - 24) =      5.07516  eV     1   --> A''            
     e( 25 - 25) =      5.18019  eV     1   --> A'             
     e( 26 - 26) =      5.82724  eV     1   --> A'             
     e( 27 - 27) =      5.92952  eV     1   --> A'             
     e( 28 - 28) =      5.99683  eV     1   --> A''            
     e( 29 - 29) =      8.64224  eV     1   --> A'             
     e( 30 - 30) =      9.45964  eV     1   --> A''            
     e( 31 - 31) =     12.54568  eV     1   --> A'             
     e( 32 - 32) =     12.69502  eV     1   --> A''            
     e( 33 - 33) =     12.98459  eV     1   --> A'             
     e( 34 - 34) =     14.01394  eV     1   --> A''            
     e( 35 - 35) =     14.15230  eV     1   --> A'             
     e( 36 - 36) =     15.88875  eV     1   --> A''            
     e( 37 - 37) =     16.18871  eV     1   --> A'             
     e( 38 - 38) =     16.48311  eV     1   --> A''            
     e( 39 - 39) =     16.87645  eV     1   --> A'             
     e( 40 - 40) =     18.09229  eV     1   --> A'             
     e( 41 - 41) =     18.69385  eV     1   --> A''            
     e( 42 - 42) =     18.76470  eV     1   --> A'             
     e( 43 - 43) =     19.06205  eV     1   --> A''            
     e( 44 - 44) =     21.51872  eV     1   --> A''            
     e( 45 - 45) =     23.39982  eV     1   --> A'             

 **************************************************************************

 **************************************************************************

                    xk=(   0.05658,   0.00000,   0.00000  )

     Band symmetry, C_s (m)     point group:

     e(  1 -  1) =    -39.37259  eV     1   -->   ?
     e(  2 -  2) =    -39.37229  eV     1   -->   ?
     e(  3 -  3) =    -39.37105  eV     1   --> A''            
     e(  4 -  4) =    -39.37088  eV     1   --> A'             
     e(  5 -  6) =    -39.37039  eV     2   --> A'             
     e(  5 -  6) =    -39.37039  eV     2   --> A''            
     e(  7 -  8) =    -39.36507  eV     2   --> A'             
     e(  7 -  8) =    -39.36507  eV     2   --> A''            
     e(  9 -  9) =    -39.36460  eV     1   --> A''            
     e( 10 - 10) =    -39.36443  eV     1   --> A'             
     e( 11 - 11) =    -24.14034  eV     1   --> A''            
     e( 12 - 12) =    -24.12655  eV     1   --> A'             
     e( 13 - 13) =    -24.12425  eV     1   --> A''            
     e( 14 - 14) =    -24.07793  eV     1   --> A''            
     e( 15 - 15) =    -24.07699  eV     1   --> A'             
     e( 16 - 16) =    -24.05976  eV     1   --> A'             
     e( 17 - 17) =    -24.05524  eV     1   --> A''            
     e( 18 - 18) =    -24.05474  eV     1   --> A'             
     e( 19 - 19) =    -24.03816  eV     1   --> A'             
     e( 20 - 20) =    -24.03630  eV     1   --> A''            
     e( 21 - 21) =     -6.42317  eV     1   --> A'             
     e( 22 - 22) =     -5.26279  eV     1   --> A''            
     e( 23 - 23) =      1.08997  eV     1   --> A''            
     e( 24 - 24) =      5.06939  eV     1   --> A''            
     e( 25 - 25) =      5.17847  eV     1   --> A'             
     e( 26 - 26) =      5.82018  eV     1   --> A'             
     e( 27 - 27) =      5.92868  eV     1   --> A'             
     e( 28 - 28) =      5.99602  eV     1   --> A''            
     e( 29 - 29) =      8.64894  eV     1   --> A'             
     e( 30 - 30) =      9.46537  eV     1   --> A''            
     e( 31 - 31) =     12.54174  eV     1   --> A'             
     e( 32 - 32) =     12.69694  eV     1   --> A''            
     e( 33 - 33) =     12.98664  eV     1   --> A'             
     e( 34 - 34) =     14.01156  eV     1   --> A''            
     e( 35 - 35) =     14.15551  eV     1   --> A'             
     e( 36 - 36) =     15.88302  eV     1   --> A''            
     e( 37 - 37) =     16.17916  eV     1   --> A'             
     e( 38 - 38) =     16.48160  eV     1   --> A''            
     e( 39 - 39) =     16.88518  eV     1   --> A'             
     e( 40 - 40) =     18.09881  eV     1   --> A'             
     e( 41 - 41) =     18.69844  eV     1   --> A''            
     e( 42 - 42) =     18.77276  eV     1   --> A'             
     e( 43 - 43) =     19.07134  eV     1   --> A''            
     e( 44 - 44) =     21.51487  eV     1   --> A''            
     e( 45 - 45) =     23.39713  eV     1   --> A'             

 **************************************************************************

 **************************************************************************

                    xk=(   0.05774,   0.00000,   0.00000  )

     Band symmetry, C_s (m)     point group:

     e(  1 -  1) =    -39.37259  eV     1   -->   ?
     e(  2 -  2) =    -39.37229  eV     1   -->   ?
     e(  3 -  3) =    -39.37105  eV     1   --> A''            
     e(  4 -  4) =    -39.37088  eV     1   --> A'             
     e(  5 -  6) =    -39.37039  eV     2   --> A'             
     e(  5 -  6) =    -39.37039  eV     2   --> A''            
     e(  7 -  8) =    -39.36507  eV     2   --> A'             
     e(  7 -  8) =    -39.36507  eV     2   --> A''            
     e(  9 -  9) =    -39.36460  eV     1   --> A''            
     e( 10 - 10) =    -39.36443  eV     1   --> A'             
     e( 11 - 11) =    -24.14030  eV     1   --> A''            
     e( 12 - 12) =    -24.12666  eV     1   --> A'             
     e( 13 - 13) =    -24.12427  eV     1   --> A''            
     e( 14 - 14) =    -24.07791  eV     1   --> A''            
     e( 15 - 15) =    -24.07694  eV     1   --> A'             
     e( 16 - 16) =    -24.05970  eV     1   --> A'             
     e( 17 - 17) =    -24.05529  eV     1   --> A''            
     e( 18 - 18) =    -24.05478  eV     1   --> A'             
     e( 19 - 19) =    -24.03820  eV     1   --> A'             
     e( 20 - 20) =    -24.03627  eV     1   --> A''            
     e( 21 - 21) =     -6.42241  eV     1   --> A'             
     e( 22 - 22) =     -5.26231  eV     1   --> A''            
     e( 23 - 23) =      1.09078  eV     1   --> A''            
     e( 24 - 24) =      5.06353  eV     1   --> A''            
     e( 25 - 25) =      5.17671  eV     1   --> A'             
     e( 26 - 26) =      5.81302  eV     1   --> A'             
     e( 27 - 27) =      5.92783  eV     1   --> A'             
     e( 28 - 28) =      5.99518  eV     1   --> A''            
     e( 29 - 29) =      8.65573  eV     1   --> A'             
     e( 30 - 30) =      9.47118  eV     1   --> A''            
     e( 31 - 31) =     12.53774  eV     1   --> A'             
     e( 32 - 32) =     12.69890  eV     1   --> A''            
     e( 33 - 33) =     12.98873  eV     1   --> A'             
     e( 34 - 34) =     14.00914  eV     1   --> A''            
     e( 35 - 35) =     14.15879  eV     1   --> A'             
     e( 36 - 36) =     15.87719  eV     1   --> A''            
     e( 37 - 37) =     16.16956  eV     1   --> A'             
     e( 38 - 38) =     16.48010  eV     1   --> A''            
     e( 39 - 39) =     16.89403  eV     1   --> A'             
     e( 40 - 40) =     18.10531  eV     1   --> A'             
     e( 41 - 41) =     18.70313  eV     1   --> A''            
     e( 42 - 42) =     18.78102  eV     1   --> A'             
     e( 43 - 43) =     19.08075  eV     1   --> A''            
     e( 44 - 44) =     21.51099  eV     1   --> A''            
     e( 45 - 45) =     23.39438  eV     1   --> A'             

 **************************************************************************

 **************************************************************************

                    xk=(   0.05889,   0.00000,   0.00000  )

     Band symmetry, C_s (m)     point group:

     e(  1 -  1) =    -39.37260  eV     1   -->   ?
     e(  2 -  2) =    -39.37230  eV     1   -->   ?
     e(  3 -  3) =    -39.37105  eV     1   --> A''            
     e(  4 -  4) =    -39.37088  eV     1   --> A'             
     e(  5 -  6) =    -39.37039  eV     2   --> A'             
     e(  5 -  6) =    -39.37039  eV     2   --> A''            
     e(  7 -  8) =    -39.36507  eV     2   --> A'             
     e(  7 -  8) =    -39.36507  eV     2   --> A''            
     e(  9 -  9) =    -39.36460  eV     1   --> A''            
     e( 10 - 10) =    -39.36443  eV     1   --> A'             
     e( 11 - 11) =    -24.14026  eV     1   --> A''            
     e( 12 - 12) =    -24.12677  eV     1   --> A'             
     e( 13 - 13) =    -24.12429  eV     1   --> A''            
     e( 14 - 14) =    -24.07789  eV     1   --> A''            
     e( 15 - 15) =    -24.07688  eV     1   --> A'             
     e( 16 - 16) =    -24.05965  eV     1   --> A'             
     e( 17 - 17) =    -24.05534  eV     1   --> A''            
     e( 18 - 18) =    -24.05481  eV     1   --> A'             
     e( 19 - 19) =    -24.03824  eV     1   --> A'             
     e( 20 - 20) =    -24.03625  eV     1   --> A''            
     e( 21 - 21) =     -6.42164  eV     1   --> A'             
     e( 22 - 22) =     -5.26183  eV     1   --> A''            
     e( 23 - 23) =      1.09160  eV     1   --> A''            
     e( 24 - 24) =      5.05758  eV     1   --> A''            
     e( 25 - 25) =      5.17491  eV     1   --> A'             
     e( 26 - 26) =      5.80576  eV     1   --> A'             
     e( 27 - 27) =      5.92697  eV     1   --> A'             
     e( 28 - 28) =      5.99432  eV     1   --> A''            
     e( 29 - 29) =      8.66262  eV     1   --> A'             
     e( 30 - 30) =      9.47709  eV     1   --> A''            
     e( 31 - 31) =     12.53369  eV     1   --> A'             
     e( 32 - 32) =     12.70090  eV     1   --> A''            
     e( 33 - 33) =     12.99085  eV     1   --> A'             
     e( 34 - 34) =     14.00670  eV     1   --> A''            
     e( 35 - 35) =     14.16213  eV     1   --> A'             
     e( 36 - 36) =     15.87124  eV     1   --> A''            
     e( 37 - 37) =     16.15993  eV     1   --> A'             
     e( 38 - 38) =     16.47862  eV     1   --> A''            
     e( 39 - 39) =     16.90300  eV     1   --> A'             
     e( 40 - 40) =     18.11178  eV     1   --> A'             
     e( 41 - 41) =     18.70791  eV     1   --> A''            
     e( 42 - 42) =     18.78950  eV     1   --> A'             
     e( 43 - 43) =     19.09026  eV     1   --> A''            
     e( 44 - 44) =     21.50708  eV     1   --> A''            
     e( 45 - 45) =     23.39158  eV     1   --> A'             

 **************************************************************************

 **************************************************************************

                    xk=(   0.06004,   0.00000,   0.00000  )

     Band symmetry, C_s (m)     point group:

     e(  1 -  1) =    -39.37260  eV     1   -->   ?
     e(  2 -  2) =    -39.37230  eV     1   -->   ?
     e(  3 -  3) =    -39.37105  eV     1   --> A''            
     e(  4 -  4) =    -39.37088  eV     1   --> A'             
     e(  5 -  6) =    -39.37039  eV     2   --> A'             
     e(  5 -  6) =    -39.37039  eV     2   --> A''            
     e(  7 -  8) =    -39.36507  eV     2   --> A'             
     e(  7 -  8) =    -39.36507  eV     2   --> A''            
     e(  9 -  9) =    -39.36460  eV     1   --> A''            
     e( 10 - 10) =    -39.36443  eV     1   --> A'             
     e( 11 - 11) =    -24.14022  eV     1   --> A''            
     e( 12 - 12) =    -24.12688  eV     1   --> A'             
     e( 13 - 13) =    -24.12430  eV     1   --> A''            
     e( 14 - 14) =    -24.07787  eV     1   --> A''            
     e( 15 - 15) =    -24.07683  eV     1   --> A'             
     e( 16 - 16) =    -24.05960  eV     1   --> A'             
     e( 17 - 17) =    -24.05539  eV     1   --> A''            
     e( 18 - 18) =    -24.05485  eV     1   --> A'             
     e( 19 - 19) =    -24.03829  eV     1   --> A'             
     e( 20 - 20) =    -24.03622  eV     1   --> A''            
     e( 21 - 21) =     -6.42085  eV     1   --> A'             
     e( 22 - 22) =     -5.26133  eV     1   --> A''            
     e( 23 - 23) =      1.09244  eV     1   --> A''            
     e( 24 - 24) =      5.05153  eV     1   --> A''            
     e( 25 - 25) =      5.17307  eV     1   --> A'             
     e( 26 - 26) =      5.79840  eV     1   --> A'             
     e( 27 - 27) =      5.92610  eV     1   --> A'             
     e( 28 - 28) =      5.99344  eV     1   --> A''            
     e( 29 - 29) =      8.66959  eV     1   --> A'             
     e( 30 - 30) =      9.48310  eV     1   --> A''            
     e( 31 - 31) =     12.52959  eV     1   --> A'             
     e( 32 - 32) =     12.70292  eV     1   --> A''            
     e( 33 - 33) =     12.99300  eV     1   --> A'             
     e( 34 - 34) =     14.00422  eV     1   --> A''            
     e( 35 - 35) =     14.16554  eV     1   --> A'             
     e( 36 - 36) =     15.86519  eV     1   --> A''            
     e( 37 - 37) =     16.15026  eV     1   --> A'             
     e( 38 - 38) =     16.47715  eV     1   --> A''            
     e( 39 - 39) =     16.91208  eV     1   --> A'             
     e( 40 - 40) =     18.11823  eV     1   --> A'             
     e( 41 - 41) =     18.71277  eV     1   --> A''            
     e( 42 - 42) =     18.79818  eV     1   --> A'             
     e( 43 - 43) =     19.09989  eV     1   --> A''            
     e( 44 - 44) =     21.50315  eV     1   --> A''            
     e( 45 - 45) =     23.38873  eV     1   --> A'             

 **************************************************************************

 **************************************************************************

                    xk=(   0.06120,   0.00000,   0.00000  )

     Band symmetry, C_s (m)     point group:

     e(  1 -  1) =    -39.37260  eV     1   -->   ?
     e(  2 -  2) =    -39.37230  eV     1   -->   ?
     e(  3 -  3) =    -39.37105  eV     1   --> A''            
     e(  4 -  4) =    -39.37088  eV     1   --> A'             
     e(  5 -  6) =    -39.37039  eV     2   --> A'             
     e(  5 -  6) =    -39.37039  eV     2   --> A''            
     e(  7 -  8) =    -39.36507  eV     2   --> A'             
     e(  7 -  8) =    -39.36507  eV     2   --> A''            
     e(  9 -  9) =    -39.36461  eV     1   --> A''            
     e( 10 - 10) =    -39.36443  eV     1   --> A'             
     e( 11 - 11) =    -24.14018  eV     1   --> A''            
     e( 12 - 12) =    -24.12699  eV     1   --> A'             
     e( 13 - 13) =    -24.12432  eV     1   --> A''            
     e( 14 - 14) =    -24.07784  eV     1   --> A''            
     e( 15 - 15) =    -24.07677  eV     1   --> A'             
     e( 16 - 16) =    -24.05954  eV     1   --> A'             
     e( 17 - 17) =    -24.05544  eV     1   --> A''            
     e( 18 - 18) =    -24.05489  eV     1   --> A'             
     e( 19 - 19) =    -24.03833  eV     1   --> A'             
     e( 20 - 20) =    -24.03619  eV     1   --> A''            
     e( 21 - 21) =     -6.42004  eV     1   --> A'             
     e( 22 - 22) =     -5.26083  eV     1   --> A''            
     e( 23 - 23) =      1.09330  eV     1   --> A''            
     e( 24 - 24) =      5.04539  eV     1   --> A''            
     e( 25 - 25) =      5.17118  eV     1   --> A'             
     e( 26 - 26) =      5.79095  eV     1   --> A'             
     e( 27 - 27) =      5.92522  eV     1   --> A'             
     e( 28 - 28) =      5.99255  eV     1   --> A''            
     e( 29 - 29) =      8.67666  eV     1   --> A'             
     e( 30 - 30) =      9.48919  eV     1   --> A''            
     e( 31 - 31) =     12.52544  eV     1   --> A'             
     e( 32 - 32) =     12.70499  eV     1   --> A''            
     e( 33 - 33) =     12.99519  eV     1   --> A'             
     e( 34 - 34) =     14.00171  eV     1   --> A''            
     e( 35 - 35) =     14.16900  eV     1   --> A'             
     e( 36 - 36) =     15.85904  eV     1   --> A''            
     e( 37 - 37) =     16.14056  eV     1   --> A'             
     e( 38 - 38) =     16.47570  eV     1   --> A''            
     e( 39 - 39) =     16.92128  eV     1   --> A'             
     e( 40 - 40) =     18.12464  eV     1   --> A'             
     e( 41 - 41) =     18.71773  eV     1   --> A''            
     e( 42 - 42) =     18.80708  eV     1   --> A'             
     e( 43 - 43) =     19.10962  eV     1   --> A''            
     e( 44 - 44) =     21.49920  eV     1   --> A''            
     e( 45 - 45) =     23.38582  eV     1   --> A'             

 **************************************************************************

 **************************************************************************

                    xk=(   0.06235,   0.00000,   0.00000  )

     Band symmetry, C_s (m)     point group:

     e(  1 -  1) =    -39.37260  eV     1   -->   ?
     e(  2 -  2) =    -39.37230  eV     1   -->   ?
     e(  3 -  3) =    -39.37105  eV     1   --> A''            
     e(  4 -  4) =    -39.37088  eV     1   --> A'             
     e(  5 -  6) =    -39.37040  eV     2   --> A'             
     e(  5 -  6) =    -39.37040  eV     2   --> A''            
     e(  7 -  8) =    -39.36507  eV     2   --> A'             
     e(  7 -  8) =    -39.36507  eV     2   --> A''            
     e(  9 -  9) =    -39.36461  eV     1   --> A''            
     e( 10 - 10) =    -39.36443  eV     1   --> A'             
     e( 11 - 11) =    -24.14014  eV     1   --> A''            
     e( 12 - 12) =    -24.12710  eV     1   --> A'             
     e( 13 - 13) =    -24.12433  eV     1   --> A''            
     e( 14 - 14) =    -24.07782  eV     1   --> A''            
     e( 15 - 15) =    -24.07672  eV     1   --> A'             
     e( 16 - 16) =    -24.05948  eV     1   --> A'             
     e( 17 - 17) =    -24.05549  eV     1   --> A''            
     e( 18 - 18) =    -24.05493  eV     1   --> A'             
     e( 19 - 19) =    -24.03838  eV     1   --> A'             
     e( 20 - 20) =    -24.03616  eV     1   --> A''            
     e( 21 - 21) =     -6.41922  eV     1   --> A'             
     e( 22 - 22) =     -5.26031  eV     1   --> A''            
     e( 23 - 23) =      1.09417  eV     1   --> A''            
     e( 24 - 24) =      5.03916  eV     1   --> A''            
     e( 25 - 25) =      5.16926  eV     1   --> A'             
     e( 26 - 26) =      5.78340  eV     1   --> A'             
     e( 27 - 27) =      5.92432  eV     1   --> A'             
     e( 28 - 28) =      5.99163  eV     1   --> A''            
     e( 29 - 29) =      8.68381  eV     1   --> A'             
     e( 30 - 30) =      9.49537  eV     1   --> A''            
     e( 31 - 31) =     12.52124  eV     1   --> A'             
     e( 32 - 32) =     12.70708  eV     1   --> A''            
     e( 33 - 33) =     12.99741  eV     1   --> A'             
     e( 34 - 34) =     13.99917  eV     1   --> A''            
     e( 35 - 35) =     14.17254  eV     1   --> A'             
     e( 36 - 36) =     15.85279  eV     1   --> A''            
     e( 37 - 37) =     16.13083  eV     1   --> A'             
     e( 38 - 38) =     16.47427  eV     1   --> A''            
     e( 39 - 39) =     16.93060  eV     1   --> A'             
     e( 40 - 40) =     18.13102  eV     1   --> A'             
     e( 41 - 41) =     18.72277  eV     1   --> A''            
     e( 42 - 42) =     18.81618  eV     1   --> A'             
     e( 43 - 43) =     19.11946  eV     1   --> A''            
     e( 44 - 44) =     21.49522  eV     1   --> A''            
     e( 45 - 45) =     23.38286  eV     1   --> A'             

 **************************************************************************

 **************************************************************************

                    xk=(   0.06351,   0.00000,   0.00000  )

     Band symmetry, C_s (m)     point group:

     e(  1 -  1) =    -39.37260  eV     1   -->   ?
     e(  2 -  2) =    -39.37230  eV     1   -->   ?
     e(  3 -  3) =    -39.37105  eV     1   --> A''            
     e(  4 -  4) =    -39.37088  eV     1   --> A'             
     e(  5 -  6) =    -39.37040  eV     2   --> A'             
     e(  5 -  6) =    -39.37040  eV     2   --> A''            
     e(  7 -  8) =    -39.36507  eV     2   --> A'             
     e(  7 -  8) =    -39.36507  eV     2   --> A''            
     e(  9 -  9) =    -39.36461  eV     1   --> A''            
     e( 10 - 10) =    -39.36444  eV     1   --> A'             
     e( 11 - 11) =    -24.14009  eV     1   --> A''            
     e( 12 - 12) =    -24.12721  eV     1   --> A'             
     e( 13 - 13) =    -24.12435  eV     1   --> A''            
     e( 14 - 14) =    -24.07780  eV     1   --> A''            
     e( 15 - 15) =    -24.07666  eV     1   --> A'             
     e( 16 - 16) =    -24.05943  eV     1   --> A'             
     e( 17 - 17) =    -24.05554  eV     1   --> A''            
     e( 18 - 18) =    -24.05496  eV     1   --> A'             
     e( 19 - 19) =    -24.03842  eV     1   --> A'             
     e( 20 - 20) =    -24.03613  eV     1   --> A''            
     e( 21 - 21) =     -6.41838  eV     1   --> A'             
     e( 22 - 22) =     -5.25979  eV     1   --> A''            
     e( 23 - 23) =      1.09506  eV     1   --> A''            
     e( 24 - 24) =      5.03285  eV     1   --> A''            
     e( 25 - 25) =      5.16729  eV     1   --> A'             
     e( 26 - 26) =      5.77577  eV     1   --> A'             
     e( 27 - 27) =      5.92341  eV     1   --> A'             
     e( 28 - 28) =      5.99069  eV     1   --> A''            
     e( 29 - 29) =      8.69104  eV     1   --> A'             
     e( 30 - 30) =      9.50164  eV     1   --> A''            
     e( 31 - 31) =     12.51699  eV     1   --> A'             
     e( 32 - 32) =     12.70921  eV     1   --> A''            
     e( 33 - 33) =     12.99967  eV     1   --> A'             
     e( 34 - 34) =     13.99660  eV     1   --> A''            
     e( 35 - 35) =     14.17613  eV     1   --> A'             
     e( 36 - 36) =     15.84643  eV     1   --> A''            
     e( 37 - 37) =     16.12107  eV     1   --> A'             
     e( 38 - 38) =     16.47285  eV     1   --> A''            
     e( 39 - 39) =     16.94003  eV     1   --> A'             
     e( 40 - 40) =     18.13737  eV     1   --> A'             
     e( 41 - 41) =     18.72789  eV     1   --> A''            
     e( 42 - 42) =     18.82549  eV     1   --> A'             
     e( 43 - 43) =     19.12940  eV     1   --> A''            
     e( 44 - 44) =     21.49123  eV     1   --> A''            
     e( 45 - 45) =     23.37984  eV     1   --> A'             

 **************************************************************************

 **************************************************************************

                    xk=(   0.06466,   0.00000,   0.00000  )

     Band symmetry, C_s (m)     point group:

     e(  1 -  1) =    -39.37260  eV     1   -->   ?
     e(  2 -  2) =    -39.37231  eV     1   -->   ?
     e(  3 -  3) =    -39.37105  eV     1   --> A''            
     e(  4 -  4) =    -39.37089  eV     1   --> A'             
     e(  5 -  6) =    -39.37040  eV     2   --> A'             
     e(  5 -  6) =    -39.37040  eV     2   --> A''            
     e(  7 -  8) =    -39.36507  eV     2   --> A'             
     e(  7 -  8) =    -39.36507  eV     2   --> A''            
     e(  9 -  9) =    -39.36461  eV     1   --> A''            
     e( 10 - 10) =    -39.36444  eV     1   --> A'             
     e( 11 - 11) =    -24.14005  eV     1   --> A''            
     e( 12 - 12) =    -24.12733  eV     1   --> A'             
     e( 13 - 13) =    -24.12436  eV     1   --> A''            
     e( 14 - 14) =    -24.07778  eV     1   --> A''            
     e( 15 - 15) =    -24.07660  eV     1   --> A'             
     e( 16 - 16) =    -24.05937  eV     1   --> A'             
     e( 17 - 17) =    -24.05560  eV     1   --> A''            
     e( 18 - 18) =    -24.05500  eV     1   --> A'             
     e( 19 - 19) =    -24.03847  eV     1   --> A'             
     e( 20 - 20) =    -24.03610  eV     1   --> A''            
     e( 21 - 21) =     -6.41753  eV     1   --> A'             
     e( 22 - 22) =     -5.25926  eV     1   --> A''            
     e( 23 - 23) =      1.09596  eV     1   --> A''            
     e( 24 - 24) =      5.02644  eV     1   --> A''            
     e( 25 - 25) =      5.16527  eV     1   --> A'             
     e( 26 - 26) =      5.76805  eV     1   --> A'             
     e( 27 - 27) =      5.92249  eV     1   --> A'             
     e( 28 - 28) =      5.98973  eV     1   --> A''            
     e( 29 - 29) =      8.69836  eV     1   --> A'             
     e( 30 - 30) =      9.50800  eV     1   --> A''            
     e( 31 - 31) =     12.51270  eV     1   --> A'             
     e( 32 - 32) =     12.71137  eV     1   --> A''            
     e( 33 - 33) =     13.00196  eV     1   --> A'             
     e( 34 - 34) =     13.99400  eV     1   --> A''            
     e( 35 - 35) =     14.17979  eV     1   --> A'             
     e( 36 - 36) =     15.83998  eV     1   --> A''            
     e( 37 - 37) =     16.11129  eV     1   --> A'             
     e( 38 - 38) =     16.47146  eV     1   --> A''            
     e( 39 - 39) =     16.94958  eV     1   --> A'             
     e( 40 - 40) =     18.14368  eV     1   --> A'             
     e( 41 - 41) =     18.73310  eV     1   --> A''            
     e( 42 - 42) =     18.83501  eV     1   --> A'             
     e( 43 - 43) =     19.13944  eV     1   --> A''            
     e( 44 - 44) =     21.48722  eV     1   --> A''            
     e( 45 - 45) =     23.37677  eV     1   --> A'             

 **************************************************************************

 **************************************************************************

                    xk=(   0.06582,   0.00000,   0.00000  )

     Band symmetry, C_s (m)     point group:

     e(  1 -  1) =    -39.37260  eV     1   -->   ?
     e(  2 -  2) =    -39.37231  eV     1   -->   ?
     e(  3 -  3) =    -39.37105  eV     1   --> A''            
     e(  4 -  4) =    -39.37089  eV     1   --> A'             
     e(  5 -  6) =    -39.37040  eV     2   --> A'             
     e(  5 -  6) =    -39.37040  eV     2   --> A''            
     e(  7 -  8) =    -39.36507  eV     2   --> A'             
     e(  7 -  8) =    -39.36507  eV     2   --> A''            
     e(  9 -  9) =    -39.36461  eV     1   --> A''            
     e( 10 - 10) =    -39.36444  eV     1   --> A'             
     e( 11 - 11) =    -24.14001  eV     1   --> A''            
     e( 12 - 12) =    -24.12745  eV     1   --> A'             
     e( 13 - 13) =    -24.12438  eV     1   --> A''            
     e( 14 - 14) =    -24.07775  eV     1   --> A''            
     e( 15 - 15) =    -24.07654  eV     1   --> A'             
     e( 16 - 16) =    -24.05931  eV     1   --> A'             
     e( 17 - 17) =    -24.05565  eV     1   --> A''            
     e( 18 - 18) =    -24.05504  eV     1   --> A'             
     e( 19 - 19) =    -24.03852  eV     1   --> A'             
     e( 20 - 20) =    -24.03607  eV     1   --> A''            
     e( 21 - 21) =     -6.41667  eV     1   --> A'             
     e( 22 - 22) =     -5.25871  eV     1   --> A''            
     e( 23 - 23) =      1.09688  eV     1   --> A''            
     e( 24 - 24) =      5.01995  eV     1   --> A''            
     e( 25 - 25) =      5.16322  eV     1   --> A'             
     e( 26 - 26) =      5.76025  eV     1   --> A'             
     e( 27 - 27) =      5.92156  eV     1   --> A'             
     e( 28 - 28) =      5.98874  eV     1   --> A''            
     e( 29 - 29) =      8.70576  eV     1   --> A'             
     e( 30 - 30) =      9.51444  eV     1   --> A''            
     e( 31 - 31) =     12.50836  eV     1   --> A'             
     e( 32 - 32) =     12.71357  eV     1   --> A''            
     e( 33 - 33) =     13.00428  eV     1   --> A'             
     e( 34 - 34) =     13.99137  eV     1   --> A''            
     e( 35 - 35) =     14.18351  eV     1   --> A'             
     e( 36 - 36) =     15.83343  eV     1   --> A''            
     e( 37 - 37) =     16.10148  eV     1   --> A'             
     e( 38 - 38) =     16.47008  eV     1   --> A''            
     e( 39 - 39) =     16.95924  eV     1   --> A'             
     e( 40 - 40) =     18.14994  eV     1   --> A'             
     e( 41 - 41) =     18.73838  eV     1   --> A''            
     e( 42 - 42) =     18.84474  eV     1   --> A'             
     e( 43 - 43) =     19.14958  eV     1   --> A''            
     e( 44 - 44) =     21.48320  eV     1   --> A''            
     e( 45 - 45) =     23.37365  eV     1   --> A'             

 **************************************************************************

 **************************************************************************

                    xk=(   0.06697,   0.00000,   0.00000  )

     Band symmetry, C_s (m)     point group:

     e(  1 -  1) =    -39.37260  eV     1   -->   ?
     e(  2 -  2) =    -39.37231  eV     1   -->   ?
     e(  3 -  3) =    -39.37105  eV     1   --> A''            
     e(  4 -  4) =    -39.37089  eV     1   --> A'             
     e(  5 -  6) =    -39.37040  eV     2   --> A'             
     e(  5 -  6) =    -39.37040  eV     2   --> A''            
     e(  7 -  8) =    -39.36507  eV     2   --> A'             
     e(  7 -  8) =    -39.36507  eV     2   --> A''            
     e(  9 -  9) =    -39.36461  eV     1   --> A''            
     e( 10 - 10) =    -39.36444  eV     1   --> A'             
     e( 11 - 11) =    -24.13996  eV     1   --> A''            
     e( 12 - 12) =    -24.12756  eV     1   --> A'             
     e( 13 - 13) =    -24.12439  eV     1   --> A''            
     e( 14 - 14) =    -24.07773  eV     1   --> A''            
     e( 15 - 15) =    -24.07648  eV     1   --> A'             
     e( 16 - 16) =    -24.05926  eV     1   --> A'             
     e( 17 - 17) =    -24.05570  eV     1   --> A''            
     e( 18 - 18) =    -24.05508  eV     1   --> A'             
     e( 19 - 19) =    -24.03857  eV     1   --> A'             
     e( 20 - 20) =    -24.03604  eV     1   --> A''            
     e( 21 - 21) =     -6.41578  eV     1   --> A'             
     e( 22 - 22) =     -5.25816  eV     1   --> A''            
     e( 23 - 23) =      1.09781  eV     1   --> A''            
     e( 24 - 24) =      5.01338  eV     1   --> A''            
     e( 25 - 25) =      5.16111  eV     1   --> A'             
     e( 26 - 26) =      5.75236  eV     1   --> A'             
     e( 27 - 27) =      5.92061  eV     1   --> A'             
     e( 28 - 28) =      5.98774  eV     1   --> A''            
     e( 29 - 29) =      8.71323  eV     1   --> A'             
     e( 30 - 30) =      9.52096  eV     1   --> A''            
     e( 31 - 31) =     12.50397  eV     1   --> A'             
     e( 32 - 32) =     12.71580  eV     1   --> A''            
     e( 33 - 33) =     13.00663  eV     1   --> A'             
     e( 34 - 34) =     13.98872  eV     1   --> A''            
     e( 35 - 35) =     14.18729  eV     1   --> A'             
     e( 36 - 36) =     15.82679  eV     1   --> A''            
     e( 37 - 37) =     16.09165  eV     1   --> A'             
     e( 38 - 38) =     16.46873  eV     1   --> A''            
     e( 39 - 39) =     16.96902  eV     1   --> A'             
     e( 40 - 40) =     18.15617  eV     1   --> A'             
     e( 41 - 41) =     18.74375  eV     1   --> A''            
     e( 42 - 42) =     18.85467  eV     1   --> A'             
     e( 43 - 43) =     19.15981  eV     1   --> A''            
     e( 44 - 44) =     21.47917  eV     1   --> A''            
     e( 45 - 45) =     23.37048  eV     1   -->   ?

 **************************************************************************

 **************************************************************************

                    xk=(   0.06813,   0.00000,   0.00000  )

     Band symmetry, C_s (m)     point group:

     e(  1 -  1) =    -39.37261  eV     1   -->   ?
     e(  2 -  2) =    -39.37231  eV     1   -->   ?
     e(  3 -  3) =    -39.37105  eV     1   --> A''            
     e(  4 -  4) =    -39.37089  eV     1   --> A'             
     e(  5 -  6) =    -39.37040  eV     2   --> A'             
     e(  5 -  6) =    -39.37040  eV     2   --> A''            
     e(  7 -  8) =    -39.36507  eV     2   --> A'             
     e(  7 -  8) =    -39.36507  eV     2   --> A''            
     e(  9 -  9) =    -39.36461  eV     1   --> A''            
     e( 10 - 10) =    -39.36444  eV     1   --> A'             
     e( 11 - 11) =    -24.13992  eV     1   --> A''            
     e( 12 - 12) =    -24.12768  eV     1   --> A'             
     e( 13 - 13) =    -24.12441  eV     1   --> A''            
     e( 14 - 14) =    -24.07771  eV     1   --> A''            
     e( 15 - 15) =    -24.07642  eV     1   --> A'             
     e( 16 - 16) =    -24.05920  eV     1   --> A'             
     e( 17 - 17) =    -24.05576  eV     1   --> A''            
     e( 18 - 18) =    -24.05512  eV     1   --> A'             
     e( 19 - 19) =    -24.03862  eV     1   --> A'             
     e( 20 - 20) =    -24.03601  eV     1   --> A''            
     e( 21 - 21) =     -6.41489  eV     1   --> A'             
     e( 22 - 22) =     -5.25760  eV     1   --> A''            
     e( 23 - 23) =      1.09876  eV     1   --> A''            
     e( 24 - 24) =      5.00672  eV     1   --> A''            
     e( 25 - 25) =      5.15897  eV     1   --> A'             
     e( 26 - 26) =      5.74440  eV     1   --> A'             
     e( 27 - 27) =      5.91965  eV     1   --> A'             
     e( 28 - 28) =      5.98672  eV     1   --> A''            
     e( 29 - 29) =      8.72079  eV     1   --> A'             
     e( 30 - 30) =      9.52757  eV     1   --> A''            
     e( 31 - 31) =     12.49955  eV     1   --> A'             
     e( 32 - 32) =     12.71806  eV     1   --> A''            
     e( 33 - 33) =     13.00902  eV     1   --> A'             
     e( 34 - 34) =     13.98604  eV     1   --> A''            
     e( 35 - 35) =     14.19114  eV     1   --> A'             
     e( 36 - 36) =     15.82006  eV     1   --> A''            
     e( 37 - 37) =     16.08179  eV     1   --> A'             
     e( 38 - 38) =     16.46739  eV     1   --> A''            
     e( 39 - 39) =     16.97891  eV     1   --> A'             
     e( 40 - 40) =     18.16235  eV     1   --> A'             
     e( 41 - 41) =     18.74919  eV     1   --> A''            
     e( 42 - 42) =     18.86481  eV     1   --> A'             
     e( 43 - 43) =     19.17014  eV     1   --> A''            
     e( 44 - 44) =     21.47513  eV     1   --> A''            
     e( 45 - 45) =     23.36741  eV     1   -->   ?

 **************************************************************************

 **************************************************************************

                    xk=(   0.06928,   0.00000,   0.00000  )

     Band symmetry, C_s (m)     point group:

     e(  1 -  1) =    -39.37253  eV     1   -->   ?
     e(  2 -  2) =    -39.37229  eV     1   -->   ?
     e(  3 -  4) =    -39.37092  eV     2   --> A'             
     e(  3 -  4) =    -39.37092  eV     2   --> A''            
     e(  5 -  6) =    -39.37037  eV     2   --> A'             
     e(  5 -  6) =    -39.37037  eV     2   --> A''            
     e(  7 -  8) =    -39.36505  eV     2   --> A'             
     e(  7 -  8) =    -39.36505  eV     2   --> A''            
     e(  9 - 10) =    -39.36453  eV     2   --> A'             
     e(  9 - 10) =    -39.36453  eV     2   --> A''            
     e( 11 - 11) =    -24.13985  eV     1   --> A''            
     e( 12 - 12) =    -24.12777  eV     1   --> A'             
     e( 13 - 13) =    -24.12442  eV     1   --> A''            
     e( 14 - 14) =    -24.07763  eV     1   --> A''            
     e( 15 - 15) =    -24.07636  eV     1   --> A'             
     e( 16 - 16) =    -24.05910  eV     1   --> A'             
     e( 17 - 17) =    -24.05572  eV     1   --> A''            
     e( 18 - 18) =    -24.05516  eV     1   --> A'             
     e( 19 - 19) =    -24.03864  eV     1   --> A'             
     e( 20 - 20) =    -24.03597  eV     1   --> A''            
     e( 21 - 21) =     -6.41397  eV     1   --> A'             
     e( 22 - 22) =     -5.25703  eV     1   --> A''            
     e( 23 - 23) =      1.09973  eV     1   --> A''            
     e( 24 - 24) =      4.99999  eV     1   --> A''            
     e( 25 - 25) =      5.15678  eV     1   --> A'             
     e( 26 - 26) =      5.73635  eV     1   --> A'             
     e( 27 - 27) =      5.91867  eV     1   --> A'             
     e( 28 - 28) =      5.98568  eV     1   --> A''            
     e( 29 - 29) =      8.72841  eV     1   --> A'             
     e( 30 - 30) =      9.53426  eV     1   --> A''            
     e( 31 - 31) =     12.49508  eV     1   --> A'             
     e( 32 - 32) =     12.72034  eV     1   --> A''            
     e( 33 - 33) =     13.01143  eV     1   --> A'             
     e( 34 - 34) =     13.98332  eV     1   --> A''            
     e( 35 - 35) =     14.19504  eV     1   --> A'             
     e( 36 - 36) =     15.81324  eV     1   --> A''            
     e( 37 - 37) =     16.07192  eV     1   --> A'             
     e( 38 - 38) =     16.46608  eV     1   --> A''            
     e( 39 - 39) =     16.98892  eV     1   --> A'             
     e( 40 - 40) =     18.16849  eV     1   --> A'             
     e( 41 - 41) =     18.75470  eV     1   --> A''            
     e( 42 - 42) =     18.87515  eV     1   --> A'             
     e( 43 - 43) =     19.18057  eV     1   --> A''            
     e( 44 - 44) =     21.47108  eV     1   --> A''            
     e( 45 - 45) =     23.35759  eV     1   -->   ?

 **************************************************************************

 **************************************************************************

                    xk=(   0.07044,   0.00000,   0.00000  )

     Band symmetry, C_s (m)     point group:

     e(  1 -  1) =    -39.37253  eV     1   -->   ?
     e(  2 -  2) =    -39.37230  eV     1   -->   ?
     e(  3 -  4) =    -39.37092  eV     2   --> A'             
     e(  3 -  4) =    -39.37092  eV     2   --> A''            
     e(  5 -  6) =    -39.37037  eV     2   --> A'             
     e(  5 -  6) =    -39.37037  eV     2   --> A''            
     e(  7 -  8) =    -39.36505  eV     2   --> A'             
     e(  7 -  8) =    -39.36505  eV     2   --> A''            
     e(  9 - 10) =    -39.36453  eV     2   --> A'             
     e(  9 - 10) =    -39.36453  eV     2   --> A''            
     e( 11 - 11) =    -24.13981  eV     1   --> A''            
     e( 12 - 12) =    -24.12790  eV     1   --> A'             
     e( 13 - 13) =    -24.12444  eV     1   --> A''            
     e( 14 - 14) =    -24.07760  eV     1   --> A''            
     e( 15 - 15) =    -24.07630  eV     1   --> A'             
     e( 16 - 16) =    -24.05904  eV     1   --> A'             
     e( 17 - 17) =    -24.05578  eV     1   --> A''            
     e( 18 - 18) =    -24.05520  eV     1   --> A'             
     e( 19 - 19) =    -24.03869  eV     1   --> A'             
     e( 20 - 20) =    -24.03594  eV     1   --> A''            
     e( 21 - 21) =     -6.41305  eV     1   --> A'             
     e( 22 - 22) =     -5.25645  eV     1   --> A''            
     e( 23 - 23) =      1.10071  eV     1   --> A''            
     e( 24 - 24) =      4.99317  eV     1   --> A''            
     e( 25 - 25) =      5.15454  eV     1   --> A'             
     e( 26 - 26) =      5.72824  eV     1   --> A'             
     e( 27 - 27) =      5.91768  eV     1   --> A'             
     e( 28 - 28) =      5.98461  eV     1   --> A''            
     e( 29 - 29) =      8.73611  eV     1   --> A'             
     e( 30 - 30) =      9.54103  eV     1   --> A''            
     e( 31 - 31) =     12.49057  eV     1   --> A'             
     e( 32 - 32) =     12.72267  eV     1   --> A''            
     e( 33 - 33) =     13.01388  eV     1   --> A'             
     e( 34 - 34) =     13.98059  eV     1   --> A''            
     e( 35 - 35) =     14.19901  eV     1   --> A'             
     e( 36 - 36) =     15.80632  eV     1   --> A''            
     e( 37 - 37) =     16.06204  eV     1   --> A'             
     e( 38 - 38) =     16.46479  eV     1   --> A''            
     e( 39 - 39) =     16.99903  eV     1   --> A'             
     e( 40 - 40) =     18.17458  eV     1   --> A'             
     e( 41 - 41) =     18.76028  eV     1   --> A''            
     e( 42 - 42) =     18.88569  eV     1   --> A'             
     e( 43 - 43) =     19.19108  eV     1   --> A''            
     e( 44 - 44) =     21.46703  eV     1   --> A''            
     e( 45 - 45) =     23.34712  eV     1   --> A''            

 **************************************************************************

 **************************************************************************

                    xk=(   0.07159,   0.00000,   0.00000  )

     Band symmetry, C_s (m)     point group:

     e(  1 -  1) =    -39.37253  eV     1   -->   ?
     e(  2 -  2) =    -39.37230  eV     1   -->   ?
     e(  3 -  4) =    -39.37092  eV     2   --> A'             
     e(  3 -  4) =    -39.37092  eV     2   --> A''            
     e(  5 -  6) =    -39.37037  eV     2   --> A'             
     e(  5 -  6) =    -39.37037  eV     2   --> A''            
     e(  7 -  8) =    -39.36505  eV     2   --> A'             
     e(  7 -  8) =    -39.36505  eV     2   --> A''            
     e(  9 - 10) =    -39.36453  eV     2   --> A'             
     e(  9 - 10) =    -39.36453  eV     2   --> A''            
     e( 11 - 11) =    -24.13976  eV     1   --> A''            
     e( 12 - 12) =    -24.12802  eV     1   --> A'             
     e( 13 - 13) =    -24.12445  eV     1   --> A''            
     e( 14 - 14) =    -24.07758  eV     1   --> A''            
     e( 15 - 15) =    -24.07624  eV     1   --> A'             
     e( 16 - 16) =    -24.05898  eV     1   --> A'             
     e( 17 - 17) =    -24.05584  eV     1   --> A''            
     e( 18 - 18) =    -24.05524  eV     1   --> A'             
     e( 19 - 19) =    -24.03874  eV     1   --> A'             
     e( 20 - 20) =    -24.03591  eV     1   --> A''            
     e( 21 - 21) =     -6.41210  eV     1   --> A'             
     e( 22 - 22) =     -5.25586  eV     1   --> A''            
     e( 23 - 23) =      1.10171  eV     1   --> A''            
     e( 24 - 24) =      4.98627  eV     1   --> A''            
     e( 25 - 25) =      5.15225  eV     1   --> A'             
     e( 26 - 26) =      5.72006  eV     1   --> A'             
     e( 27 - 27) =      5.91668  eV     1   --> A'             
     e( 28 - 28) =      5.98352  eV     1   --> A''            
     e( 29 - 29) =      8.74388  eV     1   --> A'             
     e( 30 - 30) =      9.54788  eV     1   --> A''            
     e( 31 - 31) =     12.48602  eV     1   --> A'             
     e( 32 - 32) =     12.72502  eV     1   --> A''            
     e( 33 - 33) =     13.01636  eV     1   --> A'             
     e( 34 - 34) =     13.97784  eV     1   --> A''            
     e( 35 - 35) =     14.20305  eV     1   --> A'             
     e( 36 - 36) =     15.79933  eV     1   --> A''            
     e( 37 - 37) =     16.05215  eV     1   --> A'             
     e( 38 - 38) =     16.46352  eV     1   --> A''            
     e( 39 - 39) =     17.00926  eV     1   --> A'             
     e( 40 - 40) =     18.18063  eV     1   --> A'             
     e( 41 - 41) =     18.76593  eV     1   --> A''            
     e( 42 - 42) =     18.89644  eV     1   --> A'             
     e( 43 - 43) =     19.20168  eV     1   --> A''            
     e( 44 - 44) =     21.46298  eV     1   --> A''            
     e( 45 - 45) =     23.33643  eV     1   --> A''            

 **************************************************************************

 **************************************************************************

                    xk=(   0.07275,   0.00000,   0.00000  )

     Band symmetry, C_s (m)     point group:

     e(  1 -  1) =    -39.37256  eV     1   -->   ?
     e(  2 -  2) =    -39.37236  eV     1   -->   ?
     e(  3 -  4) =    -39.37098  eV     2   --> A'             
     e(  3 -  4) =    -39.37098  eV     2   --> A''            
     e(  5 -  6) =    -39.37049  eV     2   --> A'             
     e(  5 -  6) =    -39.37049  eV     2   --> A''            
     e(  7 -  8) =    -39.36517  eV     2   --> A'             
     e(  7 -  8) =    -39.36517  eV     2   --> A''            
     e(  9 - 10) =    -39.36458  eV     2   --> A'             
     e(  9 - 10) =    -39.36458  eV     2   --> A''            
     e( 11 - 11) =    -24.13977  eV     1   --> A''            
     e( 12 - 12) =    -24.12825  eV     1   --> A'             
     e( 13 - 13) =    -24.12454  eV     1   --> A''            
     e( 14 - 14) =    -24.07760  eV     1   --> A''            
     e( 15 - 15) =    -24.07621  eV     1   --> A'             
     e( 16 - 16) =    -24.05895  eV     1   --> A'             
     e( 17 - 17) =    -24.05594  eV     1   --> A''            
     e( 18 - 18) =    -24.05533  eV     1   --> A'             
     e( 19 - 19) =    -24.03887  eV     1   --> A'             
     e( 20 - 20) =    -24.03596  eV     1   --> A''            
     e( 21 - 21) =     -6.41115  eV     1   --> A'             
     e( 22 - 22) =     -5.25527  eV     1   --> A''            
     e( 23 - 23) =      1.10272  eV     1   --> A''            
     e( 24 - 24) =      4.97928  eV     1   --> A''            
     e( 25 - 25) =      5.14993  eV     1   --> A'             
     e( 26 - 26) =      5.71181  eV     1   --> A'             
     e( 27 - 27) =      5.91565  eV     1   --> A'             
     e( 28 - 28) =      5.98241  eV     1   --> A''            
     e( 29 - 29) =      8.75173  eV     1   --> A'             
     e( 30 - 30) =      9.55481  eV     1   --> A''            
     e( 31 - 31) =     12.48143  eV     1   --> A'             
     e( 32 - 32) =     12.72740  eV     1   --> A''            
     e( 33 - 33) =     13.01886  eV     1   --> A'             
     e( 34 - 34) =     13.97507  eV     1   --> A''            
     e( 35 - 35) =     14.20712  eV     1   --> A'             
     e( 36 - 36) =     15.79225  eV     1   --> A''            
     e( 37 - 37) =     16.04225  eV     1   --> A'             
     e( 38 - 38) =     16.46227  eV     1   --> A''            
     e( 39 - 39) =     17.01960  eV     1   --> A'             
     e( 40 - 40) =     18.18664  eV     1   --> A'             
     e( 41 - 41) =     18.77165  eV     1   --> A''            
     e( 42 - 42) =     18.90737  eV     1   --> A'             
     e( 43 - 43) =     19.21237  eV     1   --> A''            
     e( 44 - 44) =     21.45893  eV     1   --> A''            
     e( 45 - 45) =     23.32551  eV     1   --> A''            

 **************************************************************************

 **************************************************************************

                    xk=(   0.07390,   0.00000,   0.00000  )

     Band symmetry, C_s (m)     point group:

     e(  1 -  2) =    -39.37244  eV     2   --> A'             
     e(  1 -  2) =    -39.37244  eV     2   --> A''            
     e(  3 -  4) =    -39.37088  eV     2   --> A'             
     e(  3 -  4) =    -39.37088  eV     2   --> A''            
     e(  5 -  5) =    -39.37047  eV     1   -->   ?
     e(  6 -  6) =    -39.37036  eV     1   --> A''            
     e(  7 -  8) =    -39.36512  eV     2   --> A'             
     e(  7 -  8) =    -39.36512  eV     2   --> A''            
     e(  9 - 10) =    -39.36449  eV     2   --> A'             
     e(  9 - 10) =    -39.36449  eV     2   --> A''            
     e( 11 - 11) =    -24.13971  eV     1   --> A''            
     e( 12 - 12) =    -24.12834  eV     1   --> A'             
     e( 13 - 13) =    -24.12446  eV     1   --> A''            
     e( 14 - 14) =    -24.07752  eV     1   --> A''            
     e( 15 - 15) =    -24.07612  eV     1   --> A'             
     e( 16 - 16) =    -24.05882  eV     1   --> A'             
     e( 17 - 17) =    -24.05591  eV     1   --> A''            
     e( 18 - 18) =    -24.05533  eV     1   --> A'             
     e( 19 - 19) =    -24.03889  eV     1   --> A'             
     e( 20 - 20) =    -24.03584  eV     1   --> A''            
     e( 21 - 21) =     -6.41017  eV     1   --> A'             
     e( 22 - 22) =     -5.25466  eV     1   --> A''            
     e( 23 - 23) =      1.10375  eV     1   --> A''            
     e( 24 - 24) =      4.97223  eV     1   --> A''            
     e( 25 - 25) =      5.14754  eV     1   --> A'             
     e( 26 - 26) =      5.70350  eV     1   --> A'             
     e( 27 - 27) =      5.91462  eV     1   --> A'             
     e( 28 - 28) =      5.98128  eV     1   --> A''            
     e( 29 - 29) =      8.75964  eV     1   --> A'             
     e( 30 - 30) =      9.56181  eV     1   --> A''            
     e( 31 - 31) =     12.47681  eV     1   --> A'             
     e( 32 - 32) =     12.72981  eV     1   --> A''            
     e( 33 - 33) =     13.02140  eV     1   --> A'             
     e( 34 - 34) =     13.97227  eV     1   --> A''            
     e( 35 - 35) =     14.21128  eV     1   --> A'             
     e( 36 - 36) =     15.78509  eV     1   --> A''            
     e( 37 - 37) =     16.03234  eV     1   --> A'             
     e( 38 - 38) =     16.46105  eV     1   --> A''            
     e( 39 - 39) =     17.03005  eV     1   --> A'             
     e( 40 - 40) =     18.19259  eV     1   --> A'             
     e( 41 - 41) =     18.77743  eV     1   --> A''            
     e( 42 - 42) =     18.91851  eV     1   --> A'             
     e( 43 - 43) =     19.22314  eV     1   --> A''            
     e( 44 - 44) =     21.45488  eV     1   --> A''            
     e( 45 - 45) =     23.31439  eV     1   --> A''            

 **************************************************************************

 **************************************************************************

                    xk=(   0.07506,   0.00000,   0.00000  )

     Band symmetry, C_s (m)     point group:

     e(  1 -  2) =    -39.37245  eV     2   --> A'             
     e(  1 -  2) =    -39.37245  eV     2   --> A''            
     e(  3 -  4) =    -39.37090  eV     2   --> A'             
     e(  3 -  4) =    -39.37090  eV     2   --> A''            
     e(  5 -  5) =    -39.37052  eV     1   -->   ?
     e(  6 -  6) =    -39.37032  eV     1   --> A''            
     e(  7 -  7) =    -39.36522  eV     1   --> A'             
     e(  8 -  8) =    -39.36503  eV     1   --> A''            
     e(  9 - 10) =    -39.36451  eV     2   --> A'             
     e(  9 - 10) =    -39.36451  eV     2   --> A''            
     e( 11 - 11) =    -24.13966  eV     1   --> A''            
     e( 12 - 12) =    -24.12850  eV     1   --> A'             
     e( 13 - 13) =    -24.12444  eV     1   --> A''            
     e( 14 - 14) =    -24.07752  eV     1   --> A''            
     e( 15 - 15) =    -24.07606  eV     1   --> A'             
     e( 16 - 16) =    -24.05876  eV     1   --> A'             
     e( 17 - 17) =    -24.05602  eV     1   --> A''            
     e( 18 - 18) =    -24.05539  eV     1   --> A'             
     e( 19 - 19) =    -24.03900  eV     1   --> A'             
     e( 20 - 20) =    -24.03578  eV     1   --> A''            
     e( 21 - 21) =     -6.40918  eV     1   --> A'             
     e( 22 - 22) =     -5.25405  eV     1   --> A''            
     e( 23 - 23) =      1.10479  eV     1   --> A''            
     e( 24 - 24) =      4.96509  eV     1   --> A''            
     e( 25 - 25) =      5.14511  eV     1   --> A'             
     e( 26 - 26) =      5.69513  eV     1   --> A'             
     e( 27 - 27) =      5.91358  eV     1   --> A'             
     e( 28 - 28) =      5.98012  eV     1   --> A''            
     e( 29 - 29) =      8.76761  eV     1   --> A'             
     e( 30 - 30) =      9.56888  eV     1   --> A''            
     e( 31 - 31) =     12.47214  eV     1   --> A'             
     e( 32 - 32) =     12.73225  eV     1   --> A''            
     e( 33 - 33) =     13.02397  eV     1   --> A'             
     e( 34 - 34) =     13.96947  eV     1   --> A''            
     e( 35 - 35) =     14.21549  eV     1   --> A'             
     e( 36 - 36) =     15.77785  eV     1   --> A''            
     e( 37 - 37) =     16.02242  eV     1   --> A'             
     e( 38 - 38) =     16.45984  eV     1   --> A''            
     e( 39 - 39) =     17.04060  eV     1   --> A'             
     e( 40 - 40) =     18.19851  eV     1   --> A'             
     e( 41 - 41) =     18.78328  eV     1   --> A''            
     e( 42 - 42) =     18.92984  eV     1   --> A'             
     e( 43 - 43) =     19.23400  eV     1   --> A''            
     e( 44 - 44) =     21.45084  eV     1   --> A''            
     e( 45 - 45) =     23.30307  eV     1   --> A''            

 **************************************************************************

 **************************************************************************

                    xk=(   0.07621,   0.00000,   0.00000  )

     Band symmetry, C_s (m)     point group:

     e(  1 -  2) =    -39.37245  eV     2   --> A'             
     e(  1 -  2) =    -39.37245  eV     2   --> A''            
     e(  3 -  4) =    -39.37090  eV     2   --> A'             
     e(  3 -  4) =    -39.37090  eV     2   --> A''            
     e(  5 -  5) =    -39.37053  eV     1   -->   ?
     e(  6 -  6) =    -39.37032  eV     1   --> A''            
     e(  7 -  7) =    -39.36522  eV     1   --> A'             
     e(  8 -  8) =    -39.36503  eV     1   --> A''            
     e(  9 - 10) =    -39.36451  eV     2   --> A'             
     e(  9 - 10) =    -39.36451  eV     2   --> A''            
     e( 11 - 11) =    -24.13961  eV     1   --> A''            
     e( 12 - 12) =    -24.12863  eV     1   --> A'             
     e( 13 - 13) =    -24.12445  eV     1   --> A''            
     e( 14 - 14) =    -24.07750  eV     1   --> A''            
     e( 15 - 15) =    -24.07600  eV     1   --> A'             
     e( 16 - 16) =    -24.05870  eV     1   --> A'             
     e( 17 - 17) =    -24.05608  eV     1   --> A''            
     e( 18 - 18) =    -24.05543  eV     1   --> A'             
     e( 19 - 19) =    -24.03905  eV     1   --> A'             
     e( 20 - 20) =    -24.03575  eV     1   --> A''            
     e( 21 - 21) =     -6.40818  eV     1   --> A'             
     e( 22 - 22) =     -5.25342  eV     1   --> A''            
     e( 23 - 23) =      1.10585  eV     1   --> A''            
     e( 24 - 24) =      4.95788  eV     1   --> A''            
     e( 25 - 25) =      5.14263  eV     1   --> A'             
     e( 26 - 26) =      5.68669  eV     1   --> A'             
     e( 27 - 27) =      5.91251  eV     1   --> A'             
     e( 28 - 28) =      5.97895  eV     1   --> A''            
     e( 29 - 29) =      8.77565  eV     1   --> A'             
     e( 30 - 30) =      9.57603  eV     1   --> A''            
     e( 31 - 31) =     12.46745  eV     1   --> A'             
     e( 32 - 32) =     12.73472  eV     1   --> A''            
     e( 33 - 33) =     13.02657  eV     1   --> A'             
     e( 34 - 34) =     13.96663  eV     1   --> A''            
     e( 35 - 35) =     14.21978  eV     1   --> A'             
     e( 36 - 36) =     15.77053  eV     1   --> A''            
     e( 37 - 37) =     16.01250  eV     1   --> A'             
     e( 38 - 38) =     16.45866  eV     1   --> A''            
     e( 39 - 39) =     17.05126  eV     1   --> A'             
     e( 40 - 40) =     18.20438  eV     1   --> A'             
     e( 41 - 41) =     18.78918  eV     1   --> A''            
     e( 42 - 42) =     18.94136  eV     1   --> A'             
     e( 43 - 43) =     19.24494  eV     1   --> A''            
     e( 44 - 44) =     21.44681  eV     1   --> A''            
     e( 45 - 45) =     23.29157  eV     1   --> A''            

 **************************************************************************

 **************************************************************************

                    xk=(   0.07736,   0.00000,   0.00000  )

     Band symmetry, C_s (m)     point group:

     e(  1 -  2) =    -39.37245  eV     2   --> A'             
     e(  1 -  2) =    -39.37245  eV     2   --> A''            
     e(  3 -  4) =    -39.37090  eV     2   --> A'             
     e(  3 -  4) =    -39.37090  eV     2   --> A''            
     e(  5 -  5) =    -39.37053  eV     1   -->   ?
     e(  6 -  6) =    -39.37033  eV     1   --> A''            
     e(  7 -  7) =    -39.36522  eV     1   --> A'             
     e(  8 -  8) =    -39.36503  eV     1   --> A''            
     e(  9 - 10) =    -39.36451  eV     2   --> A'             
     e(  9 - 10) =    -39.36451  eV     2   --> A''            
     e( 11 - 11) =    -24.13957  eV     1   --> A''            
     e( 12 - 12) =    -24.12876  eV     1   --> A'             
     e( 13 - 13) =    -24.12446  eV     1   --> A''            
     e( 14 - 14) =    -24.07748  eV     1   --> A''            
     e( 15 - 15) =    -24.07594  eV     1   --> A'             
     e( 16 - 16) =    -24.05865  eV     1   --> A'             
     e( 17 - 17) =    -24.05614  eV     1   --> A''            
     e( 18 - 18) =    -24.05547  eV     1   --> A'             
     e( 19 - 19) =    -24.03911  eV     1   --> A'             
     e( 20 - 20) =    -24.03572  eV     1   --> A''            
     e( 21 - 21) =     -6.40716  eV     1   --> A'             
     e( 22 - 22) =     -5.25279  eV     1   --> A''            
     e( 23 - 23) =      1.10692  eV     1   --> A''            
     e( 24 - 24) =      4.95059  eV     1   --> A''            
     e( 25 - 25) =      5.14010  eV     1   --> A'             
     e( 26 - 26) =      5.67820  eV     1   --> A'             
     e( 27 - 27) =      5.91143  eV     1   --> A'             
     e( 28 - 28) =      5.97775  eV     1   --> A''            
     e( 29 - 29) =      8.78375  eV     1   --> A'             
     e( 30 - 30) =      9.58325  eV     1   --> A''            
     e( 31 - 31) =     12.46272  eV     1   --> A'             
     e( 32 - 32) =     12.73722  eV     1   --> A''            
     e( 33 - 33) =     13.02919  eV     1   --> A'             
     e( 34 - 34) =     13.96378  eV     1   --> A''            
     e( 35 - 35) =     14.22412  eV     1   --> A'             
     e( 36 - 36) =     15.76314  eV     1   --> A''            
     e( 37 - 37) =     16.00257  eV     1   --> A'             
     e( 38 - 38) =     16.45750  eV     1   --> A''            
     e( 39 - 39) =     17.06203  eV     1   --> A'             
     e( 40 - 40) =     18.21020  eV     1   --> A'             
     e( 41 - 41) =     18.79514  eV     1   --> A''            
     e( 42 - 42) =     18.95307  eV     1   --> A'             
     e( 43 - 43) =     19.25596  eV     1   --> A''            
     e( 44 - 44) =     21.44279  eV     1   --> A''            
     e( 45 - 45) =     23.27992  eV     1   --> A''            

 **************************************************************************

 **************************************************************************

                    xk=(   0.07852,   0.00000,   0.00000  )

     Band symmetry, C_s (m)     point group:

     e(  1 -  2) =    -39.37246  eV     2   --> A'             
     e(  1 -  2) =    -39.37246  eV     2   --> A''            
     e(  3 -  4) =    -39.37090  eV     2   --> A'             
     e(  3 -  4) =    -39.37090  eV     2   --> A''            
     e(  5 -  5) =    -39.37053  eV     1   -->   ?
     e(  6 -  6) =    -39.37033  eV     1   --> A''            
     e(  7 -  7) =    -39.36522  eV     1   --> A'             
     e(  8 -  8) =    -39.36503  eV     1   --> A''            
     e(  9 - 10) =    -39.36452  eV     2   --> A'             
     e(  9 - 10) =    -39.36452  eV     2   --> A''            
     e( 11 - 11) =    -24.13952  eV     1   --> A''            
     e( 12 - 12) =    -24.12889  eV     1   --> A'             
     e( 13 - 13) =    -24.12448  eV     1   --> A''            
     e( 14 - 14) =    -24.07745  eV     1   --> A''            
     e( 15 - 15) =    -24.07587  eV     1   --> A'             
     e( 16 - 16) =    -24.05859  eV     1   --> A'             
     e( 17 - 17) =    -24.05620  eV     1   --> A''            
     e( 18 - 18) =    -24.05551  eV     1   --> A'             
     e( 19 - 19) =    -24.03916  eV     1   --> A'             
     e( 20 - 20) =    -24.03568  eV     1   --> A''            
     e( 21 - 21) =     -6.40612  eV     1   --> A'             
     e( 22 - 22) =     -5.25214  eV     1   --> A''            
     e( 23 - 23) =      1.10801  eV     1   --> A''            
     e( 24 - 24) =      4.94324  eV     1   --> A''            
     e( 25 - 25) =      5.13751  eV     1   --> A'             
     e( 26 - 26) =      5.66965  eV     1   --> A'             
     e( 27 - 27) =      5.91034  eV     1   --> A'             
     e( 28 - 28) =      5.97654  eV     1   --> A''            
     e( 29 - 29) =      8.79191  eV     1   --> A'             
     e( 30 - 30) =      9.59054  eV     1   --> A''            
     e( 31 - 31) =     12.45796  eV     1   --> A'             
     e( 32 - 32) =     12.73974  eV     1   --> A''            
     e( 33 - 33) =     13.03185  eV     1   --> A'             
     e( 34 - 34) =     13.96091  eV     1   --> A''            
     e( 35 - 35) =     14.22853  eV     1   --> A'             
     e( 36 - 36) =     15.75568  eV     1   --> A''            
     e( 37 - 37) =     15.99264  eV     1   --> A'             
     e( 38 - 38) =     16.45636  eV     1   --> A''            
     e( 39 - 39) =     17.07291  eV     1   --> A'             
     e( 40 - 40) =     18.21599  eV     1   --> A'             
     e( 41 - 41) =     18.80115  eV     1   --> A''            
     e( 42 - 42) =     18.96496  eV     1   --> A'             
     e( 43 - 43) =     19.26706  eV     1   --> A''            
     e( 44 - 44) =     21.43878  eV     1   --> A''            
     e( 45 - 45) =     23.26812  eV     1   --> A''            

 **************************************************************************

 **************************************************************************

                    xk=(   0.07967,   0.00000,   0.00000  )

     Band symmetry, C_s (m)     point group:

     e(  1 -  2) =    -39.37246  eV     2   --> A'             
     e(  1 -  2) =    -39.37246  eV     2   --> A''            
     e(  3 -  4) =    -39.37091  eV     2   --> A'             
     e(  3 -  4) =    -39.37091  eV     2   --> A''            
     e(  5 -  5) =    -39.37053  eV     1   -->   ?
     e(  6 -  6) =    -39.37033  eV     1   --> A''            
     e(  7 -  7) =    -39.36523  eV     1   --> A'             
     e(  8 -  8) =    -39.36504  eV     1   --> A''            
     e(  9 - 10) =    -39.36452  eV     2   --> A'             
     e(  9 - 10) =    -39.36452  eV     2   --> A''            
     e( 11 - 11) =    -24.13947  eV     1   --> A''            
     e( 12 - 12) =    -24.12902  eV     1   --> A'             
     e( 13 - 13) =    -24.12449  eV     1   --> A''            
     e( 14 - 14) =    -24.07743  eV     1   --> A''            
     e( 15 - 15) =    -24.07581  eV     1   --> A'             
     e( 16 - 16) =    -24.05854  eV     1   --> A'             
     e( 17 - 17) =    -24.05626  eV     1   --> A''            
     e( 18 - 18) =    -24.05555  eV     1   --> A'             
     e( 19 - 19) =    -24.03921  eV     1   --> A'             
     e( 20 - 20) =    -24.03565  eV     1   --> A''            
     e( 21 - 21) =     -6.40507  eV     1   --> A'             
     e( 22 - 22) =     -5.25149  eV     1   --> A''            
     e( 23 - 23) =      1.10912  eV     1   --> A''            
     e( 24 - 24) =      4.93581  eV     1   --> A''            
     e( 25 - 25) =      5.13488  eV     1   --> A'             
     e( 26 - 26) =      5.66105  eV     1   --> A'             
     e( 27 - 27) =      5.90923  eV     1   --> A'             
     e( 28 - 28) =      5.97530  eV     1   --> A''            
     e( 29 - 29) =      8.80014  eV     1   --> A'             
     e( 30 - 30) =      9.59791  eV     1   --> A''            
     e( 31 - 31) =     12.45317  eV     1   --> A'             
     e( 32 - 32) =     12.74229  eV     1   --> A''            
     e( 33 - 33) =     13.03453  eV     1   --> A'             
     e( 34 - 34) =     13.95802  eV     1   --> A''            
     e( 35 - 35) =     14.23299  eV     1   --> A'             
     e( 36 - 36) =     15.74815  eV     1   --> A''            
     e( 37 - 37) =     15.98271  eV     1   --> A'             
     e( 38 - 38) =     16.45525  eV     1   --> A''            
     e( 39 - 39) =     17.08389  eV     1   --> A'             
     e( 40 - 40) =     18.22173  eV     1   --> A'             
     e( 41 - 41) =     18.80722  eV     1   --> A''            
     e( 42 - 42) =     18.97704  eV     1   --> A'             
     e( 43 - 43) =     19.27823  eV     1   --> A''            
     e( 44 - 44) =     21.43478  eV     1   --> A''            
     e( 45 - 45) =     23.25618  eV     1   --> A''            

 **************************************************************************

 **************************************************************************

                    xk=(   0.08083,   0.00000,   0.00000  )

     Band symmetry, C_s (m)     point group:

     e(  1 -  2) =    -39.37246  eV     2   --> A'             
     e(  1 -  2) =    -39.37246  eV     2   --> A''            
     e(  3 -  4) =    -39.37091  eV     2   --> A'             
     e(  3 -  4) =    -39.37091  eV     2   --> A''            
     e(  5 -  5) =    -39.37054  eV     1   -->   ?
     e(  6 -  6) =    -39.37033  eV     1   --> A''            
     e(  7 -  7) =    -39.36523  eV     1   --> A'             
     e(  8 -  8) =    -39.36504  eV     1   --> A''            
     e(  9 - 10) =    -39.36452  eV     2   --> A'             
     e(  9 - 10) =    -39.36452  eV     2   --> A''            
     e( 11 - 11) =    -24.13943  eV     1   --> A''            
     e( 12 - 12) =    -24.12916  eV     1   --> A'             
     e( 13 - 13) =    -24.12450  eV     1   --> A''            
     e( 14 - 14) =    -24.07740  eV     1   --> A''            
     e( 15 - 15) =    -24.07575  eV     1   --> A'             
     e( 16 - 16) =    -24.05848  eV     1   --> A'             
     e( 17 - 17) =    -24.05632  eV     1   --> A''            
     e( 18 - 18) =    -24.05559  eV     1   --> A'             
     e( 19 - 19) =    -24.03926  eV     1   --> A'             
     e( 20 - 20) =    -24.03561  eV     1   --> A''            
     e( 21 - 21) =     -6.40401  eV     1   --> A'             
     e( 22 - 22) =     -5.25083  eV     1   --> A''            
     e( 23 - 23) =      1.11024  eV     1   --> A''            
     e( 24 - 24) =      4.92831  eV     1   --> A''            
     e( 25 - 25) =      5.13219  eV     1   --> A'             
     e( 26 - 26) =      5.65239  eV     1   --> A'             
     e( 27 - 27) =      5.90810  eV     1   --> A'             
     e( 28 - 28) =      5.97403  eV     1   --> A''            
     e( 29 - 29) =      8.80842  eV     1   --> A'             
     e( 30 - 30) =      9.60534  eV     1   --> A''            
     e( 31 - 31) =     12.44835  eV     1   --> A'             
     e( 32 - 32) =     12.74487  eV     1   --> A''            
     e( 33 - 33) =     13.03725  eV     1   --> A'             
     e( 34 - 34) =     13.95512  eV     1   --> A''            
     e( 35 - 35) =     14.23752  eV     1   --> A'             
     e( 36 - 36) =     15.74055  eV     1   --> A''            
     e( 37 - 37) =     15.97279  eV     1   --> A'             
     e( 38 - 38) =     16.45416  eV     1   --> A''            
     e( 39 - 39) =     17.09497  eV     1   --> A'             
     e( 40 - 40) =     18.22743  eV     1   --> A'             
     e( 41 - 41) =     18.81333  eV     1   --> A''            
     e( 42 - 42) =     18.98929  eV     1   --> A'             
     e( 43 - 43) =     19.28949  eV     1   --> A''            
     e( 44 - 44) =     21.43081  eV     1   --> A''            
     e( 45 - 45) =     23.24412  eV     1   --> A''            

 **************************************************************************

 **************************************************************************

                    xk=(   0.08198,   0.00000,   0.00000  )

     Band symmetry, C_s (m)     point group:

     e(  1 -  2) =    -39.37246  eV     2   --> A'             
     e(  1 -  2) =    -39.37246  eV     2   --> A''            
     e(  3 -  4) =    -39.37091  eV     2   --> A'             
     e(  3 -  4) =    -39.37091  eV     2   --> A''            
     e(  5 -  5) =    -39.37054  eV     1   -->   ?
     e(  6 -  6) =    -39.37033  eV     1   --> A''            
     e(  7 -  7) =    -39.36523  eV     1   --> A'             
     e(  8 -  8) =    -39.36504  eV     1   --> A''            
     e(  9 - 10) =    -39.36452  eV     2   --> A'             
     e(  9 - 10) =    -39.36452  eV     2   --> A''            
     e( 11 - 11) =    -24.13938  eV     1   --> A''            
     e( 12 - 12) =    -24.12929  eV     1   --> A'             
     e( 13 - 13) =    -24.12450  eV     1   --> A''            
     e( 14 - 14) =    -24.07738  eV     1   --> A''            
     e( 15 - 15) =    -24.07568  eV     1   --> A'             
     e( 16 - 16) =    -24.05843  eV     1   --> A'             
     e( 17 - 17) =    -24.05639  eV     1   --> A''            
     e( 18 - 18) =    -24.05563  eV     1   --> A'             
     e( 19 - 19) =    -24.03932  eV     1   --> A'             
     e( 20 - 20) =    -24.03558  eV     1   --> A''            
     e( 21 - 21) =     -6.40293  eV     1   --> A'             
     e( 22 - 22) =     -5.25016  eV     1   --> A''            
     e( 23 - 23) =      1.11138  eV     1   --> A''            
     e( 24 - 24) =      4.92075  eV     1   --> A''            
     e( 25 - 25) =      5.12944  eV     1   --> A'             
     e( 26 - 26) =      5.64369  eV     1   --> A'             
     e( 27 - 27) =      5.90696  eV     1   --> A'             
     e( 28 - 28) =      5.97275  eV     1   --> A''            
     e( 29 - 29) =      8.81675  eV     1   --> A'             
     e( 30 - 30) =      9.61283  eV     1   --> A''            
     e( 31 - 31) =     12.44351  eV     1   --> A'             
     e( 32 - 32) =     12.74747  eV     1   --> A''            
     e( 33 - 33) =     13.03998  eV     1   --> A'             
     e( 34 - 34) =     13.95220  eV     1   --> A''            
     e( 35 - 35) =     14.24212  eV     1   --> A'             
     e( 36 - 36) =     15.73288  eV     1   --> A''            
     e( 37 - 37) =     15.96287  eV     1   --> A'             
     e( 38 - 38) =     16.45309  eV     1   --> A''            
     e( 39 - 39) =     17.10615  eV     1   --> A'             
     e( 40 - 40) =     18.23309  eV     1   --> A'             
     e( 41 - 41) =     18.81949  eV     1   --> A''            
     e( 42 - 42) =     19.00173  eV     1   --> A'             
     e( 43 - 43) =     19.30081  eV     1   --> A''            
     e( 44 - 44) =     21.42685  eV     1   --> A''            
     e( 45 - 45) =     23.23195  eV     1   --> A''            

 **************************************************************************

 **************************************************************************

                    xk=(   0.08314,   0.00000,   0.00000  )

     Band symmetry, C_s (m)     point group:

     e(  1 -  2) =    -39.37247  eV     2   --> A'             
     e(  1 -  2) =    -39.37247  eV     2   --> A''            
     e(  3 -  4) =    -39.37098  eV     2   --> A'             
     e(  3 -  4) =    -39.37098  eV     2   --> A''            
     e(  5 -  5) =    -39.37055  eV     1   -->   ?
     e(  6 -  6) =    -39.37042  eV     1   --> A''            
     e(  7 -  7) =    -39.36523  eV     1   --> A'             
     e(  8 -  8) =    -39.36511  eV     1   --> A''            
     e(  9 - 10) =    -39.36454  eV     2   --> A'             
     e(  9 - 10) =    -39.36454  eV     2   --> A''            
     e( 11 - 11) =    -24.13935  eV     1   --> A''            
     e( 12 - 12) =    -24.12944  eV     1   --> A'             
     e( 13 - 13) =    -24.12457  eV     1   --> A''            
     e( 14 - 14) =    -24.07736  eV     1   --> A''            
     e( 15 - 15) =    -24.07568  eV     1   --> A'             
     e( 16 - 16) =    -24.05839  eV     1   --> A'             
     e( 17 - 17) =    -24.05646  eV     1   --> A''            
     e( 18 - 18) =    -24.05571  eV     1   --> A'             
     e( 19 - 19) =    -24.03939  eV     1   --> A'             
     e( 20 - 20) =    -24.03561  eV     1   --> A''            
     e( 21 - 21) =     -6.40183  eV     1   --> A'             
     e( 22 - 22) =     -5.24948  eV     1   --> A''            
     e( 23 - 23) =      1.11253  eV     1   --> A''            
     e( 24 - 24) =      4.91311  eV     1   --> A''            
     e( 25 - 25) =      5.12663  eV     1   --> A'             
     e( 26 - 26) =      5.63495  eV     1   --> A'             
     e( 27 - 27) =      5.90581  eV     1   --> A'             
     e( 28 - 28) =      5.97145  eV     1   --> A''            
     e( 29 - 29) =      8.82514  eV     1   --> A'             
     e( 30 - 30) =      9.62039  eV     1   --> A''            
     e( 31 - 31) =     12.43863  eV     1   --> A'             
     e( 32 - 32) =     12.75009  eV     1   --> A''            
     e( 33 - 33) =     13.04275  eV     1   --> A'             
     e( 34 - 34) =     13.94927  eV     1   --> A''            
     e( 35 - 35) =     14.24678  eV     1   --> A'             
     e( 36 - 36) =     15.72516  eV     1   --> A''            
     e( 37 - 37) =     15.95295  eV     1   --> A'             
     e( 38 - 38) =     16.45205  eV     1   --> A''            
     e( 39 - 39) =     17.11743  eV     1   --> A'             
     e( 40 - 40) =     18.23872  eV     1   --> A'             
     e( 41 - 41) =     18.82570  eV     1   --> A''            
     e( 42 - 42) =     19.01434  eV     1   --> A'             
     e( 43 - 43) =     19.31222  eV     1   --> A''            
     e( 44 - 44) =     21.42291  eV     1   --> A''            
     e( 45 - 45) =     23.21968  eV     1   --> A''            

 **************************************************************************

 **************************************************************************

                    xk=(   0.08429,   0.00000,   0.00000  )

     Band symmetry, C_s (m)     point group:

     e(  1 -  2) =    -39.37247  eV     2   --> A'             
     e(  1 -  2) =    -39.37247  eV     2   --> A''            
     e(  3 -  4) =    -39.37098  eV     2   --> A'             
     e(  3 -  4) =    -39.37098  eV     2   --> A''            
     e(  5 -  5) =    -39.37055  eV     1   -->   ?
     e(  6 -  6) =    -39.37042  eV     1   --> A''            
     e(  7 -  7) =    -39.36523  eV     1   --> A'             
     e(  8 -  8) =    -39.36511  eV     1   --> A''            
     e(  9 - 10) =    -39.36454  eV     2   --> A'             
     e(  9 - 10) =    -39.36454  eV     2   --> A''            
     e( 11 - 11) =    -24.13931  eV     1   --> A''            
     e( 12 - 12) =    -24.12958  eV     1   --> A'             
     e( 13 - 13) =    -24.12458  eV     1   --> A''            
     e( 14 - 14) =    -24.07734  eV     1   --> A''            
     e( 15 - 15) =    -24.07562  eV     1   --> A'             
     e( 16 - 16) =    -24.05835  eV     1   --> A'             
     e( 17 - 17) =    -24.05652  eV     1   --> A''            
     e( 18 - 18) =    -24.05575  eV     1   --> A'             
     e( 19 - 19) =    -24.03944  eV     1   --> A'             
     e( 20 - 20) =    -24.03557  eV     1   --> A''            
     e( 21 - 21) =     -6.40072  eV     1   --> A'             
     e( 22 - 22) =     -5.24879  eV     1   --> A''            
     e( 23 - 23) =      1.11369  eV     1   --> A''            
     e( 24 - 24) =      4.90541  eV     1   --> A''            
     e( 25 - 25) =      5.12377  eV     1   --> A'             
     e( 26 - 26) =      5.62617  eV     1   --> A'             
     e( 27 - 27) =      5.90463  eV     1   --> A'             
     e( 28 - 28) =      5.97012  eV     1   --> A''            
     e( 29 - 29) =      8.83358  eV     1   --> A'             
     e( 30 - 30) =      9.62802  eV     1   --> A''            
     e( 31 - 31) =     12.43373  eV     1   --> A'             
     e( 32 - 32) =     12.75274  eV     1   --> A''            
     e( 33 - 33) =     13.04554  eV     1   --> A'             
     e( 34 - 34) =     13.94633  eV     1   --> A''            
     e( 35 - 35) =     14.25149  eV     1   --> A'             
     e( 36 - 36) =     15.71737  eV     1   --> A''            
     e( 37 - 37) =     15.94305  eV     1   --> A'             
     e( 38 - 38) =     16.45102  eV     1   --> A''            
     e( 39 - 39) =     17.12882  eV     1   --> A'             
     e( 40 - 40) =     18.24431  eV     1   --> A'             
     e( 41 - 41) =     18.83194  eV     1   --> A''            
     e( 42 - 42) =     19.02712  eV     1   --> A'             
     e( 43 - 43) =     19.32369  eV     1   --> A''            
     e( 44 - 44) =     21.41900  eV     1   --> A''            
     e( 45 - 45) =     23.20731  eV     1   --> A''            

 **************************************************************************

 **************************************************************************

                    xk=(   0.08545,   0.00000,   0.00000  )

     Band symmetry, C_s (m)     point group:

     e(  1 -  2) =    -39.37247  eV     2   --> A'             
     e(  1 -  2) =    -39.37247  eV     2   --> A''            
     e(  3 -  4) =    -39.37098  eV     2   --> A'             
     e(  3 -  4) =    -39.37098  eV     2   --> A''            
     e(  5 -  5) =    -39.37055  eV     1   -->   ?
     e(  6 -  6) =    -39.37043  eV     1   --> A''            
     e(  7 -  7) =    -39.36523  eV     1   --> A'             
     e(  8 -  8) =    -39.36511  eV     1   --> A''            
     e(  9 - 10) =    -39.36454  eV     2   --> A'             
     e(  9 - 10) =    -39.36454  eV     2   --> A''            
     e( 11 - 11) =    -24.13926  eV     1   --> A''            
     e( 12 - 12) =    -24.12971  eV     1   --> A'             
     e( 13 - 13) =    -24.12459  eV     1   --> A''            
     e( 14 - 14) =    -24.07731  eV     1   --> A''            
     e( 15 - 15) =    -24.07555  eV     1   --> A'             
     e( 16 - 16) =    -24.05830  eV     1   --> A'             
     e( 17 - 17) =    -24.05659  eV     1   --> A''            
     e( 18 - 18) =    -24.05578  eV     1   --> A'             
     e( 19 - 19) =    -24.03950  eV     1   --> A'             
     e( 20 - 20) =    -24.03554  eV     1   --> A''            
     e( 21 - 21) =     -6.39960  eV     1   --> A'             
     e( 22 - 22) =     -5.24810  eV     1   --> A''            
     e( 23 - 23) =      1.11488  eV     1   --> A''            
     e( 24 - 24) =      4.89765  eV     1   --> A''            
     e( 25 - 25) =      5.12086  eV     1   --> A'             
     e( 26 - 26) =      5.61734  eV     1   --> A'             
     e( 27 - 27) =      5.90345  eV     1   --> A'             
     e( 28 - 28) =      5.96877  eV     1   --> A''            
     e( 29 - 29) =      8.84208  eV     1   --> A'             
     e( 30 - 30) =      9.63571  eV     1   --> A''            
     e( 31 - 31) =     12.42881  eV     1   --> A'             
     e( 32 - 32) =     12.75542  eV     1   --> A''            
     e( 33 - 33) =     13.04836  eV     1   --> A'             
     e( 34 - 34) =     13.94337  eV     1   --> A''            
     e( 35 - 35) =     14.25627  eV     1   --> A'             
     e( 36 - 36) =     15.70953  eV     1   --> A''            
     e( 37 - 37) =     15.93315  eV     1   --> A'             
     e( 38 - 38) =     16.45001  eV     1   --> A''            
     e( 39 - 39) =     17.14029  eV     1   --> A'             
     e( 40 - 40) =     18.24986  eV     1   --> A'             
     e( 41 - 41) =     18.83823  eV     1   --> A''            
     e( 42 - 42) =     19.04007  eV     1   --> A'             
     e( 43 - 43) =     19.33524  eV     1   --> A''            
     e( 44 - 44) =     21.41511  eV     1   --> A''            
     e( 45 - 45) =     23.19487  eV     1   --> A''            

 **************************************************************************

 **************************************************************************

                    xk=(   0.08660,   0.00000,   0.00000  )

     Band symmetry, C_s (m)     point group:

     e(  1 -  2) =    -39.37247  eV     2   --> A'             
     e(  1 -  2) =    -39.37247  eV     2   --> A''            
     e(  3 -  4) =    -39.37090  eV     2   --> A'             
     e(  3 -  4) =    -39.37090  eV     2   --> A''            
     e(  5 -  5) =    -39.37053  eV     1   -->   ?
     e(  6 -  6) =    -39.37037  eV     1   --> A''            
     e(  7 -  7) =    -39.36521  eV     1   --> A'             
     e(  8 -  8) =    -39.36506  eV     1   --> A''            
     e(  9 -  9) =    -39.36453  eV     1   --> A''            
     e( 10 - 10) =    -39.36442  eV     1   --> A'             
     e( 11 - 11) =    -24.13921  eV     1   --> A''            
     e( 12 - 12) =    -24.12983  eV     1   --> A'             
     e( 13 - 13) =    -24.12457  eV     1   --> A''            
     e( 14 - 14) =    -24.07728  eV     1   --> A''            
     e( 15 - 15) =    -24.07539  eV     1   --> A'             
     e( 16 - 16) =    -24.05825  eV     1   --> A'             
     e( 17 - 17) =    -24.05664  eV     1   --> A''            
     e( 18 - 18) =    -24.05576  eV     1   --> A'             
     e( 19 - 19) =    -24.03952  eV     1   --> A'             
     e( 20 - 20) =    -24.03546  eV     1   --> A''            
     e( 21 - 21) =     -6.39845  eV     1   --> A'             
     e( 22 - 22) =     -5.24739  eV     1   --> A''            
     e( 23 - 23) =      1.11607  eV     1   --> A''            
     e( 24 - 24) =      4.88981  eV     1   --> A''            
     e( 25 - 25) =      5.11789  eV     1   --> A'             
     e( 26 - 26) =      5.60848  eV     1   --> A'             
     e( 27 - 27) =      5.90224  eV     1   --> A'             
     e( 28 - 28) =      5.96740  eV     1   --> A''            
     e( 29 - 29) =      8.85062  eV     1   --> A'             
     e( 30 - 30) =      9.64346  eV     1   --> A''            
     e( 31 - 31) =     12.42386  eV     1   --> A'             
     e( 32 - 32) =     12.75812  eV     1   --> A''            
     e( 33 - 33) =     13.05121  eV     1   --> A'             
     e( 34 - 34) =     13.94041  eV     1   --> A''            
     e( 35 - 35) =     14.26110  eV     1   --> A'             
     e( 36 - 36) =     15.70163  eV     1   --> A''            
     e( 37 - 37) =     15.92327  eV     1   --> A'             
     e( 38 - 38) =     16.44903  eV     1   --> A''            
     e( 39 - 39) =     17.15187  eV     1   --> A'             
     e( 40 - 40) =     18.25538  eV     1   --> A'             
     e( 41 - 41) =     18.84455  eV     1   --> A''            
     e( 42 - 42) =     19.05318  eV     1   --> A'             
     e( 43 - 43) =     19.34685  eV     1   --> A''            
     e( 44 - 44) =     21.41125  eV     1   --> A''            
     e( 45 - 45) =     23.18234  eV     1   --> A''            

 **************************************************************************

 **************************************************************************

                    xk=(   0.08776,   0.00000,   0.00000  )

     Band symmetry, C_s (m)     point group:

     e(  1 -  2) =    -39.37248  eV     2   --> A'             
     e(  1 -  2) =    -39.37248  eV     2   --> A''            
     e(  3 -  4) =    -39.37095  eV     2   --> A'             
     e(  3 -  4) =    -39.37095  eV     2   --> A''            
     e(  5 -  5) =    -39.37060  eV     1   -->   ?
     e(  6 -  6) =    -39.37042  eV     1   --> A''            
     e(  7 -  7) =    -39.36528  eV     1   --> A'             
     e(  8 -  8) =    -39.36511  eV     1   --> A''            
     e(  9 -  9) =    -39.36457  eV     1   --> A''            
     e( 10 - 10) =    -39.36444  eV     1   --> A'             
     e( 11 - 11) =    -24.13917  eV     1   --> A''            
     e( 12 - 12) =    -24.13005  eV     1   --> A'             
     e( 13 - 13) =    -24.12463  eV     1   --> A''            
     e( 14 - 14) =    -24.07728  eV     1   --> A''            
     e( 15 - 15) =    -24.07533  eV     1   --> A'             
     e( 16 - 16) =    -24.05822  eV     1   --> A'             
     e( 17 - 17) =    -24.05674  eV     1   --> A''            
     e( 18 - 18) =    -24.05579  eV     1   --> A'             
     e( 19 - 19) =    -24.03964  eV     1   --> A'             
     e( 20 - 20) =    -24.03547  eV     1   --> A''            
     e( 21 - 21) =     -6.39730  eV     1   --> A'             
     e( 22 - 22) =     -5.24668  eV     1   --> A''            
     e( 23 - 23) =      1.11729  eV     1   --> A''            
     e( 24 - 24) =      4.88192  eV     1   --> A''            
     e( 25 - 25) =      5.11486  eV     1   --> A'             
     e( 26 - 26) =      5.59960  eV     1   --> A'             
     e( 27 - 27) =      5.90102  eV     1   --> A'             
     e( 28 - 28) =      5.96600  eV     1   --> A''            
     e( 29 - 29) =      8.85921  eV     1   --> A'             
     e( 30 - 30) =      9.65127  eV     1   --> A''            
     e( 31 - 31) =     12.41888  eV     1   --> A'             
     e( 32 - 32) =     12.76084  eV     1   --> A''            
     e( 33 - 33) =     13.05408  eV     1   --> A'             
     e( 34 - 34) =     13.93744  eV     1   --> A''            
     e( 35 - 35) =     14.26600  eV     1   --> A'             
     e( 36 - 36) =     15.69368  eV     1   --> A''            
     e( 37 - 37) =     15.91340  eV     1   --> A'             
     e( 38 - 38) =     16.44807  eV     1   --> A''            
     e( 39 - 39) =     17.16354  eV     1   --> A'             
     e( 40 - 40) =     18.26087  eV     1   --> A'             
     e( 41 - 41) =     18.85090  eV     1   --> A''            
     e( 42 - 42) =     19.06646  eV     1   --> A'             
     e( 43 - 43) =     19.35854  eV     1   --> A''            
     e( 44 - 44) =     21.40742  eV     1   --> A''            
     e( 45 - 45) =     23.16975  eV     1   --> A''            

 **************************************************************************

 **************************************************************************

                    xk=(   0.08891,   0.00000,   0.00000  )

     Band symmetry, C_s (m)     point group:

     e(  1 -  2) =    -39.37248  eV     2   --> A'             
     e(  1 -  2) =    -39.37248  eV     2   --> A''            
     e(  3 -  4) =    -39.37095  eV     2   --> A'             
     e(  3 -  4) =    -39.37095  eV     2   --> A''            
     e(  5 -  5) =    -39.37060  eV     1   -->   ?
     e(  6 -  6) =    -39.37042  eV     1   --> A''            
     e(  7 -  7) =    -39.36528  eV     1   --> A'             
     e(  8 -  8) =    -39.36511  eV     1   --> A''            
     e(  9 -  9) =    -39.36457  eV     1   --> A''            
     e( 10 - 10) =    -39.36444  eV     1   --> A'             
     e( 11 - 11) =    -24.13912  eV     1   --> A''            
     e( 12 - 12) =    -24.13019  eV     1   --> A'             
     e( 13 - 13) =    -24.12463  eV     1   --> A''            
     e( 14 - 14) =    -24.07725  eV     1   --> A''            
     e( 15 - 15) =    -24.07526  eV     1   --> A'             
     e( 16 - 16) =    -24.05819  eV     1   --> A'             
     e( 17 - 17) =    -24.05680  eV     1   --> A''            
     e( 18 - 18) =    -24.05581  eV     1   --> A'             
     e( 19 - 19) =    -24.03970  eV     1   --> A'             
     e( 20 - 20) =    -24.03543  eV     1   --> A''            
     e( 21 - 21) =     -6.39613  eV     1   --> A'             
     e( 22 - 22) =     -5.24595  eV     1   --> A''            
     e( 23 - 23) =      1.11851  eV     1   --> A''            
     e( 24 - 24) =      4.87396  eV     1   --> A''            
     e( 25 - 25) =      5.11177  eV     1   --> A'             
     e( 26 - 26) =      5.59067  eV     1   --> A'             
     e( 27 - 27) =      5.89979  eV     1   --> A'             
     e( 28 - 28) =      5.96458  eV     1   --> A''            
     e( 29 - 29) =      8.86785  eV     1   --> A'             
     e( 30 - 30) =      9.65913  eV     1   --> A''            
     e( 31 - 31) =     12.41389  eV     1   --> A'             
     e( 32 - 32) =     12.76358  eV     1   --> A''            
     e( 33 - 33) =     13.05697  eV     1   --> A'             
     e( 34 - 34) =     13.93446  eV     1   --> A''            
     e( 35 - 35) =     14.27096  eV     1   --> A'             
     e( 36 - 36) =     15.68568  eV     1   --> A''            
     e( 37 - 37) =     15.90355  eV     1   --> A'             
     e( 38 - 38) =     16.44713  eV     1   --> A''            
     e( 39 - 39) =     17.17530  eV     1   --> A'             
     e( 40 - 40) =     18.26634  eV     1   --> A'             
     e( 41 - 41) =     18.85728  eV     1   --> A''            
     e( 42 - 42) =     19.07989  eV     1   --> A'             
     e( 43 - 43) =     19.37029  eV     1   --> A''            
     e( 44 - 44) =     21.40362  eV     1   --> A''            
     e( 45 - 45) =     23.15710  eV     1   --> A''            

 **************************************************************************

 **************************************************************************

                    xk=(   0.09007,   0.00000,   0.00000  )

     Band symmetry, C_s (m)     point group:

     e(  1 -  2) =    -39.37248  eV     2   --> A'             
     e(  1 -  2) =    -39.37248  eV     2   --> A''            
     e(  3 -  4) =    -39.37095  eV     2   --> A'             
     e(  3 -  4) =    -39.37095  eV     2   --> A''            
     e(  5 -  5) =    -39.37060  eV     1   -->   ?
     e(  6 -  6) =    -39.37042  eV     1   --> A''            
     e(  7 -  7) =    -39.36528  eV     1   --> A'             
     e(  8 -  8) =    -39.36511  eV     1   --> A''            
     e(  9 -  9) =    -39.36458  eV     1   --> A''            
     e( 10 - 10) =    -39.36444  eV     1   --> A'             
     e( 11 - 11) =    -24.13907  eV     1   --> A''            
     e( 12 - 12) =    -24.13033  eV     1   --> A'             
     e( 13 - 13) =    -24.12464  eV     1   --> A''            
     e( 14 - 14) =    -24.07723  eV     1   --> A''            
     e( 15 - 15) =    -24.07519  eV     1   --> A'             
     e( 16 - 16) =    -24.05816  eV     1   --> A'             
     e( 17 - 17) =    -24.05687  eV     1   --> A''            
     e( 18 - 18) =    -24.05583  eV     1   --> A'             
     e( 19 - 19) =    -24.03975  eV     1   --> A'             
     e( 20 - 20) =    -24.03539  eV     1   --> A''            
     e( 21 - 21) =     -6.39494  eV     1   --> A'             
     e( 22 - 22) =     -5.24522  eV     1   --> A''            
     e( 23 - 23) =      1.11976  eV     1   --> A''            
     e( 24 - 24) =      4.86595  eV     1   --> A''            
     e( 25 - 25) =      5.10861  eV     1   --> A'             
     e( 26 - 26) =      5.58172  eV     1   --> A'             
     e( 27 - 27) =      5.89854  eV     1   --> A'             
     e( 28 - 28) =      5.96314  eV     1   --> A''            
     e( 29 - 29) =      8.87654  eV     1   --> A'             
     e( 30 - 30) =      9.66706  eV     1   --> A''            
     e( 31 - 31) =     12.40888  eV     1   --> A'             
     e( 32 - 32) =     12.76634  eV     1   --> A''            
     e( 33 - 33) =     13.05989  eV     1   --> A'             
     e( 34 - 34) =     13.93147  eV     1   --> A''            
     e( 35 - 35) =     14.27598  eV     1   --> A'             
     e( 36 - 36) =     15.67763  eV     1   --> A''            
     e( 37 - 37) =     15.89371  eV     1   --> A'             
     e( 38 - 38) =     16.44621  eV     1   --> A''            
     e( 39 - 39) =     17.18716  eV     1   --> A'             
     e( 40 - 40) =     18.27177  eV     1   --> A'             
     e( 41 - 41) =     18.86368  eV     1   --> A''            
     e( 42 - 42) =     19.09349  eV     1   --> A'             
     e( 43 - 43) =     19.38211  eV     1   --> A''            
     e( 44 - 44) =     21.39986  eV     1   --> A''            
     e( 45 - 45) =     23.14440  eV     1   --> A''            

 **************************************************************************

 **************************************************************************

                    xk=(   0.09122,   0.00000,   0.00000  )

     Band symmetry, C_s (m)     point group:

     e(  1 -  2) =    -39.37249  eV     2   --> A'             
     e(  1 -  2) =    -39.37249  eV     2   --> A''            
     e(  3 -  4) =    -39.37095  eV     2   --> A'             
     e(  3 -  4) =    -39.37095  eV     2   --> A''            
     e(  5 -  5) =    -39.37061  eV     1   -->   ?
     e(  6 -  6) =    -39.37042  eV     1   --> A''            
     e(  7 -  7) =    -39.36528  eV     1   --> A'             
     e(  8 -  8) =    -39.36511  eV     1   --> A''            
     e(  9 -  9) =    -39.36458  eV     1   --> A''            
     e( 10 - 10) =    -39.36444  eV     1   --> A'             
     e( 11 - 11) =    -24.13903  eV     1   --> A''            
     e( 12 - 12) =    -24.13048  eV     1   --> A'             
     e( 13 - 13) =    -24.12464  eV     1   --> A''            
     e( 14 - 14) =    -24.07721  eV     1   --> A''            
     e( 15 - 15) =    -24.07512  eV     1   --> A'             
     e( 16 - 16) =    -24.05814  eV     1   --> A'             
     e( 17 - 17) =    -24.05694  eV     1   --> A''            
     e( 18 - 18) =    -24.05584  eV     1   --> A'             
     e( 19 - 19) =    -24.03981  eV     1   --> A'             
     e( 20 - 20) =    -24.03536  eV     1   --> A''            
     e( 21 - 21) =     -6.39374  eV     1   --> A'             
     e( 22 - 22) =     -5.24448  eV     1   --> A''            
     e( 23 - 23) =      1.12101  eV     1   --> A''            
     e( 24 - 24) =      4.85787  eV     1   --> A''            
     e( 25 - 25) =      5.10539  eV     1   --> A'             
     e( 26 - 26) =      5.57274  eV     1   --> A'             
     e( 27 - 27) =      5.89727  eV     1   --> A'             
     e( 28 - 28) =      5.96168  eV     1   --> A''            
     e( 29 - 29) =      8.88527  eV     1   --> A'             
     e( 30 - 30) =      9.67504  eV     1   --> A''            
     e( 31 - 31) =     12.40385  eV     1   --> A'             
     e( 32 - 32) =     12.76912  eV     1   --> A''            
     e( 33 - 33) =     13.06284  eV     1   --> A'             
     e( 34 - 34) =     13.92848  eV     1   --> A''            
     e( 35 - 35) =     14.28106  eV     1   --> A'             
     e( 36 - 36) =     15.66954  eV     1   --> A''            
     e( 37 - 37) =     15.88389  eV     1   --> A'             
     e( 38 - 38) =     16.44531  eV     1   --> A''            
     e( 39 - 39) =     17.19910  eV     1   --> A'             
     e( 40 - 40) =     18.27719  eV     1   --> A'             
     e( 41 - 41) =     18.87011  eV     1   --> A''            
     e( 42 - 42) =     19.10723  eV     1   --> A'             
     e( 43 - 43) =     19.39400  eV     1   --> A''            
     e( 44 - 44) =     21.39613  eV     1   --> A''            
     e( 45 - 45) =     23.13165  eV     1   --> A''            

 **************************************************************************

 **************************************************************************

                    xk=(   0.09238,   0.00000,   0.00000  )

     Band symmetry, C_s (m)     point group:

     e(  1 -  2) =    -39.37249  eV     2   --> A'             
     e(  1 -  2) =    -39.37249  eV     2   --> A''            
     e(  3 -  4) =    -39.37096  eV     2   --> A'             
     e(  3 -  4) =    -39.37096  eV     2   --> A''            
     e(  5 -  5) =    -39.37061  eV     1   -->   ?
     e(  6 -  6) =    -39.37042  eV     1   --> A''            
     e(  7 -  7) =    -39.36529  eV     1   --> A'             
     e(  8 -  8) =    -39.36511  eV     1   --> A''            
     e(  9 -  9) =    -39.36458  eV     1   --> A''            
     e( 10 - 10) =    -39.36444  eV     1   --> A'             
     e( 11 - 11) =    -24.13898  eV     1   --> A''            
     e( 12 - 12) =    -24.13062  eV     1   --> A'             
     e( 13 - 13) =    -24.12464  eV     1   --> A''            
     e( 14 - 14) =    -24.07718  eV     1   --> A''            
     e( 15 - 15) =    -24.07506  eV     1   --> A'             
     e( 16 - 16) =    -24.05812  eV     1   --> A'             
     e( 17 - 17) =    -24.05701  eV     1   --> A''            
     e( 18 - 18) =    -24.05584  eV     1   --> A'             
     e( 19 - 19) =    -24.03987  eV     1   --> A'             
     e( 20 - 20) =    -24.03532  eV     1   --> A''            
     e( 21 - 21) =     -6.39252  eV     1   --> A'             
     e( 22 - 22) =     -5.24373  eV     1   --> A''            
     e( 23 - 23) =      1.12229  eV     1   --> A''            
     e( 24 - 24) =      4.84974  eV     1   --> A''            
     e( 25 - 25) =      5.10211  eV     1   --> A'             
     e( 26 - 26) =      5.56374  eV     1   --> A'             
     e( 27 - 27) =      5.89599  eV     1   --> A'             
     e( 28 - 28) =      5.96020  eV     1   --> A''            
     e( 29 - 29) =      8.89404  eV     1   --> A'             
     e( 30 - 30) =      9.68308  eV     1   --> A''            
     e( 31 - 31) =     12.39880  eV     1   --> A'             
     e( 32 - 32) =     12.77193  eV     1   --> A''            
     e( 33 - 33) =     13.06581  eV     1   --> A'             
     e( 34 - 34) =     13.92548  eV     1   --> A''            
     e( 35 - 35) =     14.28620  eV     1   --> A'             
     e( 36 - 36) =     15.66141  eV     1   --> A''            
     e( 37 - 37) =     15.87408  eV     1   --> A'             
     e( 38 - 38) =     16.44443  eV     1   --> A''            
     e( 39 - 39) =     17.21114  eV     1   --> A'             
     e( 40 - 40) =     18.28258  eV     1   --> A'             
     e( 41 - 41) =     18.87656  eV     1   --> A''            
     e( 42 - 42) =     19.12113  eV     1   --> A'             
     e( 43 - 43) =     19.40595  eV     1   --> A''            
     e( 44 - 44) =     21.39244  eV     1   --> A''            
     e( 45 - 45) =     23.11886  eV     1   --> A''            

 **************************************************************************

 **************************************************************************

                    xk=(   0.09353,   0.00000,   0.00000  )

     Band symmetry, C_s (m)     point group:

     e(  1 -  2) =    -39.37249  eV     2   --> A'             
     e(  1 -  2) =    -39.37249  eV     2   --> A''            
     e(  3 -  4) =    -39.37096  eV     2   --> A'             
     e(  3 -  4) =    -39.37096  eV     2   --> A''            
     e(  5 -  5) =    -39.37061  eV     1   -->   ?
     e(  6 -  6) =    -39.37043  eV     1   --> A''            
     e(  7 -  7) =    -39.36529  eV     1   --> A'             
     e(  8 -  8) =    -39.36511  eV     1   --> A''            
     e(  9 -  9) =    -39.36458  eV     1   --> A''            
     e( 10 - 10) =    -39.36444  eV     1   --> A'             
     e( 11 - 11) =    -24.13894  eV     1   --> A''            
     e( 12 - 12) =    -24.13076  eV     1   --> A'             
     e( 13 - 13) =    -24.12464  eV     1   --> A''            
     e( 14 - 14) =    -24.07716  eV     1   --> A''            
     e( 15 - 15) =    -24.07499  eV     1   --> A'             
     e( 16 - 16) =    -24.05811  eV     1   --> A'             
     e( 17 - 17) =    -24.05708  eV     1   --> A''            
     e( 18 - 18) =    -24.05585  eV     1   --> A'             
     e( 19 - 19) =    -24.03992  eV     1   --> A'             
     e( 20 - 20) =    -24.03528  eV     1   --> A''            
     e( 21 - 21) =     -6.39129  eV     1   --> A'             
     e( 22 - 22) =     -5.24297  eV     1   --> A''            
     e( 23 - 23) =      1.12358  eV     1   --> A''            
     e( 24 - 24) =      4.84154  eV     1   --> A''            
     e( 25 - 25) =      5.09876  eV     1   --> A'             
     e( 26 - 26) =      5.55472  eV     1   --> A'             
     e( 27 - 27) =      5.89469  eV     1   --> A'             
     e( 28 - 28) =      5.95869  eV     1   --> A''            
     e( 29 - 29) =      8.90285  eV     1   --> A'             
     e( 30 - 30) =      9.69117  eV     1   --> A''            
     e( 31 - 31) =     12.39373  eV     1   --> A'             
     e( 32 - 32) =     12.77475  eV     1   --> A''            
     e( 33 - 33) =     13.06880  eV     1   --> A'             
     e( 34 - 34) =     13.92247  eV     1   --> A''            
     e( 35 - 35) =     14.29140  eV     1   --> A'             
     e( 36 - 36) =     15.65323  eV     1   --> A''            
     e( 37 - 37) =     15.86430  eV     1   --> A'             
     e( 38 - 38) =     16.44357  eV     1   --> A''            
     e( 39 - 39) =     17.22326  eV     1   --> A'             
     e( 40 - 40) =     18.28795  eV     1   --> A'             
     e( 41 - 41) =     18.88303  eV     1   --> A''            
     e( 42 - 42) =     19.13517  eV     1   --> A'             
     e( 43 - 43) =     19.41797  eV     1   --> A''            
     e( 44 - 44) =     21.38879  eV     1   --> A''            
     e( 45 - 45) =     23.10604  eV     1   --> A''            

 **************************************************************************

 **************************************************************************

                    xk=(   0.09469,   0.00000,   0.00000  )

     Band symmetry, C_s (m)     point group:

     e(  1 -  2) =    -39.37249  eV     2   --> A'             
     e(  1 -  2) =    -39.37249  eV     2   --> A''            
     e(  3 -  4) =    -39.37096  eV     2   --> A'             
     e(  3 -  4) =    -39.37096  eV     2   --> A''            
     e(  5 -  5) =    -39.37061  eV     1   -->   ?
     e(  6 -  6) =    -39.37043  eV     1   --> A''            
     e(  7 -  7) =    -39.36529  eV     1   --> A'             
     e(  8 -  8) =    -39.36511  eV     1   --> A''            
     e(  9 -  9) =    -39.36458  eV     1   --> A''            
     e( 10 - 10) =    -39.36444  eV     1   --> A'             
     e( 11 - 11) =    -24.13889  eV     1   --> A''            
     e( 12 - 12) =    -24.13091  eV     1   --> A'             
     e( 13 - 13) =    -24.12465  eV     1   --> A''            
     e( 14 - 14) =    -24.07714  eV     1   --> A''            
     e( 15 - 15) =    -24.07492  eV     1   --> A'             
     e( 16 - 16) =    -24.05810  eV     1   --> A'             
     e( 17 - 17) =    -24.05714  eV     1   --> A''            
     e( 18 - 18) =    -24.05584  eV     1   --> A'             
     e( 19 - 19) =    -24.03998  eV     1   --> A'             
     e( 20 - 20) =    -24.03524  eV     1   --> A''            
     e( 21 - 21) =     -6.39004  eV     1   --> A'             
     e( 22 - 22) =     -5.24220  eV     1   --> A''            
     e( 23 - 23) =      1.12488  eV     1   --> A''            
     e( 24 - 24) =      4.83330  eV     1   --> A''            
     e( 25 - 25) =      5.09534  eV     1   --> A'             
     e( 26 - 26) =      5.54569  eV     1   --> A'             
     e( 27 - 27) =      5.89337  eV     1   --> A'             
     e( 28 - 28) =      5.95716  eV     1   --> A''            
     e( 29 - 29) =      8.91170  eV     1   --> A'             
     e( 30 - 30) =      9.69931  eV     1   --> A''            
     e( 31 - 31) =     12.38865  eV     1   --> A'             
     e( 32 - 32) =     12.77758  eV     1   --> A''            
     e( 33 - 33) =     13.07181  eV     1   --> A'             
     e( 34 - 34) =     13.91946  eV     1   --> A''            
     e( 35 - 35) =     14.29666  eV     1   --> A'             
     e( 36 - 36) =     15.64502  eV     1   --> A''            
     e( 37 - 37) =     15.85455  eV     1   --> A'             
     e( 38 - 38) =     16.44273  eV     1   --> A''            
     e( 39 - 39) =     17.23546  eV     1   --> A'             
     e( 40 - 40) =     18.29331  eV     1   --> A'             
     e( 41 - 41) =     18.88951  eV     1   --> A''            
     e( 42 - 42) =     19.14936  eV     1   --> A'             
     e( 43 - 43) =     19.43005  eV     1   --> A''            
     e( 44 - 44) =     21.38518  eV     1   --> A''            
     e( 45 - 45) =     23.09318  eV     1   --> A''            

 **************************************************************************

 **************************************************************************

                    xk=(   0.09584,   0.00000,   0.00000  )

     Band symmetry, C_s (m)     point group:

     e(  1 -  2) =    -39.37249  eV     2   --> A'             
     e(  1 -  2) =    -39.37249  eV     2   --> A''            
     e(  3 -  4) =    -39.37096  eV     2   --> A'             
     e(  3 -  4) =    -39.37096  eV     2   --> A''            
     e(  5 -  5) =    -39.37061  eV     1   -->   ?
     e(  6 -  6) =    -39.37043  eV     1   --> A''            
     e(  7 -  7) =    -39.36529  eV     1   --> A'             
     e(  8 -  8) =    -39.36511  eV     1   --> A''            
     e(  9 -  9) =    -39.36458  eV     1   --> A''            
     e( 10 - 10) =    -39.36444  eV     1   --> A'             
     e( 11 - 11) =    -24.13885  eV     1   --> A''            
     e( 12 - 12) =    -24.13106  eV     1   --> A'             
     e( 13 - 13) =    -24.12465  eV     1   --> A''            
     e( 14 - 14) =    -24.07711  eV     1   --> A''            
     e( 15 - 15) =    -24.07485  eV     1   --> A'             
     e( 16 - 16) =    -24.05810  eV     1   --> A'             
     e( 17 - 17) =    -24.05721  eV     1   --> A''            
     e( 18 - 18) =    -24.05583  eV     1   --> A'             
     e( 19 - 19) =    -24.04004  eV     1   --> A'             
     e( 20 - 20) =    -24.03520  eV     1   --> A''            
     e( 21 - 21) =     -6.38878  eV     1   --> A'             
     e( 22 - 22) =     -5.24143  eV     1   --> A''            
     e( 23 - 23) =      1.12620  eV     1   --> A''            
     e( 24 - 24) =      4.82499  eV     1   --> A''            
     e( 25 - 25) =      5.09185  eV     1   --> A'             
     e( 26 - 26) =      5.53664  eV     1   --> A'             
     e( 27 - 27) =      5.89204  eV     1   --> A'             
     e( 28 - 28) =      5.95560  eV     1   --> A''            
     e( 29 - 29) =      8.92060  eV     1   --> A'             
     e( 30 - 30) =      9.70750  eV     1   --> A''            
     e( 31 - 31) =     12.38355  eV     1   --> A'             
     e( 32 - 32) =     12.78044  eV     1   --> A''            
     e( 33 - 33) =     13.07485  eV     1   --> A'             
     e( 34 - 34) =     13.91645  eV     1   --> A''            
     e( 35 - 35) =     14.30198  eV     1   --> A'             
     e( 36 - 36) =     15.63677  eV     1   --> A''            
     e( 37 - 37) =     15.84481  eV     1   --> A'             
     e( 38 - 38) =     16.44191  eV     1   --> A''            
     e( 39 - 39) =     17.24775  eV     1   --> A'             
     e( 40 - 40) =     18.29865  eV     1   --> A'             
     e( 41 - 41) =     18.89600  eV     1   --> A''            
     e( 42 - 42) =     19.16369  eV     1   --> A'             
     e( 43 - 43) =     19.44220  eV     1   --> A''            
     e( 44 - 44) =     21.38161  eV     1   --> A''            
     e( 45 - 45) =     23.08030  eV     1   --> A''            

 **************************************************************************

 **************************************************************************

                    xk=(   0.09699,   0.00000,   0.00000  )

     Band symmetry, C_s (m)     point group:

     e(  1 -  2) =    -39.37250  eV     2   --> A'             
     e(  1 -  2) =    -39.37250  eV     2   --> A''            
     e(  3 -  4) =    -39.37096  eV     2   --> A'             
     e(  3 -  4) =    -39.37096  eV     2   --> A''            
     e(  5 -  5) =    -39.37061  eV     1   -->   ?
     e(  6 -  6) =    -39.37043  eV     1   --> A''            
     e(  7 -  7) =    -39.36529  eV     1   --> A'             
     e(  8 -  8) =    -39.36511  eV     1   --> A''            
     e(  9 -  9) =    -39.36459  eV     1   --> A''            
     e( 10 - 10) =    -39.36444  eV     1   --> A'             
     e( 11 - 11) =    -24.13880  eV     1   --> A''            
     e( 12 - 12) =    -24.13120  eV     1   --> A'             
     e( 13 - 13) =    -24.12464  eV     1   --> A''            
     e( 14 - 14) =    -24.07709  eV     1   --> A''            
     e( 15 - 15) =    -24.07479  eV     1   --> A'             
     e( 16 - 16) =    -24.05811  eV     1   --> A'             
     e( 17 - 17) =    -24.05728  eV     1   --> A''            
     e( 18 - 18) =    -24.05581  eV     1   --> A'             
     e( 19 - 19) =    -24.04009  eV     1   --> A'             
     e( 20 - 20) =    -24.03517  eV     1   --> A''            
     e( 21 - 21) =     -6.38750  eV     1   --> A'             
     e( 22 - 22) =     -5.24064  eV     1   --> A''            
     e( 23 - 23) =      1.12753  eV     1   --> A''            
     e( 24 - 24) =      4.81664  eV     1   --> A''            
     e( 25 - 25) =      5.08829  eV     1   --> A'             
     e( 26 - 26) =      5.52757  eV     1   --> A'             
     e( 27 - 27) =      5.89070  eV     1   --> A'             
     e( 28 - 28) =      5.95403  eV     1   --> A''            
     e( 29 - 29) =      8.92953  eV     1   --> A'             
     e( 30 - 30) =      9.71574  eV     1   --> A''            
     e( 31 - 31) =     12.37844  eV     1   --> A'             
     e( 32 - 32) =     12.78331  eV     1   --> A''            
     e( 33 - 33) =     13.07791  eV     1   --> A'             
     e( 34 - 34) =     13.91344  eV     1   --> A''            
     e( 35 - 35) =     14.30735  eV     1   --> A'             
     e( 36 - 36) =     15.62849  eV     1   --> A''            
     e( 37 - 37) =     15.83511  eV     1   --> A'             
     e( 38 - 38) =     16.44111  eV     1   --> A''            
     e( 39 - 39) =     17.26012  eV     1   --> A'             
     e( 40 - 40) =     18.30398  eV     1   --> A'             
     e( 41 - 41) =     18.90251  eV     1   --> A''            
     e( 42 - 42) =     19.17815  eV     1   --> A'             
     e( 43 - 43) =     19.45440  eV     1   --> A''            
     e( 44 - 44) =     21.37809  eV     1   --> A''            
     e( 45 - 45) =     23.06740  eV     1   --> A''            

 **************************************************************************

 **************************************************************************

                    xk=(   0.09815,   0.00000,   0.00000  )

     Band symmetry, C_s (m)     point group:

     e(  1 -  2) =    -39.37250  eV     2   --> A'             
     e(  1 -  2) =    -39.37250  eV     2   --> A''            
     e(  3 -  4) =    -39.37096  eV     2   --> A'             
     e(  3 -  4) =    -39.37096  eV     2   --> A''            
     e(  5 -  5) =    -39.37062  eV     1   -->   ?
     e(  6 -  6) =    -39.37043  eV     1   --> A''            
     e(  7 -  7) =    -39.36529  eV     1   --> A'             
     e(  8 -  8) =    -39.36511  eV     1   --> A''            
     e(  9 -  9) =    -39.36459  eV     1   --> A''            
     e( 10 - 10) =    -39.36444  eV     1   --> A'             
     e( 11 - 11) =    -24.13876  eV     1   --> A''            
     e( 12 - 12) =    -24.13135  eV     1   --> A'             
     e( 13 - 13) =    -24.12464  eV     1   --> A''            
     e( 14 - 14) =    -24.07707  eV     1   --> A''            
     e( 15 - 15) =    -24.07472  eV     1   --> A'             
     e( 16 - 16) =    -24.05813  eV     1   --> A'             
     e( 17 - 17) =    -24.05735  eV     1   --> A''            
     e( 18 - 18) =    -24.05579  eV     1   --> A'             
     e( 19 - 19) =    -24.04015  eV     1   --> A'             
     e( 20 - 20) =    -24.03513  eV     1   --> A''            
     e( 21 - 21) =     -6.38621  eV     1   --> A'             
     e( 22 - 22) =     -5.23985  eV     1   --> A''            
     e( 23 - 23) =      1.12888  eV     1   --> A''            
     e( 24 - 24) =      4.80823  eV     1   --> A''            
     e( 25 - 25) =      5.08466  eV     1   --> A'             
     e( 26 - 26) =      5.51850  eV     1   --> A'             
     e( 27 - 27) =      5.88934  eV     1   --> A'             
     e( 28 - 28) =      5.95243  eV     1   --> A''            
     e( 29 - 29) =      8.93849  eV     1   --> A'             
     e( 30 - 30) =      9.72403  eV     1   --> A''            
     e( 31 - 31) =     12.37332  eV     1   --> A'             
     e( 32 - 32) =     12.78619  eV     1   --> A''            
     e( 33 - 33) =     13.08099  eV     1   --> A'             
     e( 34 - 34) =     13.91043  eV     1   --> A''            
     e( 35 - 35) =     14.31279  eV     1   --> A'             
     e( 36 - 36) =     15.62019  eV     1   --> A''            
     e( 37 - 37) =     15.82543  eV     1   --> A'             
     e( 38 - 38) =     16.44032  eV     1   --> A''            
     e( 39 - 39) =     17.27257  eV     1   --> A'             
     e( 40 - 40) =     18.30930  eV     1   --> A'             
     e( 41 - 41) =     18.90901  eV     1   --> A''            
     e( 42 - 42) =     19.19275  eV     1   --> A'             
     e( 43 - 43) =     19.46667  eV     1   --> A''            
     e( 44 - 44) =     21.37461  eV     1   --> A''            
     e( 45 - 45) =     23.05449  eV     1   --> A''            

 **************************************************************************

 **************************************************************************

                    xk=(   0.09930,   0.00000,   0.00000  )

     Band symmetry, C_s (m)     point group:

     e(  1 -  1) =    -39.37249  eV     1   -->   ?
     e(  2 -  2) =    -39.37238  eV     1   -->   ?
     e(  3 -  4) =    -39.37095  eV     2   --> A'             
     e(  3 -  4) =    -39.37095  eV     2   --> A''            
     e(  5 -  5) =    -39.37056  eV     1   -->   ?
     e(  6 -  6) =    -39.37043  eV     1   --> A''            
     e(  7 -  7) =    -39.36524  eV     1   --> A'             
     e(  8 -  8) =    -39.36511  eV     1   --> A''            
     e(  9 -  9) =    -39.36457  eV     1   --> A''            
     e( 10 - 10) =    -39.36444  eV     1   --> A'             
     e( 11 - 11) =    -24.13869  eV     1   --> A''            
     e( 12 - 12) =    -24.13147  eV     1   --> A'             
     e( 13 - 13) =    -24.12463  eV     1   --> A''            
     e( 14 - 14) =    -24.07703  eV     1   --> A''            
     e( 15 - 15) =    -24.07465  eV     1   --> A'             
     e( 16 - 16) =    -24.05814  eV     1   --> A'             
     e( 17 - 17) =    -24.05741  eV     1   --> A''            
     e( 18 - 18) =    -24.05574  eV     1   --> A'             
     e( 19 - 19) =    -24.04017  eV     1   --> A'             
     e( 20 - 20) =    -24.03509  eV     1   --> A''            
     e( 21 - 21) =     -6.38490  eV     1   --> A'             
     e( 22 - 22) =     -5.23905  eV     1   --> A''            
     e( 23 - 23) =      1.13024  eV     1   --> A''            
     e( 24 - 24) =      4.79976  eV     1   --> A''            
     e( 25 - 25) =      5.08096  eV     1   --> A'             
     e( 26 - 26) =      5.50943  eV     1   --> A'             
     e( 27 - 27) =      5.88796  eV     1   --> A'             
     e( 28 - 28) =      5.95081  eV     1   --> A''            
     e( 29 - 29) =      8.94749  eV     1   --> A'             
     e( 30 - 30) =      9.73237  eV     1   --> A''            
     e( 31 - 31) =     12.36818  eV     1   --> A'             
     e( 32 - 32) =     12.78909  eV     1   --> A''            
     e( 33 - 33) =     13.08409  eV     1   --> A'             
     e( 34 - 34) =     13.90743  eV     1   --> A''            
     e( 35 - 35) =     14.31829  eV     1   --> A'             
     e( 36 - 36) =     15.61185  eV     1   --> A''            
     e( 37 - 37) =     15.81578  eV     1   --> A'             
     e( 38 - 38) =     16.43955  eV     1   --> A''            
     e( 39 - 39) =     17.28510  eV     1   --> A'             
     e( 40 - 40) =     18.31461  eV     1   --> A'             
     e( 41 - 41) =     18.91552  eV     1   --> A''            
     e( 42 - 42) =     19.20748  eV     1   --> A'             
     e( 43 - 43) =     19.47900  eV     1   --> A''            
     e( 44 - 44) =     21.37119  eV     1   --> A''            
     e( 45 - 45) =     23.04156  eV     1   --> A''            

 **************************************************************************

 **************************************************************************

                    xk=(   0.10046,   0.00000,   0.00000  )

     Band symmetry, C_s (m)     point group:

     e(  1 -  1) =    -39.37249  eV     1   -->   ?
     e(  2 -  2) =    -39.37238  eV     1   -->   ?
     e(  3 -  4) =    -39.37095  eV     2   --> A'             
     e(  3 -  4) =    -39.37095  eV     2   --> A''            
     e(  5 -  5) =    -39.37056  eV     1   -->   ?
     e(  6 -  6) =    -39.37043  eV     1   --> A''            
     e(  7 -  7) =    -39.36524  eV     1   --> A'             
     e(  8 -  8) =    -39.36512  eV     1   --> A''            
     e(  9 -  9) =    -39.36457  eV     1   --> A''            
     e( 10 - 10) =    -39.36444  eV     1   --> A'             
     e( 11 - 11) =    -24.13865  eV     1   --> A''            
     e( 12 - 12) =    -24.13162  eV     1   --> A'             
     e( 13 - 13) =    -24.12463  eV     1   --> A''            
     e( 14 - 14) =    -24.07701  eV     1   --> A''            
     e( 15 - 15) =    -24.07458  eV     1   --> A'             
     e( 16 - 16) =    -24.05817  eV     1   --> A'             
     e( 17 - 17) =    -24.05749  eV     1   --> A''            
     e( 18 - 18) =    -24.05570  eV     1   --> A'             
     e( 19 - 19) =    -24.04023  eV     1   --> A'             
     e( 20 - 20) =    -24.03505  eV     1   --> A''            
     e( 21 - 21) =     -6.38358  eV     1   --> A'             
     e( 22 - 22) =     -5.23824  eV     1   --> A''            
     e( 23 - 23) =      1.13161  eV     1   --> A''            
     e( 24 - 24) =      4.79125  eV     1   --> A''            
     e( 25 - 25) =      5.07718  eV     1   --> A'             
     e( 26 - 26) =      5.50035  eV     1   --> A'             
     e( 27 - 27) =      5.88656  eV     1   --> A'             
     e( 28 - 28) =      5.94916  eV     1   --> A''            
     e( 29 - 29) =      8.95653  eV     1   --> A'             
     e( 30 - 30) =      9.74075  eV     1   --> A''            
     e( 31 - 31) =     12.36304  eV     1   --> A'             
     e( 32 - 32) =     12.79200  eV     1   --> A''            
     e( 33 - 33) =     13.08722  eV     1   --> A'             
     e( 34 - 34) =     13.90442  eV     1   --> A''            
     e( 35 - 35) =     14.32385  eV     1   --> A'             
     e( 36 - 36) =     15.60349  eV     1   --> A''            
     e( 37 - 37) =     15.80616  eV     1   --> A'             
     e( 38 - 38) =     16.43880  eV     1   --> A''            
     e( 39 - 39) =     17.29770  eV     1   --> A'             
     e( 40 - 40) =     18.31992  eV     1   --> A'             
     e( 41 - 41) =     18.92203  eV     1   --> A''            
     e( 42 - 42) =     19.22234  eV     1   --> A'             
     e( 43 - 43) =     19.49139  eV     1   --> A''            
     e( 44 - 44) =     21.36781  eV     1   --> A''            
     e( 45 - 45) =     23.02863  eV     1   --> A''            

 **************************************************************************

 **************************************************************************

                    xk=(   0.10161,   0.00000,   0.00000  )

     Band symmetry, C_s (m)     point group:

     e(  1 -  1) =    -39.37249  eV     1   -->   ?
     e(  2 -  2) =    -39.37238  eV     1   -->   ?
     e(  3 -  4) =    -39.37095  eV     2   --> A'             
     e(  3 -  4) =    -39.37095  eV     2   --> A''            
     e(  5 -  5) =    -39.37056  eV     1   -->   ?
     e(  6 -  6) =    -39.37044  eV     1   --> A''            
     e(  7 -  7) =    -39.36524  eV     1   --> A'             
     e(  8 -  8) =    -39.36512  eV     1   --> A''            
     e(  9 -  9) =    -39.36457  eV     1   --> A''            
     e( 10 - 10) =    -39.36444  eV     1   --> A'             
     e( 11 - 11) =    -24.13861  eV     1   --> A''            
     e( 12 - 12) =    -24.13177  eV     1   --> A'             
     e( 13 - 13) =    -24.12462  eV     1   --> A''            
     e( 14 - 14) =    -24.07699  eV     1   --> A''            
     e( 15 - 15) =    -24.07451  eV     1   --> A'             
     e( 16 - 16) =    -24.05821  eV     1   --> A'             
     e( 17 - 17) =    -24.05756  eV     1   --> A''            
     e( 18 - 18) =    -24.05566  eV     1   --> A'             
     e( 19 - 19) =    -24.04029  eV     1   --> A'             
     e( 20 - 20) =    -24.03501  eV     1   --> A''            
     e( 21 - 21) =     -6.38224  eV     1   --> A'             
     e( 22 - 22) =     -5.23742  eV     1   --> A''            
     e( 23 - 23) =      1.13301  eV     1   --> A''            
     e( 24 - 24) =      4.78269  eV     1   --> A''            
     e( 25 - 25) =      5.07332  eV     1   --> A'             
     e( 26 - 26) =      5.49128  eV     1   --> A'             
     e( 27 - 27) =      5.88515  eV     1   --> A'             
     e( 28 - 28) =      5.94750  eV     1   --> A''            
     e( 29 - 29) =      8.96559  eV     1   --> A'             
     e( 30 - 30) =      9.74918  eV     1   --> A''            
     e( 31 - 31) =     12.35788  eV     1   --> A'             
     e( 32 - 32) =     12.79492  eV     1   --> A''            
     e( 33 - 33) =     13.09036  eV     1   --> A'             
     e( 34 - 34) =     13.90142  eV     1   --> A''            
     e( 35 - 35) =     14.32946  eV     1   --> A'             
     e( 36 - 36) =     15.59511  eV     1   --> A''            
     e( 37 - 37) =     15.79657  eV     1   --> A'             
     e( 38 - 38) =     16.43807  eV     1   --> A''            
     e( 39 - 39) =     17.31038  eV     1   --> A'             
     e( 40 - 40) =     18.32523  eV     1   --> A'             
     e( 41 - 41) =     18.92853  eV     1   --> A''            
     e( 42 - 42) =     19.23733  eV     1   --> A'             
     e( 43 - 43) =     19.50384  eV     1   --> A''            
     e( 44 - 44) =     21.36449  eV     1   --> A''            
     e( 45 - 45) =     23.01569  eV     1   --> A''            

 **************************************************************************

 **************************************************************************

                    xk=(   0.10277,   0.00000,   0.00000  )

     Band symmetry, C_s (m)     point group:

     e(  1 -  1) =    -39.37249  eV     1   -->   ?
     e(  2 -  2) =    -39.37239  eV     1   -->   ?
     e(  3 -  4) =    -39.37100  eV     2   --> A'             
     e(  3 -  4) =    -39.37100  eV     2   --> A''            
     e(  5 -  5) =    -39.37066  eV     1   -->   ?
     e(  6 -  6) =    -39.37047  eV     1   --> A''            
     e(  7 -  7) =    -39.36535  eV     1   --> A'             
     e(  8 -  8) =    -39.36516  eV     1   --> A''            
     e(  9 -  9) =    -39.36462  eV     1   --> A''            
     e( 10 - 10) =    -39.36446  eV     1   --> A'             
     e( 11 - 11) =    -24.13857  eV     1   --> A''            
     e( 12 - 12) =    -24.13197  eV     1   --> A'             
     e( 13 - 13) =    -24.12464  eV     1   --> A''            
     e( 14 - 14) =    -24.07700  eV     1   --> A''            
     e( 15 - 15) =    -24.07446  eV     1   --> A'             
     e( 16 - 16) =    -24.05827  eV     1   --> A'             
     e( 17 - 17) =    -24.05766  eV     1   --> A''            
     e( 18 - 18) =    -24.05562  eV     1   --> A'             
     e( 19 - 19) =    -24.04039  eV     1   --> A'             
     e( 20 - 20) =    -24.03499  eV     1   --> A''            
     e( 21 - 21) =     -6.38089  eV     1   --> A'             
     e( 22 - 22) =     -5.23659  eV     1   --> A''            
     e( 23 - 23) =      1.13441  eV     1   --> A''            
     e( 24 - 24) =      4.77408  eV     1   --> A''            
     e( 25 - 25) =      5.06938  eV     1   --> A'             
     e( 26 - 26) =      5.48221  eV     1   --> A'             
     e( 27 - 27) =      5.88373  eV     1   --> A'             
     e( 28 - 28) =      5.94581  eV     1   --> A''            
     e( 29 - 29) =      8.97469  eV     1   --> A'             
     e( 30 - 30) =      9.75765  eV     1   --> A''            
     e( 31 - 31) =     12.35272  eV     1   --> A'             
     e( 32 - 32) =     12.79785  eV     1   --> A''            
     e( 33 - 33) =     13.09352  eV     1   --> A'             
     e( 34 - 34) =     13.89841  eV     1   --> A''            
     e( 35 - 35) =     14.33513  eV     1   --> A'             
     e( 36 - 36) =     15.58670  eV     1   --> A''            
     e( 37 - 37) =     15.78701  eV     1   --> A'             
     e( 38 - 38) =     16.43735  eV     1   --> A''            
     e( 39 - 39) =     17.32313  eV     1   --> A'             
     e( 40 - 40) =     18.33054  eV     1   --> A'             
     e( 41 - 41) =     18.93503  eV     1   --> A''            
     e( 42 - 42) =     19.25244  eV     1   --> A'             
     e( 43 - 43) =     19.51635  eV     1   --> A''            
     e( 44 - 44) =     21.36121  eV     1   --> A''            
     e( 45 - 45) =     23.00276  eV     1   --> A''            

 **************************************************************************

 **************************************************************************

                    xk=(   0.10392,   0.00000,   0.00000  )

     Band symmetry, C_s (m)     point group:

     e(  1 -  1) =    -39.37249  eV     1   -->   ?
     e(  2 -  2) =    -39.37239  eV     1   -->   ?
     e(  3 -  4) =    -39.37100  eV     2   --> A'             
     e(  3 -  4) =    -39.37100  eV     2   --> A''            
     e(  5 -  5) =    -39.37066  eV     1   -->   ?
     e(  6 -  6) =    -39.37047  eV     1   --> A''            
     e(  7 -  7) =    -39.36535  eV     1   --> A'             
     e(  8 -  8) =    -39.36516  eV     1   --> A''            
     e(  9 -  9) =    -39.36462  eV     1   --> A''            
     e( 10 - 10) =    -39.36446  eV     1   --> A'             
     e( 11 - 11) =    -24.13852  eV     1   --> A''            
     e( 12 - 12) =    -24.13212  eV     1   --> A'             
     e( 13 - 13) =    -24.12463  eV     1   --> A''            
     e( 14 - 14) =    -24.07698  eV     1   --> A''            
     e( 15 - 15) =    -24.07439  eV     1   --> A'             
     e( 16 - 16) =    -24.05832  eV     1   --> A'             
     e( 17 - 17) =    -24.05773  eV     1   --> A''            
     e( 18 - 18) =    -24.05557  eV     1   --> A'             
     e( 19 - 19) =    -24.04045  eV     1   --> A'             
     e( 20 - 20) =    -24.03495  eV     1   --> A''            
     e( 21 - 21) =     -6.37953  eV     1   --> A'             
     e( 22 - 22) =     -5.23575  eV     1   --> A''            
     e( 23 - 23) =      1.13583  eV     1   --> A''            
     e( 24 - 24) =      4.76543  eV     1   --> A''            
     e( 25 - 25) =      5.06536  eV     1   --> A'             
     e( 26 - 26) =      5.47314  eV     1   --> A'             
     e( 27 - 27) =      5.88228  eV     1   --> A'             
     e( 28 - 28) =      5.94409  eV     1   --> A''            
     e( 29 - 29) =      8.98382  eV     1   --> A'             
     e( 30 - 30) =      9.76616  eV     1   --> A''            
     e( 31 - 31) =     12.34755  eV     1   --> A'             
     e( 32 - 32) =     12.80080  eV     1   --> A''            
     e( 33 - 33) =     13.09671  eV     1   --> A'             
     e( 34 - 34) =     13.89542  eV     1   --> A''            
     e( 35 - 35) =     14.34087  eV     1   --> A'             
     e( 36 - 36) =     15.57828  eV     1   --> A''            
     e( 37 - 37) =     15.77749  eV     1   --> A'             
     e( 38 - 38) =     16.43666  eV     1   --> A''            
     e( 39 - 39) =     17.33595  eV     1   --> A'             
     e( 40 - 40) =     18.33586  eV     1   --> A'             
     e( 41 - 41) =     18.94151  eV     1   --> A''            
     e( 42 - 42) =     19.26767  eV     1   --> A'             
     e( 43 - 43) =     19.52892  eV     1   --> A''            
     e( 44 - 44) =     21.35800  eV     1   --> A''            
     e( 45 - 45) =     22.98983  eV     1   --> A''            

 **************************************************************************

 **************************************************************************

                    xk=(   0.10508,   0.00000,   0.00000  )

     Band symmetry, C_s (m)     point group:

     e(  1 -  1) =    -39.37250  eV     1   -->   ?
     e(  2 -  2) =    -39.37239  eV     1   -->   ?
     e(  3 -  4) =    -39.37100  eV     2   --> A'             
     e(  3 -  4) =    -39.37100  eV     2   --> A''            
     e(  5 -  5) =    -39.37066  eV     1   -->   ?
     e(  6 -  6) =    -39.37047  eV     1   --> A''            
     e(  7 -  7) =    -39.36535  eV     1   --> A'             
     e(  8 -  8) =    -39.36516  eV     1   --> A''            
     e(  9 -  9) =    -39.36463  eV     1   --> A''            
     e( 10 - 10) =    -39.36446  eV     1   --> A'             
     e( 11 - 11) =    -24.13848  eV     1   --> A''            
     e( 12 - 12) =    -24.13227  eV     1   --> A'             
     e( 13 - 13) =    -24.12462  eV     1   --> A''            
     e( 14 - 14) =    -24.07696  eV     1   --> A''            
     e( 15 - 15) =    -24.07432  eV     1   --> A'             
     e( 16 - 16) =    -24.05837  eV     1   --> A'             
     e( 17 - 17) =    -24.05781  eV     1   --> A''            
     e( 18 - 18) =    -24.05551  eV     1   --> A'             
     e( 19 - 19) =    -24.04051  eV     1   --> A'             
     e( 20 - 20) =    -24.03491  eV     1   --> A''            
     e( 21 - 21) =     -6.37814  eV     1   --> A'             
     e( 22 - 22) =     -5.23491  eV     1   --> A''            
     e( 23 - 23) =      1.13727  eV     1   --> A''            
     e( 24 - 24) =      4.75672  eV     1   --> A''            
     e( 25 - 25) =      5.06125  eV     1   --> A'             
     e( 26 - 26) =      5.46409  eV     1   --> A'             
     e( 27 - 27) =      5.88083  eV     1   --> A'             
     e( 28 - 28) =      5.94236  eV     1   --> A''            
     e( 29 - 29) =      8.99298  eV     1   --> A'             
     e( 30 - 30) =      9.77471  eV     1   --> A''            
     e( 31 - 31) =     12.34237  eV     1   --> A'             
     e( 32 - 32) =     12.80375  eV     1   --> A''            
     e( 33 - 33) =     13.09991  eV     1   --> A'             
     e( 34 - 34) =     13.89243  eV     1   --> A''            
     e( 35 - 35) =     14.34666  eV     1   --> A'             
     e( 36 - 36) =     15.56985  eV     1   --> A''            
     e( 37 - 37) =     15.76801  eV     1   --> A'             
     e( 38 - 38) =     16.43597  eV     1   --> A''            
     e( 39 - 39) =     17.34883  eV     1   --> A'             
     e( 40 - 40) =     18.34118  eV     1   --> A'             
     e( 41 - 41) =     18.94798  eV     1   --> A''            
     e( 42 - 42) =     19.28302  eV     1   --> A'             
     e( 43 - 43) =     19.54155  eV     1   --> A''            
     e( 44 - 44) =     21.35484  eV     1   --> A''            
     e( 45 - 45) =     22.97691  eV     1   --> A''            

 **************************************************************************

 **************************************************************************

                    xk=(   0.10623,   0.00000,   0.00000  )

     Band symmetry, C_s (m)     point group:

     e(  1 -  1) =    -39.37250  eV     1   -->   ?
     e(  2 -  2) =    -39.37239  eV     1   -->   ?
     e(  3 -  4) =    -39.37100  eV     2   --> A'             
     e(  3 -  4) =    -39.37100  eV     2   --> A''            
     e(  5 -  5) =    -39.37067  eV     1   -->   ?
     e(  6 -  6) =    -39.37047  eV     1   --> A''            
     e(  7 -  7) =    -39.36535  eV     1   --> A'             
     e(  8 -  8) =    -39.36516  eV     1   --> A''            
     e(  9 -  9) =    -39.36463  eV     1   --> A''            
     e( 10 - 10) =    -39.36446  eV     1   --> A'             
     e( 11 - 11) =    -24.13844  eV     1   --> A''            
     e( 12 - 12) =    -24.13243  eV     1   --> A'             
     e( 13 - 13) =    -24.12461  eV     1   --> A''            
     e( 14 - 14) =    -24.07694  eV     1   --> A''            
     e( 15 - 15) =    -24.07425  eV     1   --> A'             
     e( 16 - 16) =    -24.05843  eV     1   --> A'             
     e( 17 - 17) =    -24.05788  eV     1   --> A''            
     e( 18 - 18) =    -24.05545  eV     1   --> A'             
     e( 19 - 19) =    -24.04057  eV     1   --> A'             
     e( 20 - 20) =    -24.03487  eV     1   --> A''            
     e( 21 - 21) =     -6.37675  eV     1   --> A'             
     e( 22 - 22) =     -5.23406  eV     1   --> A''            
     e( 23 - 23) =      1.13872  eV     1   --> A''            
     e( 24 - 24) =      4.74797  eV     1   --> A''            
     e( 25 - 25) =      5.05706  eV     1   --> A'             
     e( 26 - 26) =      5.45505  eV     1   --> A'             
     e( 27 - 27) =      5.87935  eV     1   --> A'             
     e( 28 - 28) =      5.94060  eV     1   --> A''            
     e( 29 - 29) =      9.00216  eV     1   --> A'             
     e( 30 - 30) =      9.78331  eV     1   --> A''            
     e( 31 - 31) =     12.33719  eV     1   --> A'             
     e( 32 - 32) =     12.80671  eV     1   --> A''            
     e( 33 - 33) =     13.10313  eV     1   --> A'             
     e( 34 - 34) =     13.88945  eV     1   --> A''            
     e( 35 - 35) =     14.35250  eV     1   --> A'             
     e( 36 - 36) =     15.56140  eV     1   --> A''            
     e( 37 - 37) =     15.75856  eV     1   --> A'             
     e( 38 - 38) =     16.43531  eV     1   --> A''            
     e( 39 - 39) =     17.36178  eV     1   --> A'             
     e( 40 - 40) =     18.34651  eV     1   --> A'             
     e( 41 - 41) =     18.95443  eV     1   --> A''            
     e( 42 - 42) =     19.29848  eV     1   --> A'             
     e( 43 - 43) =     19.55423  eV     1   --> A''            
     e( 44 - 44) =     21.35173  eV     1   --> A''            
     e( 45 - 45) =     22.96400  eV     1   --> A''            

 **************************************************************************

 **************************************************************************

                    xk=(   0.10739,   0.00000,   0.00000  )

     Band symmetry, C_s (m)     point group:

     e(  1 -  1) =    -39.37250  eV     1   -->   ?
     e(  2 -  2) =    -39.37240  eV     1   -->   ?
     e(  3 -  4) =    -39.37100  eV     2   --> A'             
     e(  3 -  4) =    -39.37100  eV     2   --> A''            
     e(  5 -  5) =    -39.37067  eV     1   -->   ?
     e(  6 -  6) =    -39.37048  eV     1   --> A''            
     e(  7 -  7) =    -39.36535  eV     1   --> A'             
     e(  8 -  8) =    -39.36516  eV     1   --> A''            
     e(  9 -  9) =    -39.36463  eV     1   --> A''            
     e( 10 - 10) =    -39.36446  eV     1   --> A'             
     e( 11 - 11) =    -24.13840  eV     1   --> A''            
     e( 12 - 12) =    -24.13258  eV     1   --> A'             
     e( 13 - 13) =    -24.12460  eV     1   --> A''            
     e( 14 - 14) =    -24.07692  eV     1   --> A''            
     e( 15 - 15) =    -24.07418  eV     1   --> A'             
     e( 16 - 16) =    -24.05849  eV     1   --> A'             
     e( 17 - 17) =    -24.05795  eV     1   --> A''            
     e( 18 - 18) =    -24.05539  eV     1   --> A'             
     e( 19 - 19) =    -24.04062  eV     1   --> A'             
     e( 20 - 20) =    -24.03483  eV     1   --> A''            
     e( 21 - 21) =     -6.37533  eV     1   --> A'             
     e( 22 - 22) =     -5.23320  eV     1   --> A''            
     e( 23 - 23) =      1.14018  eV     1   --> A''            
     e( 24 - 24) =      4.73918  eV     1   --> A''            
     e( 25 - 25) =      5.05278  eV     1   --> A'             
     e( 26 - 26) =      5.44603  eV     1   --> A'             
     e( 27 - 27) =      5.87786  eV     1   --> A'             
     e( 28 - 28) =      5.93882  eV     1   --> A''            
     e( 29 - 29) =      9.01137  eV     1   --> A'             
     e( 30 - 30) =      9.79194  eV     1   --> A''            
     e( 31 - 31) =     12.33200  eV     1   --> A'             
     e( 32 - 32) =     12.80967  eV     1   --> A''            
     e( 33 - 33) =     13.10637  eV     1   --> A'             
     e( 34 - 34) =     13.88648  eV     1   --> A''            
     e( 35 - 35) =     14.35841  eV     1   --> A'             
     e( 36 - 36) =     15.55295  eV     1   --> A''            
     e( 37 - 37) =     15.74915  eV     1   --> A'             
     e( 38 - 38) =     16.43465  eV     1   --> A''            
     e( 39 - 39) =     17.37480  eV     1   --> A'             
     e( 40 - 40) =     18.35186  eV     1   --> A'             
     e( 41 - 41) =     18.96087  eV     1   --> A''            
     e( 42 - 42) =     19.31406  eV     1   --> A'             
     e( 43 - 43) =     19.56697  eV     1   --> A''            
     e( 44 - 44) =     21.34869  eV     1   --> A''            
     e( 45 - 45) =     22.95111  eV     1   --> A''            

 **************************************************************************

 **************************************************************************

                    xk=(   0.10854,   0.00000,   0.00000  )

     Band symmetry, C_s (m)     point group:

     e(  1 -  1) =    -39.37250  eV     1   -->   ?
     e(  2 -  2) =    -39.37240  eV     1   -->   ?
     e(  3 -  4) =    -39.37100  eV     2   --> A'             
     e(  3 -  4) =    -39.37100  eV     2   --> A''            
     e(  5 -  5) =    -39.37067  eV     1   -->   ?
     e(  6 -  6) =    -39.37048  eV     1   --> A''            
     e(  7 -  7) =    -39.36535  eV     1   --> A'             
     e(  8 -  8) =    -39.36516  eV     1   --> A''            
     e(  9 -  9) =    -39.36463  eV     1   --> A''            
     e( 10 - 10) =    -39.36446  eV     1   --> A'             
     e( 11 - 11) =    -24.13836  eV     1   --> A''            
     e( 12 - 12) =    -24.13273  eV     1   --> A'             
     e( 13 - 13) =    -24.12458  eV     1   --> A''            
     e( 14 - 14) =    -24.07690  eV     1   --> A''            
     e( 15 - 15) =    -24.07411  eV     1   --> A'             
     e( 16 - 16) =    -24.05855  eV     1   --> A'             
     e( 17 - 17) =    -24.05803  eV     1   --> A''            
     e( 18 - 18) =    -24.05532  eV     1   --> A'             
     e( 19 - 19) =    -24.04068  eV     1   --> A'             
     e( 20 - 20) =    -24.03479  eV     1   --> A''            
     e( 21 - 21) =     -6.37390  eV     1   --> A'             
     e( 22 - 22) =     -5.23233  eV     1   --> A''            
     e( 23 - 23) =      1.14166  eV     1   --> A''            
     e( 24 - 24) =      4.73034  eV     1   --> A''            
     e( 25 - 25) =      5.04841  eV     1   --> A'             
     e( 26 - 26) =      5.43703  eV     1   --> A'             
     e( 27 - 27) =      5.87635  eV     1   --> A'             
     e( 28 - 28) =      5.93701  eV     1   --> A''            
     e( 29 - 29) =      9.02061  eV     1   --> A'             
     e( 30 - 30) =      9.80060  eV     1   --> A''            
     e( 31 - 31) =     12.32681  eV     1   --> A'             
     e( 32 - 32) =     12.81264  eV     1   --> A''            
     e( 33 - 33) =     13.10963  eV     1   --> A'             
     e( 34 - 34) =     13.88352  eV     1   --> A''            
     e( 35 - 35) =     14.36437  eV     1   --> A'             
     e( 36 - 36) =     15.54448  eV     1   --> A''            
     e( 37 - 37) =     15.73979  eV     1   --> A'             
     e( 38 - 38) =     16.43402  eV     1   --> A''            
     e( 39 - 39) =     17.38787  eV     1   --> A'             
     e( 40 - 40) =     18.35722  eV     1   --> A'             
     e( 41 - 41) =     18.96728  eV     1   --> A''            
     e( 42 - 42) =     19.32974  eV     1   --> A'             
     e( 43 - 43) =     19.57978  eV     1   --> A''            
     e( 44 - 44) =     21.34570  eV     1   --> A''            
     e( 45 - 45) =     22.93823  eV     1   --> A''            

 **************************************************************************

 **************************************************************************

                    xk=(   0.10970,   0.00000,   0.00000  )

     Band symmetry, C_s (m)     point group:

     e(  1 -  1) =    -39.37250  eV     1   -->   ?
     e(  2 -  2) =    -39.37240  eV     1   -->   ?
     e(  3 -  4) =    -39.37100  eV     2   --> A'             
     e(  3 -  4) =    -39.37100  eV     2   --> A''            
     e(  5 -  5) =    -39.37067  eV     1   -->   ?
     e(  6 -  6) =    -39.37048  eV     1   --> A''            
     e(  7 -  7) =    -39.36536  eV     1   --> A'             
     e(  8 -  8) =    -39.36516  eV     1   --> A''            
     e(  9 -  9) =    -39.36463  eV     1   --> A''            
     e( 10 - 10) =    -39.36446  eV     1   --> A'             
     e( 11 - 11) =    -24.13832  eV     1   --> A''            
     e( 12 - 12) =    -24.13289  eV     1   --> A'             
     e( 13 - 13) =    -24.12457  eV     1   --> A''            
     e( 14 - 14) =    -24.07688  eV     1   --> A''            
     e( 15 - 15) =    -24.07404  eV     1   --> A'             
     e( 16 - 16) =    -24.05862  eV     1   --> A'             
     e( 17 - 17) =    -24.05810  eV     1   --> A''            
     e( 18 - 18) =    -24.05525  eV     1   --> A'             
     e( 19 - 19) =    -24.04074  eV     1   --> A'             
     e( 20 - 20) =    -24.03475  eV     1   --> A''            
     e( 21 - 21) =     -6.37246  eV     1   --> A'             
     e( 22 - 22) =     -5.23145  eV     1   --> A''            
     e( 23 - 23) =      1.14316  eV     1   --> A''            
     e( 24 - 24) =      4.72146  eV     1   --> A''            
     e( 25 - 25) =      5.04394  eV     1   --> A'             
     e( 26 - 26) =      5.42805  eV     1   --> A'             
     e( 27 - 27) =      5.87483  eV     1   --> A'             
     e( 28 - 28) =      5.93518  eV     1   --> A''            
     e( 29 - 29) =      9.02987  eV     1   --> A'             
     e( 30 - 30) =      9.80931  eV     1   --> A''            
     e( 31 - 31) =     12.32162  eV     1   --> A'             
     e( 32 - 32) =     12.81562  eV     1   --> A''            
     e( 33 - 33) =     13.11290  eV     1   --> A'             
     e( 34 - 34) =     13.88057  eV     1   --> A''            
     e( 35 - 35) =     14.37039  eV     1   --> A'             
     e( 36 - 36) =     15.53601  eV     1   --> A''            
     e( 37 - 37) =     15.73046  eV     1   --> A'             
     e( 38 - 38) =     16.43339  eV     1   --> A''            
     e( 39 - 39) =     17.40101  eV     1   --> A'             
     e( 40 - 40) =     18.36260  eV     1   --> A'             
     e( 41 - 41) =     18.97366  eV     1   --> A''            
     e( 42 - 42) =     19.34553  eV     1   --> A'             
     e( 43 - 43) =     19.59263  eV     1   --> A''            
     e( 44 - 44) =     21.34278  eV     1   --> A''            
     e( 45 - 45) =     22.92538  eV     1   --> A''            

 **************************************************************************

 **************************************************************************

                    xk=(   0.11085,   0.00000,   0.00000  )

     Band symmetry, C_s (m)     point group:

     e(  1 -  1) =    -39.37250  eV     1   -->   ?
     e(  2 -  2) =    -39.37240  eV     1   -->   ?
     e(  3 -  4) =    -39.37100  eV     2   --> A'             
     e(  3 -  4) =    -39.37100  eV     2   --> A''            
     e(  5 -  5) =    -39.37068  eV     1   -->   ?
     e(  6 -  6) =    -39.37048  eV     1   --> A''            
     e(  7 -  7) =    -39.36536  eV     1   --> A'             
     e(  8 -  8) =    -39.36516  eV     1   --> A''            
     e(  9 -  9) =    -39.36463  eV     1   --> A''            
     e( 10 - 10) =    -39.36446  eV     1   --> A'             
     e( 11 - 11) =    -24.13828  eV     1   --> A''            
     e( 12 - 12) =    -24.13304  eV     1   --> A'             
     e( 13 - 13) =    -24.12455  eV     1   --> A''            
     e( 14 - 14) =    -24.07686  eV     1   --> A''            
     e( 15 - 15) =    -24.07397  eV     1   --> A'             
     e( 16 - 16) =    -24.05869  eV     1   --> A'             
     e( 17 - 17) =    -24.05818  eV     1   --> A''            
     e( 18 - 18) =    -24.05517  eV     1   --> A'             
     e( 19 - 19) =    -24.04080  eV     1   --> A'             
     e( 20 - 20) =    -24.03471  eV     1   --> A''            
     e( 21 - 21) =     -6.37100  eV     1   --> A'             
     e( 22 - 22) =     -5.23056  eV     1   --> A''            
     e( 23 - 23) =      1.14466  eV     1   --> A''            
     e( 24 - 24) =      4.71254  eV     1   --> A''            
     e( 25 - 25) =      5.03939  eV     1   --> A'             
     e( 26 - 26) =      5.41910  eV     1   --> A'             
     e( 27 - 27) =      5.87329  eV     1   --> A'             
     e( 28 - 28) =      5.93333  eV     1   --> A''            
     e( 29 - 29) =      9.03916  eV     1   --> A'             
     e( 30 - 30) =      9.81805  eV     1   --> A''            
     e( 31 - 31) =     12.31643  eV     1   --> A'             
     e( 32 - 32) =     12.81860  eV     1   --> A''            
     e( 33 - 33) =     13.11619  eV     1   --> A'             
     e( 34 - 34) =     13.87763  eV     1   --> A''            
     e( 35 - 35) =     14.37646  eV     1   --> A'             
     e( 36 - 36) =     15.52754  eV     1   --> A''            
     e( 37 - 37) =     15.72118  eV     1   --> A'             
     e( 38 - 38) =     16.43279  eV     1   --> A''            
     e( 39 - 39) =     17.41420  eV     1   --> A'             
     e( 40 - 40) =     18.36800  eV     1   --> A'             
     e( 41 - 41) =     18.98001  eV     1   --> A''            
     e( 42 - 42) =     19.36143  eV     1   --> A'             
     e( 43 - 43) =     19.60555  eV     1   --> A''            
     e( 44 - 44) =     21.33991  eV     1   --> A''            
     e( 45 - 45) =     22.91255  eV     1   --> A''            

 **************************************************************************

 **************************************************************************

                    xk=(   0.11201,   0.00000,   0.00000  )

     Band symmetry, C_s (m)     point group:

     e(  1 -  2) =    -39.37251  eV     2   --> A'             
     e(  1 -  2) =    -39.37251  eV     2   --> A''            
     e(  3 -  4) =    -39.37100  eV     2   --> A'             
     e(  3 -  4) =    -39.37100  eV     2   --> A''            
     e(  5 -  5) =    -39.37068  eV     1   -->   ?
     e(  6 -  6) =    -39.37048  eV     1   --> A''            
     e(  7 -  7) =    -39.36536  eV     1   --> A'             
     e(  8 -  8) =    -39.36516  eV     1   --> A''            
     e(  9 -  9) =    -39.36463  eV     1   --> A''            
     e( 10 - 10) =    -39.36446  eV     1   --> A'             
     e( 11 - 11) =    -24.13825  eV     1   --> A''            
     e( 12 - 12) =    -24.13320  eV     1   --> A'             
     e( 13 - 13) =    -24.12454  eV     1   --> A''            
     e( 14 - 14) =    -24.07684  eV     1   --> A''            
     e( 15 - 15) =    -24.07390  eV     1   --> A'             
     e( 16 - 16) =    -24.05877  eV     1   --> A'             
     e( 17 - 17) =    -24.05825  eV     1   --> A''            
     e( 18 - 18) =    -24.05510  eV     1   --> A'             
     e( 19 - 19) =    -24.04086  eV     1   --> A'             
     e( 20 - 20) =    -24.03467  eV     1   --> A''            
     e( 21 - 21) =     -6.36953  eV     1   --> A'             
     e( 22 - 22) =     -5.22967  eV     1   --> A''            
     e( 23 - 23) =      1.14619  eV     1   --> A''            
     e( 24 - 24) =      4.70358  eV     1   --> A''            
     e( 25 - 25) =      5.03473  eV     1   --> A'             
     e( 26 - 26) =      5.41019  eV     1   --> A'             
     e( 27 - 27) =      5.87174  eV     1   --> A'             
     e( 28 - 28) =      5.93146  eV     1   --> A''            
     e( 29 - 29) =      9.04847  eV     1   --> A'             
     e( 30 - 30) =      9.82682  eV     1   --> A''            
     e( 31 - 31) =     12.31123  eV     1   --> A'             
     e( 32 - 32) =     12.82158  eV     1   --> A''            
     e( 33 - 33) =     13.11950  eV     1   --> A'             
     e( 34 - 34) =     13.87470  eV     1   --> A''            
     e( 35 - 35) =     14.38259  eV     1   --> A'             
     e( 36 - 36) =     15.51907  eV     1   --> A''            
     e( 37 - 37) =     15.71195  eV     1   --> A'             
     e( 38 - 38) =     16.43219  eV     1   --> A''            
     e( 39 - 39) =     17.42744  eV     1   --> A'             
     e( 40 - 40) =     18.37342  eV     1   --> A'             
     e( 41 - 41) =     18.98633  eV     1   --> A''            
     e( 42 - 42) =     19.37743  eV     1   --> A'             
     e( 43 - 43) =     19.61852  eV     1   --> A''            
     e( 44 - 44) =     21.33711  eV     1   --> A''            
     e( 45 - 45) =     22.89975  eV     1   --> A''            

 **************************************************************************

 **************************************************************************

                    xk=(   0.11316,   0.00000,   0.00000  )

     Band symmetry, C_s (m)     point group:

     e(  1 -  2) =    -39.37251  eV     2   --> A'             
     e(  1 -  2) =    -39.37251  eV     2   --> A''            
     e(  3 -  4) =    -39.37100  eV     2   --> A'             
     e(  3 -  4) =    -39.37100  eV     2   --> A''            
     e(  5 -  5) =    -39.37068  eV     1   -->   ?
     e(  6 -  6) =    -39.37048  eV     1   --> A''            
     e(  7 -  7) =    -39.36536  eV     1   --> A'             
     e(  8 -  8) =    -39.36516  eV     1   --> A''            
     e(  9 -  9) =    -39.36463  eV     1   --> A''            
     e( 10 - 10) =    -39.36446  eV     1   --> A'             
     e( 11 - 11) =    -24.13821  eV     1   --> A''            
     e( 12 - 12) =    -24.13336  eV     1   --> A'             
     e( 13 - 13) =    -24.12452  eV     1   --> A''            
     e( 14 - 14) =    -24.07682  eV     1   --> A''            
     e( 15 - 15) =    -24.07383  eV     1   --> A'             
     e( 16 - 16) =    -24.05885  eV     1   --> A'             
     e( 17 - 17) =    -24.05833  eV     1   --> A''            
     e( 18 - 18) =    -24.05502  eV     1   --> A'             
     e( 19 - 19) =    -24.04091  eV     1   --> A'             
     e( 20 - 20) =    -24.03463  eV     1   --> A''            
     e( 21 - 21) =     -6.36805  eV     1   --> A'             
     e( 22 - 22) =     -5.22876  eV     1   --> A''            
     e( 23 - 23) =      1.14772  eV     1   --> A''            
     e( 24 - 24) =      4.69459  eV     1   --> A''            
     e( 25 - 25) =      5.02998  eV     1   --> A'             
     e( 26 - 26) =      5.40130  eV     1   --> A'             
     e( 27 - 27) =      5.87016  eV     1   --> A'             
     e( 28 - 28) =      5.92956  eV     1   --> A''            
     e( 29 - 29) =      9.05780  eV     1   --> A'             
     e( 30 - 30) =      9.83562  eV     1   --> A''            
     e( 31 - 31) =     12.30604  eV     1   --> A'             
     e( 32 - 32) =     12.82456  eV     1   --> A''            
     e( 33 - 33) =     13.12282  eV     1   --> A'             
     e( 34 - 34) =     13.87179  eV     1   --> A''            
     e( 35 - 35) =     14.38877  eV     1   --> A'             
     e( 36 - 36) =     15.51060  eV     1   --> A''            
     e( 37 - 37) =     15.70276  eV     1   --> A'             
     e( 38 - 38) =     16.43161  eV     1   --> A''            
     e( 39 - 39) =     17.44073  eV     1   --> A'             
     e( 40 - 40) =     18.37887  eV     1   --> A'             
     e( 41 - 41) =     18.99262  eV     1   --> A''            
     e( 42 - 42) =     19.39352  eV     1   --> A'             
     e( 43 - 43) =     19.63155  eV     1   --> A''            
     e( 44 - 44) =     21.33437  eV     1   --> A''            
     e( 45 - 45) =     22.88699  eV     1   --> A''            

 **************************************************************************

 **************************************************************************

                    xk=(   0.11432,   0.00000,   0.00000  )

     Band symmetry, C_s (m)     point group:

     e(  1 -  2) =    -39.37251  eV     2   --> A'             
     e(  1 -  2) =    -39.37251  eV     2   --> A''            
     e(  3 -  4) =    -39.37100  eV     2   --> A'             
     e(  3 -  4) =    -39.37100  eV     2   --> A''            
     e(  5 -  5) =    -39.37068  eV     1   -->   ?
     e(  6 -  6) =    -39.37048  eV     1   --> A''            
     e(  7 -  7) =    -39.36536  eV     1   --> A'             
     e(  8 -  8) =    -39.36516  eV     1   --> A''            
     e(  9 -  9) =    -39.36464  eV     1   --> A''            
     e( 10 - 10) =    -39.36446  eV     1   --> A'             
     e( 11 - 11) =    -24.13817  eV     1   --> A''            
     e( 12 - 12) =    -24.13351  eV     1   --> A'             
     e( 13 - 13) =    -24.12450  eV     1   --> A''            
     e( 14 - 14) =    -24.07680  eV     1   --> A''            
     e( 15 - 15) =    -24.07376  eV     1   --> A'             
     e( 16 - 16) =    -24.05893  eV     1   --> A'             
     e( 17 - 17) =    -24.05840  eV     1   --> A''            
     e( 18 - 18) =    -24.05494  eV     1   --> A'             
     e( 19 - 19) =    -24.04097  eV     1   --> A'             
     e( 20 - 20) =    -24.03459  eV     1   --> A''            
     e( 21 - 21) =     -6.36654  eV     1   --> A'             
     e( 22 - 22) =     -5.22785  eV     1   --> A''            
     e( 23 - 23) =      1.14927  eV     1   --> A''            
     e( 24 - 24) =      4.68555  eV     1   --> A''            
     e( 25 - 25) =      5.02512  eV     1   --> A'             
     e( 26 - 26) =      5.39245  eV     1   --> A'             
     e( 27 - 27) =      5.86858  eV     1   --> A'             
     e( 28 - 28) =      5.92764  eV     1   --> A''            
     e( 29 - 29) =      9.06715  eV     1   --> A'             
     e( 30 - 30) =      9.84446  eV     1   --> A''            
     e( 31 - 31) =     12.30085  eV     1   --> A'             
     e( 32 - 32) =     12.82754  eV     1   --> A''            
     e( 33 - 33) =     13.12616  eV     1   --> A'             
     e( 34 - 34) =     13.86889  eV     1   --> A''            
     e( 35 - 35) =     14.39501  eV     1   --> A'             
     e( 36 - 36) =     15.50214  eV     1   --> A''            
     e( 37 - 37) =     15.69362  eV     1   --> A'             
     e( 38 - 38) =     16.43104  eV     1   --> A''            
     e( 39 - 39) =     17.45408  eV     1   --> A'             
     e( 40 - 40) =     18.38436  eV     1   --> A'             
     e( 41 - 41) =     18.99886  eV     1   --> A''            
     e( 42 - 42) =     19.40972  eV     1   --> A'             
     e( 43 - 43) =     19.64464  eV     1   --> A''            
     e( 44 - 44) =     21.33170  eV     1   --> A''            
     e( 45 - 45) =     22.87425  eV     1   --> A''            

 **************************************************************************

 **************************************************************************

                    xk=(   0.11547,   0.00000,   0.00000  )

     Band symmetry, C_s (m)     point group:

     e(  1 -  2) =    -39.37251  eV     2   --> A'             
     e(  1 -  2) =    -39.37251  eV     2   --> A''            
     e(  3 -  4) =    -39.37100  eV     2   --> A'             
     e(  3 -  4) =    -39.37100  eV     2   --> A''            
     e(  5 -  5) =    -39.37068  eV     1   -->   ?
     e(  6 -  6) =    -39.37049  eV     1   --> A''            
     e(  7 -  7) =    -39.36536  eV     1   --> A'             
     e(  8 -  8) =    -39.36516  eV     1   --> A''            
     e(  9 -  9) =    -39.36464  eV     1   --> A''            
     e( 10 - 10) =    -39.36446  eV     1   --> A'             
     e( 11 - 11) =    -24.13814  eV     1   --> A''            
     e( 12 - 12) =    -24.13367  eV     1   --> A'             
     e( 13 - 13) =    -24.12448  eV     1   --> A''            
     e( 14 - 14) =    -24.07678  eV     1   --> A''            
     e( 15 - 15) =    -24.07369  eV     1   --> A'             
     e( 16 - 16) =    -24.05902  eV     1   --> A'             
     e( 17 - 17) =    -24.05848  eV     1   --> A''            
     e( 18 - 18) =    -24.05485  eV     1   --> A'             
     e( 19 - 19) =    -24.04103  eV     1   --> A'             
     e( 20 - 20) =    -24.03455  eV     1   --> A''            
     e( 21 - 21) =     -6.36503  eV     1   --> A'             
     e( 22 - 22) =     -5.22693  eV     1   --> A''            
     e( 23 - 23) =      1.15084  eV     1   --> A''            
     e( 24 - 24) =      4.67647  eV     1   --> A''            
     e( 25 - 25) =      5.02016  eV     1   --> A'             
     e( 26 - 26) =      5.38364  eV     1   --> A'             
     e( 27 - 27) =      5.86697  eV     1   --> A'             
     e( 28 - 28) =      5.92570  eV     1   --> A''            
     e( 29 - 29) =      9.07652  eV     1   --> A'             
     e( 30 - 30) =      9.85332  eV     1   --> A''            
     e( 31 - 31) =     12.29566  eV     1   --> A'             
     e( 32 - 32) =     12.83051  eV     1   --> A''            
     e( 33 - 33) =     13.12952  eV     1   --> A'             
     e( 34 - 34) =     13.86601  eV     1   --> A''            
     e( 35 - 35) =     14.40130  eV     1   --> A'             
     e( 36 - 36) =     15.49369  eV     1   --> A''            
     e( 37 - 37) =     15.68453  eV     1   --> A'             
     e( 38 - 38) =     16.43049  eV     1   --> A''            
     e( 39 - 39) =     17.46746  eV     1   --> A'             
     e( 40 - 40) =     18.38987  eV     1   --> A'             
     e( 41 - 41) =     19.00506  eV     1   --> A''            
     e( 42 - 42) =     19.42601  eV     1   --> A'             
     e( 43 - 43) =     19.65778  eV     1   --> A''            
     e( 44 - 44) =     21.32909  eV     1   --> A''            
     e( 45 - 45) =     22.86156  eV     1   --> A''            

 **************************************************************************

     BANDS        :   1m 4.88s CPU   1m 9.32s WALL


   This run was terminated on:   0:43:59  22Jul2026            

=------------------------------------------------------------------------------=
   JOB DONE.
=------------------------------------------------------------------------------=
